<?xml version="1.0" encoding="UTF-8"?>
<list id="1">
  <org.openmrs.Role id="2" uuid="2107293d-d104-40d2-a7bf-d5c40e3f012e">
    <description>Provides medical services at La Colline hospital</description>
    <retired>false</retired>
    <role>LacollineProvider</role>
    <privileges id="3">
      <org.openmrs.Privilege id="4" uuid="151459ea-15f5-102d-96e4-000c29c2a5d7">
        <description>Able to view patients</description>
        <retired>false</retired>
        <privilege>View Patients</privilege>
      </org.openmrs.Privilege>
      <org.openmrs.Privilege id="5" uuid="15144194-15f5-102d-96e4-000c29c2a5d7">
        <description>Able to view concept entries</description>
        <retired>false</retired>
        <privilege>View Concepts</privilege>
      </org.openmrs.Privilege>
      <org.openmrs.Privilege id="6" uuid="15145706-15f5-102d-96e4-000c29c2a5d7">
        <description>Able to view patient identifiers</description>
        <retired>false</retired>
        <privilege>View Patient Identifiers</privilege>
      </org.openmrs.Privilege>
      <org.openmrs.Privilege id="7" uuid="15145ada-15f5-102d-96e4-000c29c2a5d7">
        <description>Able to view person objects</description>
        <retired>false</retired>
        <privilege>View People</privilege>
      </org.openmrs.Privilege>
      <org.openmrs.Privilege id="8" uuid="1514526a-15f5-102d-96e4-000c29c2a5d7">
        <description>Able to view patient observations</description>
        <retired>false</retired>
        <privilege>View Observations</privilege>
      </org.openmrs.Privilege>
      <org.openmrs.Privilege id="9" uuid="1514443c-15f5-102d-96e4-000c29c2a5d7">
        <description>Able to view patient encounters</description>
        <retired>false</retired>
        <privilege>View Encounters</privilege>
      </org.openmrs.Privilege>
    </privileges>
    <inheritedRoles id="10">
      <org.openmrs.Role id="11" uuid="8d94f280-c2cc-11de-8d13-0010c6dffd0f">
        <description>Health care provider</description>
        <retired>false</retired>
        <role>Provider</role>
        <privileges id="12"/>
        <inheritedRoles id="13"/>
        <childRoles id="14">
          <org.openmrs.Role id="15" uuid="158bf6d0-15f5-102d-96e4-000c29c2a5d7">
            <description>Community health worker</description>
            <retired>false</retired>
            <role>Accompagnateur</role>
            <privileges id="16"/>
            <inheritedRoles id="17">
              <org.openmrs.Role reference="11"/>
            </inheritedRoles>
            <childRoles id="18">
              <org.openmrs.Role id="19" uuid="158bf8ba-15f5-102d-96e4-000c29c2a5d7">
                <description>Responsible for overseeing up to 30 Accompagnateurs</description>
                <retired>false</retired>
                <role>Accompagnateur Leader</role>
                <privileges id="20"/>
                <inheritedRoles id="21">
                  <org.openmrs.Role reference="15"/>
                </inheritedRoles>
                <childRoles id="22"/>
              </org.openmrs.Role>
            </childRoles>
          </org.openmrs.Role>
          <org.openmrs.Role id="23" uuid="158bfcb6-15f5-102d-96e4-000c29c2a5d7">
            <description>Users who are a part of direct patient care.</description>
            <retired>false</retired>
            <role>Clinician</role>
            <privileges id="24"/>
            <inheritedRoles id="25">
              <org.openmrs.Role reference="11"/>
              <org.openmrs.Role id="26" uuid="341cbb9e-0370-102d-b0e3-001ec94a0cc1">
                <description>Temporary role to give all privileges to everyone</description>
                <retired>false</retired>
                <role>Everything</role>
                <privileges id="27">
                  <org.openmrs.Privilege id="28" uuid="1513c8d6-15f5-102d-96e4-000c29c2a5d7">
                    <description>Able to delete patients from programs</description>
                    <retired>false</retired>
                    <privilege>Delete Patient Programs</privilege>
                  </org.openmrs.Privilege>
                  <org.openmrs.Privilege id="29" uuid="15144bd0-15f5-102d-96e4-000c29c2a5d7">
                    <description>Able to view forms</description>
                    <retired>false</retired>
                    <privilege>View Forms</privilege>
                  </org.openmrs.Privilege>
                  <org.openmrs.Privilege id="30" uuid="1513adec-15f5-102d-96e4-000c29c2a5d7">
                    <description>Able to add a cohort to the system</description>
                    <retired>false</retired>
                    <privilege>Delete Cohorts</privilege>
                  </org.openmrs.Privilege>
                  <org.openmrs.Privilege id="31" uuid="1513d542-15f5-102d-96e4-000c29c2a5d7">
                    <description>Allows the user to edit the formentry queue</description>
                    <retired>false</retired>
                    <privilege>Edit FormEntry Queue</privilege>
                  </org.openmrs.Privilege>
                  <org.openmrs.Privilege id="32" uuid="1513a8b0-15f5-102d-96e4-000c29c2a5d7">
                    <description>Able to add relationships</description>
                    <retired>false</retired>
                    <privilege>Add Relationships</privilege>
                  </org.openmrs.Privilege>
                  <org.openmrs.Privilege id="33" uuid="1513c700-15f5-102d-96e4-000c29c2a5d7">
                    <description>Able to delete orders</description>
                    <retired>false</retired>
                    <privilege>Delete Orders</privilege>
                  </org.openmrs.Privilege>
                  <org.openmrs.Privilege id="34" uuid="1513a158-15f5-102d-96e4-000c29c2a5d7">
                    <description>Allows user to add a queue item to database</description>
                    <retired>false</retired>
                    <privilege>Add FormEntry Queue</privilege>
                  </org.openmrs.Privilege>
                  <org.openmrs.Privilege id="35" uuid="15140080-15f5-102d-96e4-000c29c2a5d7">
                    <description>Able to add/edit/delete forms</description>
                    <retired>false</retired>
                    <privilege>Manage Forms</privilege>
                  </org.openmrs.Privilege>
                  <org.openmrs.Privilege id="36" uuid="151478d0-15f5-102d-96e4-000c29c2a5d7">
                    <description>Able to view user roles</description>
                    <retired>false</retired>
                    <privilege>View Roles</privilege>
                  </org.openmrs.Privilege>
                  <org.openmrs.Privilege id="37" uuid="15146250-15f5-102d-96e4-000c29c2a5d7">
                    <description>Able to view user privileges</description>
                    <retired>false</retired>
                    <privilege>View Privileges</privilege>
                  </org.openmrs.Privilege>
                  <org.openmrs.Privilege id="38" uuid="15144608-15f5-102d-96e4-000c29c2a5d7">
                    <description>Allows the user to view the formentry archive</description>
                    <retired>false</retired>
                    <privilege>View FormEntry Archive</privilege>
                  </org.openmrs.Privilege>
                  <org.openmrs.Privilege id="39" uuid="1513d7ea-15f5-102d-96e4-000c29c2a5d7">
                    <description>Able to edit orders</description>
                    <retired>false</retired>
                    <privilege>Edit Orders</privilege>
                  </org.openmrs.Privilege>
                  <org.openmrs.Privilege id="40" uuid="15142876-15f5-102d-96e4-000c29c2a5d7">
                    <description>Able to view the &apos;Summary&apos; tab on the patient dashboard</description>
                    <retired>false</retired>
                    <privilege>Patient Dashboard - View Patient Summary</privilege>
                  </org.openmrs.Privilege>
                  <org.openmrs.Privilege id="41" uuid="15142a6a-15f5-102d-96e4-000c29c2a5d7">
                    <description>Able to purge field types</description>
                    <retired>false</retired>
                    <privilege>Purge Field Types</privilege>
                  </org.openmrs.Privilege>
                  <org.openmrs.Privilege id="42" uuid="1513a98c-15f5-102d-96e4-000c29c2a5d7">
                    <description>Able to add report objects</description>
                    <retired>false</retired>
                    <privilege>Add Report Objects</privilege>
                  </org.openmrs.Privilege>
                  <org.openmrs.Privilege id="43" uuid="15142c22-15f5-102d-96e4-000c29c2a5d7">
                    <description>Able to view the &apos;Administration&apos; link in the navigation bar</description>
                    <retired>false</retired>
                    <privilege>View Administration Functions</privilege>
                  </org.openmrs.Privilege>
                  <org.openmrs.Privilege id="44" uuid="15142eca-15f5-102d-96e4-000c29c2a5d7">
                    <description>Able to view concept proposals to the system</description>
                    <retired>false</retired>
                    <privilege>View Concept Proposals</privilege>
                  </org.openmrs.Privilege>
                  <org.openmrs.Privilege id="45" uuid="15147ac4-15f5-102d-96e4-000c29c2a5d7">
                    <description>Able to view users in OpenMRS</description>
                    <retired>false</retired>
                    <privilege>View Users</privilege>
                  </org.openmrs.Privilege>
                  <org.openmrs.Privilege id="46" uuid="1513f1ee-15f5-102d-96e4-000c29c2a5d7">
                    <description>Able to edit reports</description>
                    <retired>false</retired>
                    <privilege>Edit Reports</privilege>
                  </org.openmrs.Privilege>
                  <org.openmrs.Privilege id="47" uuid="15139c76-15f5-102d-96e4-000c29c2a5d7">
                    <description>Able to add concept proposals to the system</description>
                    <retired>false</retired>
                    <privilege>Add Concept Proposals</privilege>
                  </org.openmrs.Privilege>
                  <org.openmrs.Privilege id="48" uuid="1513f856-15f5-102d-96e4-000c29c2a5d7">
                    <description>Able to add/edit/delete user alerts</description>
                    <retired>false</retired>
                    <privilege>Manage Alerts</privilege>
                  </org.openmrs.Privilege>
                  <org.openmrs.Privilege id="49" uuid="151446ee-15f5-102d-96e4-000c29c2a5d7">
                    <description>Allows a user to view a formentry error</description>
                    <retired>false</retired>
                    <privilege>View FormEntry Error</privilege>
                  </org.openmrs.Privilege>
                  <org.openmrs.Privilege id="50" uuid="15144e78-15f5-102d-96e4-000c29c2a5d7">
                    <description>Able to view locations</description>
                    <retired>false</retired>
                    <privilege>View Locations</privilege>
                  </org.openmrs.Privilege>
                  <org.openmrs.Privilege id="51" uuid="1513fb08-15f5-102d-96e4-000c29c2a5d7">
                    <description>Able to add/edit/delete concept sources</description>
                    <retired>false</retired>
                    <privilege>Manage Concept Sources</privilege>
                  </org.openmrs.Privilege>
                  <org.openmrs.Privilege id="52" uuid="1513fce8-15f5-102d-96e4-000c29c2a5d7">
                    <description>Able to add/edit/delete encounter types</description>
                    <retired>false</retired>
                    <privilege>Manage Encounter Types</privilege>
                  </org.openmrs.Privilege>
                  <org.openmrs.Privilege id="53" uuid="15144aea-15f5-102d-96e4-000c29c2a5d7">
                    <description>Allows user to view the queue items</description>
                    <retired>false</retired>
                    <privilege>View FormEntry Queue</privilege>
                  </org.openmrs.Privilege>
                  <org.openmrs.Privilege id="54" uuid="1514452c-15f5-102d-96e4-000c29c2a5d7">
                    <description>Able to view field types</description>
                    <retired>false</retired>
                    <privilege>View Field Types</privilege>
                  </org.openmrs.Privilege>
                  <org.openmrs.Privilege id="55" uuid="151475e2-15f5-102d-96e4-000c29c2a5d7">
                    <description>Able to view relationships</description>
                    <retired>false</retired>
                    <privilege>View Relationships</privilege>
                  </org.openmrs.Privilege>
                  <org.openmrs.Privilege id="56" uuid="15144cb6-15f5-102d-96e4-000c29c2a5d7">
                    <description>Able to view global properties on the administration screen</description>
                    <retired>false</retired>
                    <privilege>View Global Properties</privilege>
                  </org.openmrs.Privilege>
                  <org.openmrs.Privilege id="57" uuid="1513a612-15f5-102d-96e4-000c29c2a5d7">
                    <description>Able to add patients to programs</description>
                    <retired>false</retired>
                    <privilege>Add Patient Programs</privilege>
                  </org.openmrs.Privilege>
                  <org.openmrs.Privilege id="58" uuid="1513a068-15f5-102d-96e4-000c29c2a5d7">
                    <description>Allows a user to add a formentry error item</description>
                    <retired>false</retired>
                    <privilege>Add FormEntry Error</privilege>
                  </org.openmrs.Privilege>
                  <org.openmrs.Privilege id="59" uuid="1513c44e-15f5-102d-96e4-000c29c2a5d7">
                    <description>Allows the user to delete formentry queue items</description>
                    <retired>false</retired>
                    <privilege>Delete FormEntry Queue</privilege>
                  </org.openmrs.Privilege>
                  <org.openmrs.Privilege id="60" uuid="1513d45c-15f5-102d-96e4-000c29c2a5d7">
                    <description>Allows a user to edit a formentry error item</description>
                    <retired>false</retired>
                    <privilege>Edit FormEntry Error</privilege>
                  </org.openmrs.Privilege>
                  <org.openmrs.Privilege id="61" uuid="1513974e-15f5-102d-96e4-000c29c2a5d7">
                    <description>Able to add a cohort to the system</description>
                    <retired>false</retired>
                    <privilege>Add Cohorts</privilege>
                  </org.openmrs.Privilege>
                  <org.openmrs.Privilege id="62" uuid="15144f5e-15f5-102d-96e4-000c29c2a5d7">
                    <description>Ability to see the navigation menu</description>
                    <retired>false</retired>
                    <privilege>View Navigation Menu</privilege>
                  </org.openmrs.Privilege>
                  <org.openmrs.Privilege id="63" uuid="15144d92-15f5-102d-96e4-000c29c2a5d7">
                    <description>Able to view patient identifier types</description>
                    <retired>false</retired>
                    <privilege>View Identifier Types</privilege>
                  </org.openmrs.Privilege>
                  <org.openmrs.Privilege id="64" uuid="151421d2-15f5-102d-96e4-000c29c2a5d7">
                    <description>Able to add/edit/delete user roles</description>
                    <retired>false</retired>
                    <privilege>Manage Roles</privilege>
                  </org.openmrs.Privilege>
                  <org.openmrs.Privilege id="65" uuid="1513ff9a-15f5-102d-96e4-000c29c2a5d7">
                    <description>Allows user to upload and edit the xsns stored on the server</description>
                    <retired>false</retired>
                    <privilege>Manage FormEntry XSN</privilege>
                  </org.openmrs.Privilege>
                  <org.openmrs.Privilege id="66" uuid="1513d0c4-15f5-102d-96e4-000c29c2a5d7">
                    <description>Able to edit concept proposals in the system</description>
                    <retired>false</retired>
                    <privilege>Edit Concept Proposals</privilege>
                  </org.openmrs.Privilege>
                  <org.openmrs.Privilege id="67" uuid="1513c9bc-15f5-102d-96e4-000c29c2a5d7">
                    <description>Able to delete patients</description>
                    <retired>false</retired>
                    <privilege>Delete Patients</privilege>
                  </org.openmrs.Privilege>
                  <org.openmrs.Privilege id="68" uuid="1513c26e-15f5-102d-96e4-000c29c2a5d7">
                    <description>Allows the user to delete a formentry archive</description>
                    <retired>false</retired>
                    <privilege>Delete FormEntry Archive</privilege>
                  </org.openmrs.Privilege>
                  <org.openmrs.Privilege id="69" uuid="1513aedc-15f5-102d-96e4-000c29c2a5d7">
                    <description>Able to delete concept proposals from the system</description>
                    <retired>false</retired>
                    <privilege>Delete Concept Proposals</privilege>
                  </org.openmrs.Privilege>
                  <org.openmrs.Privilege id="70" uuid="15145bc0-15f5-102d-96e4-000c29c2a5d7">
                    <description>Able to view person attribute types</description>
                    <retired>false</retired>
                    <privilege>View Person Attribute Types</privilege>
                  </org.openmrs.Privilege>
                  <org.openmrs.Privilege id="71" uuid="1513cc64-15f5-102d-96e4-000c29c2a5d7">
                    <description>Able to delete report objects</description>
                    <retired>false</retired>
                    <privilege>Delete Report Objects</privilege>
                  </org.openmrs.Privilege>
                  <org.openmrs.Privilege id="72" uuid="1513fdc4-15f5-102d-96e4-000c29c2a5d7">
                    <description>Able to add/edit/retire field types</description>
                    <retired>false</retired>
                    <privilege>Manage Field Types</privilege>
                  </org.openmrs.Privilege>
                  <org.openmrs.Privilege id="73" uuid="151416a6-15f5-102d-96e4-000c29c2a5d7">
                    <description>Able to add/edit/retire order types</description>
                    <retired>false</retired>
                    <privilege>Manage Order Types</privilege>
                  </org.openmrs.Privilege>
                  <org.openmrs.Privilege id="74" uuid="15140332-15f5-102d-96e4-000c29c2a5d7">
                    <description>Able to add/edit/delete patient identifier types</description>
                    <retired>false</retired>
                    <privilege>Manage Identifier Types</privilege>
                  </org.openmrs.Privilege>
                  <org.openmrs.Privilege id="75" uuid="15141a52-15f5-102d-96e4-000c29c2a5d7">
                    <description>Able to add/edit/delete privileges</description>
                    <retired>false</retired>
                    <privilege>Manage Privileges</privilege>
                  </org.openmrs.Privilege>
                  <org.openmrs.Privilege id="76" uuid="1513e974-15f5-102d-96e4-000c29c2a5d7">
                    <description>Able to edit patient identifiers</description>
                    <retired>false</retired>
                    <privilege>Edit Patient Identifiers</privilege>
                  </org.openmrs.Privilege>
                  <org.openmrs.Privilege id="77" uuid="1513caa2-15f5-102d-96e4-000c29c2a5d7">
                    <description>Able to delete objects</description>
                    <retired>false</retired>
                    <privilege>Delete People</privilege>
                  </org.openmrs.Privilege>
                  <org.openmrs.Privilege id="78" uuid="15141dea-15f5-102d-96e4-000c29c2a5d7">
                    <description>Base privilege for add/edit/delete reporting definitions. This gives access to the administrative menus, but you need to grant additional privileges to manage each specific type of reporting definition</description>
                    <retired>false</retired>
                    <privilege>Manage Reports</privilege>
                  </org.openmrs.Privilege>
                  <org.openmrs.Privilege id="79" uuid="1513aa72-15f5-102d-96e4-000c29c2a5d7">
                    <description>Able to add reports</description>
                    <retired>false</retired>
                    <privilege>Add Reports</privilege>
                  </org.openmrs.Privilege>
                  <org.openmrs.Privilege reference="5"/>
                  <org.openmrs.Privilege id="80" uuid="1513f3ec-15f5-102d-96e4-000c29c2a5d7">
                    <description>Able to edit users in OpenMRS</description>
                    <retired>false</retired>
                    <privilege>Edit Users</privilege>
                  </org.openmrs.Privilege>
                  <org.openmrs.Privilege id="81" uuid="15146340-15f5-102d-96e4-000c29c2a5d7">
                    <description>Able to view patient programs</description>
                    <retired>false</retired>
                    <privilege>View Programs</privilege>
                  </org.openmrs.Privilege>
                  <org.openmrs.Privilege id="82" uuid="15139e92-15f5-102d-96e4-000c29c2a5d7">
                    <description>Able to add patient encounters</description>
                    <retired>false</retired>
                    <privilege>Add Encounters</privilege>
                  </org.openmrs.Privilege>
                  <org.openmrs.Privilege id="83" uuid="151474e8-15f5-102d-96e4-000c29c2a5d7">
                    <description>Able to view relationship types</description>
                    <retired>false</retired>
                    <privilege>View Relationship Types</privilege>
                  </org.openmrs.Privilege>
                  <org.openmrs.Privilege id="84" uuid="15a9e05a-1c04-4463-9296-a98c8acc8b3d">
                    <description>Allows user to generate a batch of identifiers to a file for offline use</description>
                    <retired>false</retired>
                    <privilege>Generate Batch of Identifiers</privilege>
                  </org.openmrs.Privilege>
                  <org.openmrs.Privilege id="85" uuid="15141c1e-15f5-102d-96e4-000c29c2a5d7">
                    <description>Able to add/edit/retire relationship types</description>
                    <retired>false</retired>
                    <privilege>Manage Relationship Types</privilege>
                  </org.openmrs.Privilege>
                  <org.openmrs.Privilege id="86" uuid="1514239e-15f5-102d-96e4-000c29c2a5d7">
                    <description>Able to view the &apos;Demographics&apos; tab on the patient dashboard</description>
                    <retired>false</retired>
                    <privilege>Patient Dashboard - View Demographics Section</privilege>
                  </org.openmrs.Privilege>
                  <org.openmrs.Privilege id="87" uuid="1513c354-15f5-102d-96e4-000c29c2a5d7">
                    <description>Allows a user to delete a formentry error item</description>
                    <retired>false</retired>
                    <privilege>Delete FormEntry Error</privilege>
                  </org.openmrs.Privilege>
                  <org.openmrs.Privilege id="88" uuid="15142498-15f5-102d-96e4-000c29c2a5d7">
                    <description>Able to view the &apos;Encounters&apos; tab on the patient dashboard</description>
                    <retired>false</retired>
                    <privilege>Patient Dashboard - View Encounters Section</privilege>
                  </org.openmrs.Privilege>
                  <org.openmrs.Privilege reference="4"/>
                  <org.openmrs.Privilege id="89" uuid="1513a6ee-15f5-102d-96e4-000c29c2a5d7">
                    <description>Able to add patients</description>
                    <retired>false</retired>
                    <privilege>Add Patients</privilege>
                  </org.openmrs.Privilege>
                  <org.openmrs.Privilege id="90" uuid="1513c61a-15f5-102d-96e4-000c29c2a5d7">
                    <description>Able to delete patient observations</description>
                    <retired>false</retired>
                    <privilege>Delete Observations</privilege>
                  </org.openmrs.Privilege>
                  <org.openmrs.Privilege id="91" uuid="151414da-15f5-102d-96e4-000c29c2a5d7">
                    <description>Able to add/edit/delete locations</description>
                    <retired>false</retired>
                    <privilege>Manage Locations</privilege>
                  </org.openmrs.Privilege>
                  <org.openmrs.Privilege id="92" uuid="151479ca-15f5-102d-96e4-000c29c2a5d7">
                    <description>Able to view and fill out unpublished forms</description>
                    <retired>false</retired>
                    <privilege>View Unpublished Forms</privilege>
                  </org.openmrs.Privilege>
                  <org.openmrs.Privilege id="93" uuid="1513cf02-15f5-102d-96e4-000c29c2a5d7">
                    <description>Able to add a cohort to the system</description>
                    <retired>false</retired>
                    <privilege>Edit Cohorts</privilege>
                  </org.openmrs.Privilege>
                  <org.openmrs.Privilege id="94" uuid="151415c0-15f5-102d-96e4-000c29c2a5d7">
                    <description>Able to add/remove modules to the system</description>
                    <retired>false</retired>
                    <privilege>Manage Modules</privilege>
                  </org.openmrs.Privilege>
                  <org.openmrs.Privilege id="95" uuid="1513ee60-15f5-102d-96e4-000c29c2a5d7">
                    <description>Able to edit patients</description>
                    <retired>false</retired>
                    <privilege>Edit Patients</privilege>
                  </org.openmrs.Privilege>
                  <org.openmrs.Privilege id="96" uuid="15139f78-15f5-102d-96e4-000c29c2a5d7">
                    <description>Allows the user to add the formentry archive</description>
                    <retired>false</retired>
                    <privilege>Add FormEntry Archive</privilege>
                  </org.openmrs.Privilege>
                  <org.openmrs.Privilege id="97" uuid="15141b38-15f5-102d-96e4-000c29c2a5d7">
                    <description>Able to add/view/delete patient programs</description>
                    <retired>false</retired>
                    <privilege>Manage Programs</privilege>
                  </org.openmrs.Privilege>
                  <org.openmrs.Privilege id="98" uuid="1513f306-15f5-102d-96e4-000c29c2a5d7">
                    <description>Able to change the passwords of users in OpenMRS</description>
                    <retired>false</retired>
                    <privilege>Edit User Passwords</privilege>
                  </org.openmrs.Privilege>
                  <org.openmrs.Privilege id="99" uuid="1513c17e-15f5-102d-96e4-000c29c2a5d7">
                    <description>Able to delete patient encounters</description>
                    <retired>false</retired>
                    <privilege>Delete Encounters</privilege>
                  </org.openmrs.Privilege>
                  <org.openmrs.Privilege id="100" uuid="1514560c-15f5-102d-96e4-000c29c2a5d7">
                    <description>Able to view patient cohorts</description>
                    <retired>false</retired>
                    <privilege>View Patient Cohorts</privilege>
                  </org.openmrs.Privilege>
                  <org.openmrs.Privilege id="101" uuid="15142d08-15f5-102d-96e4-000c29c2a5d7">
                    <description>Able to view concept classes</description>
                    <retired>false</retired>
                    <privilege>View Concept Classes</privilege>
                  </org.openmrs.Privilege>
                  <org.openmrs.Privilege id="102" uuid="1513f69e-15f5-102d-96e4-000c29c2a5d7">
                    <description>Allows user to access Form Entry pages/functions</description>
                    <retired>false</retired>
                    <privilege>Form Entry</privilege>
                  </org.openmrs.Privilege>
                  <org.openmrs.Privilege id="103" uuid="1513d70e-15f5-102d-96e4-000c29c2a5d7">
                    <description>Able to edit patient observations</description>
                    <retired>false</retired>
                    <privilege>Edit Observations</privilege>
                  </org.openmrs.Privilege>
                  <org.openmrs.Privilege id="104" uuid="15142786-15f5-102d-96e4-000c29c2a5d7">
                    <description>Able to view the &apos;Overview&apos; tab on the patient dashboard</description>
                    <retired>false</retired>
                    <privilege>Patient Dashboard - View Overview Section</privilege>
                  </org.openmrs.Privilege>
                  <org.openmrs.Privilege id="105" uuid="151476dc-15f5-102d-96e4-000c29c2a5d7">
                    <description>Able to view report objects</description>
                    <retired>false</retired>
                    <privilege>View Report Objects</privilege>
                  </org.openmrs.Privilege>
                  <org.openmrs.Privilege id="106" uuid="1513ef46-15f5-102d-96e4-000c29c2a5d7">
                    <description>Able to edit person objects</description>
                    <retired>false</retired>
                    <privilege>Edit People</privilege>
                  </org.openmrs.Privilege>
                  <org.openmrs.Privilege id="107" uuid="15142696-15f5-102d-96e4-000c29c2a5d7">
                    <description>Able to view the &apos;Graphs&apos; tab on the patient dashboard</description>
                    <retired>false</retired>
                    <privilege>Patient Dashboard - View Graphs Section</privilege>
                  </org.openmrs.Privilege>
                  <org.openmrs.Privilege id="108" uuid="15141962-15f5-102d-96e4-000c29c2a5d7">
                    <description>Able to add/edit/delete person attribute types</description>
                    <retired>false</retired>
                    <privilege>Manage Person Attribute Types</privilege>
                  </org.openmrs.Privilege>
                  <org.openmrs.Privilege reference="7"/>
                  <org.openmrs.Privilege id="109" uuid="151477d6-15f5-102d-96e4-000c29c2a5d7">
                    <description>Able to view reports</description>
                    <retired>false</retired>
                    <privilege>View Reports</privilege>
                  </org.openmrs.Privilege>
                  <org.openmrs.Privilege id="110" uuid="1513f93c-15f5-102d-96e4-000c29c2a5d7">
                    <description>Able to add/edit/retire concept classes</description>
                    <retired>false</retired>
                    <privilege>Manage Concept Classes</privilege>
                  </org.openmrs.Privilege>
                  <org.openmrs.Privilege id="111" uuid="1513ab58-15f5-102d-96e4-000c29c2a5d7">
                    <description>Able to add users to OpenMRS</description>
                    <retired>false</retired>
                    <privilege>Add Users</privilege>
                  </org.openmrs.Privilege>
                  <org.openmrs.Privilege id="112" uuid="03be3a1b-f1e3-4456-afaf-297a14a6d31a">
                    <description>Able to add/edit/retire encounter roles</description>
                    <retired>false</retired>
                    <privilege>Manage Encounter Roles</privilege>
                  </org.openmrs.Privilege>
                  <org.openmrs.Privilege id="113" uuid="1513cd40-15f5-102d-96e4-000c29c2a5d7">
                    <description>Able to delete reports</description>
                    <retired>false</retired>
                    <privilege>Delete Reports</privilege>
                  </org.openmrs.Privilege>
                  <org.openmrs.Privilege id="114" uuid="1514259c-15f5-102d-96e4-000c29c2a5d7">
                    <description>Able to view the &apos;Forms&apos; tab on the patient dashboard</description>
                    <retired>false</retired>
                    <privilege>Patient Dashboard - View Forms Section</privilege>
                  </org.openmrs.Privilege>
                  <org.openmrs.Privilege id="115" uuid="1513fa18-15f5-102d-96e4-000c29c2a5d7">
                    <description>Able to add/edit/retire concept datatypes</description>
                    <retired>false</retired>
                    <privilege>Manage Concept Datatypes</privilege>
                  </org.openmrs.Privilege>
                  <org.openmrs.Privilege id="116" uuid="15142dee-15f5-102d-96e4-000c29c2a5d7">
                    <description>Able to view concept datatypes</description>
                    <retired>false</retired>
                    <privilege>View Concept Datatypes</privilege>
                  </org.openmrs.Privilege>
                  <org.openmrs.Privilege id="117" uuid="151457f6-15f5-102d-96e4-000c29c2a5d7">
                    <description>Able to see which programs that patients are in</description>
                    <retired>false</retired>
                    <privilege>View Patient Programs</privilege>
                  </org.openmrs.Privilege>
                  <org.openmrs.Privilege id="118" uuid="15144072-15f5-102d-96e4-000c29c2a5d7">
                    <description>Able to view concept sources</description>
                    <retired>false</retired>
                    <privilege>View Concept Sources</privilege>
                  </org.openmrs.Privilege>
                  <org.openmrs.Privilege id="119" uuid="34190904-0370-102d-b0e3-001ec94a0cc1">
                    <description>View RelationshipTypes</description>
                    <retired>false</retired>
                    <privilege>View RelationshipTypes</privilege>
                  </org.openmrs.Privilege>
                  <org.openmrs.Privilege id="120" uuid="1513d29a-15f5-102d-96e4-000c29c2a5d7">
                    <description>Able to edit patient encounters</description>
                    <retired>false</retired>
                    <privilege>Edit Encounters</privilege>
                  </org.openmrs.Privilege>
                  <org.openmrs.Privilege id="121" uuid="1513a7d4-15f5-102d-96e4-000c29c2a5d7">
                    <description>Able to add person objects</description>
                    <retired>false</retired>
                    <privilege>Add People</privilege>
                  </org.openmrs.Privilege>
                  <org.openmrs.Privilege id="122" uuid="15141d04-15f5-102d-96e4-000c29c2a5d7">
                    <description>Able to add/edit/delete relationships</description>
                    <retired>false</retired>
                    <privilege>Manage Relationships</privilege>
                  </org.openmrs.Privilege>
                  <org.openmrs.Privilege reference="6"/>
                  <org.openmrs.Privilege id="123" uuid="5b1fc603-73db-4173-b4c1-ea9f16292175">
                    <description>Able to view Provider</description>
                    <retired>false</retired>
                    <privilege>View Providers</privilege>
                  </org.openmrs.Privilege>
                  <org.openmrs.Privilege id="124" uuid="15144360-15f5-102d-96e4-000c29c2a5d7">
                    <description>Able to view encounter types</description>
                    <retired>false</retired>
                    <privilege>View Encounter Types</privilege>
                  </org.openmrs.Privilege>
                  <org.openmrs.Privilege id="125" uuid="15145508-15f5-102d-96e4-000c29c2a5d7">
                    <description>Able to view orders</description>
                    <retired>false</retired>
                    <privilege>View Orders</privilege>
                  </org.openmrs.Privilege>
                  <org.openmrs.Privilege id="126" uuid="15145404-15f5-102d-96e4-000c29c2a5d7">
                    <description>Able to view order types</description>
                    <retired>false</retired>
                    <privilege>View Order Types</privilege>
                  </org.openmrs.Privilege>
                  <org.openmrs.Privilege id="127" uuid="15142970-15f5-102d-96e4-000c29c2a5d7">
                    <description>Able to view the &apos;Regimen&apos; tab on the patient dashboard</description>
                    <retired>false</retired>
                    <privilege>Patient Dashboard - View Regimen Section</privilege>
                  </org.openmrs.Privilege>
                  <org.openmrs.Privilege id="128" uuid="1513ea5a-15f5-102d-96e4-000c29c2a5d7">
                    <description>Able to edit patients in programs</description>
                    <retired>false</retired>
                    <privilege>Edit Patient Programs</privilege>
                  </org.openmrs.Privilege>
                  <org.openmrs.Privilege id="129" uuid="0bb2182a-d290-4adc-a382-38321973dab2">
                    <description>Allows user add, edit, and remove identifier sources</description>
                    <retired>false</retired>
                    <privilege>Manage Identifier Sources</privilege>
                  </org.openmrs.Privilege>
                  <org.openmrs.Privilege id="130" uuid="1513f108-15f5-102d-96e4-000c29c2a5d7">
                    <description>Able to edit report objects</description>
                    <retired>false</retired>
                    <privilege>Edit Report Objects</privilege>
                  </org.openmrs.Privilege>
                  <org.openmrs.Privilege id="131" uuid="15140166-15f5-102d-96e4-000c29c2a5d7">
                    <description>Able to add/edit global properties</description>
                    <retired>false</retired>
                    <privilege>Manage Global Properties</privilege>
                  </org.openmrs.Privilege>
                  <org.openmrs.Privilege id="132" uuid="ea7eb9af-c0b4-4b3e-a144-9dc891de9e2e">
                    <description>Able to view visits</description>
                    <retired>false</retired>
                    <privilege>View Visits</privilege>
                  </org.openmrs.Privilege>
                  <org.openmrs.Privilege reference="9"/>
                  <org.openmrs.Privilege id="133" uuid="1513c7f0-15f5-102d-96e4-000c29c2a5d7">
                    <description>Able to delete patient identifiers</description>
                    <retired>false</retired>
                    <privilege>Delete Patient Identifiers</privilege>
                  </org.openmrs.Privilege>
                  <org.openmrs.Privilege id="134" uuid="1513d376-15f5-102d-96e4-000c29c2a5d7">
                    <description>Allows the user to edit a formentry archive</description>
                    <retired>false</retired>
                    <privilege>Edit FormEntry Archive</privilege>
                  </org.openmrs.Privilege>
                  <org.openmrs.Privilege id="135" uuid="1513a52c-15f5-102d-96e4-000c29c2a5d7">
                    <description>Able to add patient identifiers</description>
                    <retired>false</retired>
                    <privilege>Add Patient Identifiers</privilege>
                  </org.openmrs.Privilege>
                  <org.openmrs.Privilege id="136" uuid="1513f022-15f5-102d-96e4-000c29c2a5d7">
                    <description>Able to edit relationships</description>
                    <retired>false</retired>
                    <privilege>Edit Relationships</privilege>
                  </org.openmrs.Privilege>
                  <org.openmrs.Privilege id="137" uuid="1513cb7e-15f5-102d-96e4-000c29c2a5d7">
                    <description>Able to delete relationships</description>
                    <retired>false</retired>
                    <privilege>Delete Relationships</privilege>
                  </org.openmrs.Privilege>
                  <org.openmrs.Privilege id="138" uuid="1513a3f6-15f5-102d-96e4-000c29c2a5d7">
                    <description>Able to add orders</description>
                    <retired>false</retired>
                    <privilege>Add Orders</privilege>
                  </org.openmrs.Privilege>
                  <org.openmrs.Privilege id="139" uuid="c05cfd9d-c54b-4445-b450-425aa7a888ee">
                    <description>Allows user to upload a batch of identifiers</description>
                    <retired>false</retired>
                    <privilege>Upload Batch of Identifiers</privilege>
                  </org.openmrs.Privilege>
                  <org.openmrs.Privilege id="140" uuid="1797d439-d5aa-4734-8376-ad555bc27194">
                    <description>Able to edit visits</description>
                    <retired>false</retired>
                    <privilege>Edit Visits</privilege>
                  </org.openmrs.Privilege>
                  <org.openmrs.Privilege id="141" uuid="15142b46-15f5-102d-96e4-000c29c2a5d7">
                    <description>Allows user to upload/overwrite the XSNs defined for forms</description>
                    <retired>false</retired>
                    <privilege>Upload XSN</privilege>
                  </org.openmrs.Privilege>
                  <org.openmrs.Privilege id="142" uuid="1513a31a-15f5-102d-96e4-000c29c2a5d7">
                    <description>Able to add patient observations</description>
                    <retired>false</retired>
                    <privilege>Add Observations</privilege>
                  </org.openmrs.Privilege>
                  <org.openmrs.Privilege id="143" uuid="151422b8-15f5-102d-96e4-000c29c2a5d7">
                    <description>Able to add/edit/remove scheduled tasks</description>
                    <retired>false</retired>
                    <privilege>Manage Scheduler</privilege>
                  </org.openmrs.Privilege>
                  <org.openmrs.Privilege id="144" uuid="1513fbf8-15f5-102d-96e4-000c29c2a5d7">
                    <description>Able to add/edit/delete concept entries</description>
                    <retired>false</retired>
                    <privilege>Manage Concepts</privilege>
                  </org.openmrs.Privilege>
                  <org.openmrs.Privilege reference="8"/>
                  <org.openmrs.Privilege id="145" uuid="1513ce26-15f5-102d-96e4-000c29c2a5d7">
                    <description>Able to delete users in OpenMRS</description>
                    <retired>false</retired>
                    <privilege>Delete Users</privilege>
                  </org.openmrs.Privilege>
                  <org.openmrs.Privilege id="146" uuid="1514427a-15f5-102d-96e4-000c29c2a5d7">
                    <description>Able to view data entry statistics from the admin screen</description>
                    <retired>false</retired>
                    <privilege>View Data Entry Statistics</privilege>
                  </org.openmrs.Privilege>
                </privileges>
                <inheritedRoles id="147">
                  <org.openmrs.Role id="148" uuid="8d94f852-c2cc-11de-8d13-0010c6dffd0f">
                    <description>Developers of the OpenMRS .. have additional access to change fundamental structure of the database model.</description>
                    <retired>false</retired>
                    <role>System Developer</role>
                    <privileges id="149"/>
                    <inheritedRoles id="150"/>
                    <childRoles id="151">
                      <org.openmrs.Role reference="26"/>
                      <org.openmrs.Role id="152" uuid="21031583-e2ae-4485-8d66-4a97f803ae7c">
                        <description>Allows access to the MDR-TB Application</description>
                        <retired>false</retired>
                        <role>MDR-TB Application User</role>
                        <privileges id="153"/>
                        <inheritedRoles id="154">
                          <org.openmrs.Role reference="148"/>
                        </inheritedRoles>
                        <childRoles id="155"/>
                      </org.openmrs.Role>
                      <org.openmrs.Role id="156" uuid="83d0f2e8-7c3d-44d4-abb4-9de59162164a">
                        <description>Users with this role have access to the administration section</description>
                        <retired>false</retired>
                        <role>System Administrator</role>
                        <privileges id="157"/>
                        <inheritedRoles id="158">
                          <org.openmrs.Role reference="148"/>
                        </inheritedRoles>
                        <childRoles id="159"/>
                      </org.openmrs.Role>
                      <org.openmrs.Role id="160" uuid="cee15cd4-58c7-4450-9817-2e3b1acb83be">
                        <description>Allows access to the rehab application from the home page</description>
                        <retired>false</retired>
                        <role>Rehab Application User</role>
                        <privileges id="161"/>
                        <inheritedRoles id="162">
                          <org.openmrs.Role reference="148"/>
                        </inheritedRoles>
                        <childRoles id="163"/>
                      </org.openmrs.Role>
                    </childRoles>
                  </org.openmrs.Role>
                </inheritedRoles>
                <childRoles id="164">
                  <org.openmrs.Role reference="23"/>
                  <org.openmrs.Role id="165" uuid="158bfdd8-15f5-102d-96e4-000c29c2a5d7">
                    <description>Clerks who perform data entry.</description>
                    <retired>false</retired>
                    <role>Data Assistant</role>
                    <privileges id="166">
                      <org.openmrs.Privilege reference="29"/>
                      <org.openmrs.Privilege reference="62"/>
                      <org.openmrs.Privilege reference="95"/>
                      <org.openmrs.Privilege reference="99"/>
                      <org.openmrs.Privilege reference="100"/>
                      <org.openmrs.Privilege reference="33"/>
                      <org.openmrs.Privilege reference="67"/>
                      <org.openmrs.Privilege reference="102"/>
                      <org.openmrs.Privilege reference="125"/>
                      <org.openmrs.Privilege reference="127"/>
                      <org.openmrs.Privilege reference="35"/>
                      <org.openmrs.Privilege id="167" uuid="1513f5cc-15f5-102d-96e4-000c29c2a5d7">
                        <description>Show find-patient shortcut on homepage</description>
                        <retired>false</retired>
                        <privilege>Find Patient Shortcut</privilege>
                      </org.openmrs.Privilege>
                      <org.openmrs.Privilege reference="103"/>
                      <org.openmrs.Privilege reference="128"/>
                      <org.openmrs.Privilege reference="104"/>
                      <org.openmrs.Privilege reference="39"/>
                      <org.openmrs.Privilege reference="40"/>
                      <org.openmrs.Privilege reference="106"/>
                      <org.openmrs.Privilege reference="107"/>
                      <org.openmrs.Privilege reference="7"/>
                      <org.openmrs.Privilege reference="9"/>
                      <org.openmrs.Privilege reference="77"/>
                      <org.openmrs.Privilege reference="5"/>
                      <org.openmrs.Privilege reference="81"/>
                      <org.openmrs.Privilege reference="138"/>
                      <org.openmrs.Privilege reference="114"/>
                      <org.openmrs.Privilege reference="82"/>
                      <org.openmrs.Privilege id="168" uuid="151458f0-15f5-102d-96e4-000c29c2a5d7">
                        <description>Core Privilege</description>
                        <retired>false</retired>
                        <privilege>View Patient Sets</privilege>
                      </org.openmrs.Privilege>
                      <org.openmrs.Privilege reference="86"/>
                      <org.openmrs.Privilege reference="88"/>
                      <org.openmrs.Privilege reference="4"/>
                      <org.openmrs.Privilege reference="142"/>
                      <org.openmrs.Privilege reference="89"/>
                      <org.openmrs.Privilege reference="120"/>
                      <org.openmrs.Privilege reference="90"/>
                      <org.openmrs.Privilege id="169" uuid="1513ac34-15f5-102d-96e4-000c29c2a5d7">
                        <description>Shortcut to patient groups on homepage</description>
                        <retired>false</retired>
                        <privilege>Analysis Shortcut</privilege>
                      </org.openmrs.Privilege>
                      <org.openmrs.Privilege reference="6"/>
                      <org.openmrs.Privilege reference="92"/>
                      <org.openmrs.Privilege reference="8"/>
                      <org.openmrs.Privilege id="170" uuid="1513ad1a-15f5-102d-96e4-000c29c2a5d7">
                        <description>Work with patient groups</description>
                        <retired>false</retired>
                        <privilege>Analyze</privilege>
                      </org.openmrs.Privilege>
                    </privileges>
                    <inheritedRoles id="171">
                      <org.openmrs.Role reference="26"/>
                    </inheritedRoles>
                    <childRoles id="172"/>
                  </org.openmrs.Role>
                  <org.openmrs.Role id="173" uuid="341cbc98-0370-102d-b0e3-001ec94a0cc1">
                    <description>People who cannot see the regular homepage and are automatically redirected to the MDR-TB one</description>
                    <retired>false</retired>
                    <role>MDR-TB Site Only</role>
                    <privileges id="174"/>
                    <inheritedRoles id="175">
                      <org.openmrs.Role reference="26"/>
                    </inheritedRoles>
                    <childRoles id="176">
                      <org.openmrs.Role reference="23"/>
                    </childRoles>
                  </org.openmrs.Role>
                </childRoles>
              </org.openmrs.Role>
              <org.openmrs.Role reference="173"/>
            </inheritedRoles>
            <childRoles id="177"/>
          </org.openmrs.Role>
          <org.openmrs.Role id="178" uuid="158c053a-15f5-102d-96e4-000c29c2a5d7">
            <description>Social Worker</description>
            <retired>false</retired>
            <role>Social Worker</role>
            <privileges id="179"/>
            <inheritedRoles id="180">
              <org.openmrs.Role reference="11"/>
            </inheritedRoles>
            <childRoles id="181"/>
          </org.openmrs.Role>
          <org.openmrs.Role id="182" uuid="c8957efb-8c8d-4015-871a-569f1a20f462">
            <description>Physicians for children</description>
            <retired>false</retired>
            <role>Pediatrician</role>
            <privileges id="183"/>
            <inheritedRoles id="184">
              <org.openmrs.Role reference="11"/>
            </inheritedRoles>
            <childRoles id="185">
              <org.openmrs.Role id="186" uuid="d2fcc4d2-2700-102b-80cb-0017a47871b2">
                <description>Manager of pediatric programs</description>
                <retired>false</retired>
                <role>Pediatric Program Manager</role>
                <privileges id="187"/>
                <inheritedRoles id="188">
                  <org.openmrs.Role id="189" uuid="158c02f6-15f5-102d-96e4-000c29c2a5d7">
                    <description>Has permission to view most/all data, but no permission for entry or editing.</description>
                    <retired>false</retired>
                    <role>Program Manager</role>
                    <privileges id="190">
                      <org.openmrs.Privilege reference="109"/>
                      <org.openmrs.Privilege reference="29"/>
                      <org.openmrs.Privilege reference="5"/>
                      <org.openmrs.Privilege reference="45"/>
                      <org.openmrs.Privilege reference="62"/>
                      <org.openmrs.Privilege reference="81"/>
                      <org.openmrs.Privilege reference="114"/>
                      <org.openmrs.Privilege reference="125"/>
                      <org.openmrs.Privilege reference="127"/>
                      <org.openmrs.Privilege reference="168"/>
                      <org.openmrs.Privilege reference="167"/>
                      <org.openmrs.Privilege reference="86"/>
                      <org.openmrs.Privilege reference="88"/>
                      <org.openmrs.Privilege reference="4"/>
                      <org.openmrs.Privilege reference="104"/>
                      <org.openmrs.Privilege reference="107"/>
                      <org.openmrs.Privilege reference="40"/>
                      <org.openmrs.Privilege reference="6"/>
                      <org.openmrs.Privilege reference="92"/>
                      <org.openmrs.Privilege reference="43"/>
                      <org.openmrs.Privilege reference="8"/>
                      <org.openmrs.Privilege reference="9"/>
                      <org.openmrs.Privilege reference="170"/>
                    </privileges>
                    <inheritedRoles id="191"/>
                    <childRoles id="192">
                      <org.openmrs.Role reference="186"/>
                    </childRoles>
                  </org.openmrs.Role>
                  <org.openmrs.Role reference="182"/>
                </inheritedRoles>
                <childRoles id="193"/>
              </org.openmrs.Role>
            </childRoles>
          </org.openmrs.Role>
          <org.openmrs.Role id="194" uuid="ca0825a0-362e-48a3-8656-7799a57886b5">
            <description>Physical rehabilitation technician</description>
            <retired>false</retired>
            <role>Rehab technician</role>
            <privileges id="195"/>
            <inheritedRoles id="196">
              <org.openmrs.Role reference="11"/>
            </inheritedRoles>
            <childRoles id="197"/>
          </org.openmrs.Role>
          <org.openmrs.Role id="198" uuid="fd414c79-3838-44db-87be-935e940827c0">
            <description>Physical rehabilitation educators</description>
            <retired>false</retired>
            <role>Rehab educator</role>
            <privileges id="199"/>
            <inheritedRoles id="200">
              <org.openmrs.Role reference="11"/>
            </inheritedRoles>
            <childRoles id="201"/>
          </org.openmrs.Role>
          <org.openmrs.Role reference="2"/>
          <org.openmrs.Role id="202" uuid="a1d4bb3d-b3bf-4a49-85ee-4e247c84e05c">
            <description>Non-communicable disease clinicians.</description>
            <retired>false</retired>
            <role>NCD Provider</role>
            <privileges id="203"/>
            <inheritedRoles id="204">
              <org.openmrs.Role reference="11"/>
            </inheritedRoles>
            <childRoles id="205"/>
          </org.openmrs.Role>
        </childRoles>
      </org.openmrs.Role>
    </inheritedRoles>
    <childRoles id="206"/>
  </org.openmrs.Role>
  <org.openmrs.Role id="207" uuid="b9acdea9-47ce-4539-b8c0-29b7fc0846fa">
    <description>Allows access to the outpatient application, including patient registration and primary care reception and visits</description>
    <retired>false</retired>
    <role>Outpatient Application User</role>
    <privileges id="208">
      <org.openmrs.Privilege reference="29"/>
      <org.openmrs.Privilege id="209" uuid="093e8f10-5be6-4723-962c-38850be9c314">
        <description>Allows user add, edit, and remove auto-generation options</description>
        <retired>false</retired>
        <privilege>Manage Auto Generation Options</privilege>
      </org.openmrs.Privilege>
      <org.openmrs.Privilege reference="95"/>
      <org.openmrs.Privilege reference="100"/>
      <org.openmrs.Privilege reference="101"/>
      <org.openmrs.Privilege reference="32"/>
      <org.openmrs.Privilege reference="102"/>
      <org.openmrs.Privilege reference="103"/>
      <org.openmrs.Privilege id="210" uuid="6b1567b7-3f8c-441b-b8bb-28abad549d43">
        <description>This privilege will give a user access to the Emergency Check-In Task in the Patient Registration module</description>
        <retired>false</retired>
        <privilege>Patient Registration Task - edCheckIn</privilege>
      </org.openmrs.Privilege>
      <org.openmrs.Privilege reference="104"/>
      <org.openmrs.Privilege id="211" uuid="44139560-c60c-47c9-ae56-7a8fa3a5b7ef">
        <description>Allows sql scripts for reporting and other area.</description>
        <retired>false</retired>
        <privilege>SQL Level Access</privilege>
      </org.openmrs.Privilege>
      <org.openmrs.Privilege reference="106"/>
      <org.openmrs.Privilege reference="107"/>
      <org.openmrs.Privilege reference="40"/>
      <org.openmrs.Privilege reference="7"/>
      <org.openmrs.Privilege id="212" uuid="c5a569ca-7d29-4d48-945c-6158c2507639">
        <description>This privilege will give a user access to the Patient Lookup Task in the Patient Registration module</description>
        <retired>false</retired>
        <privilege>Patient Registration Task - patientLookup</privilege>
      </org.openmrs.Privilege>
      <org.openmrs.Privilege reference="45"/>
      <org.openmrs.Privilege reference="112"/>
      <org.openmrs.Privilege reference="114"/>
      <org.openmrs.Privilege reference="116"/>
      <org.openmrs.Privilege reference="117"/>
      <org.openmrs.Privilege reference="49"/>
      <org.openmrs.Privilege reference="118"/>
      <org.openmrs.Privilege reference="50"/>
      <org.openmrs.Privilege reference="119"/>
      <org.openmrs.Privilege reference="120"/>
      <org.openmrs.Privilege reference="6"/>
      <org.openmrs.Privilege reference="54"/>
      <org.openmrs.Privilege reference="55"/>
      <org.openmrs.Privilege reference="62"/>
      <org.openmrs.Privilege reference="63"/>
      <org.openmrs.Privilege reference="123"/>
      <org.openmrs.Privilege reference="124"/>
      <org.openmrs.Privilege id="213" uuid="f4c6f756-a62d-4720-a656-77b505f71493">
        <description>This privilege will give a user access to the Patient Registration Task in the Patient Registration module</description>
        <retired>false</retired>
        <privilege>Patient Registration Task - patientRegistration</privilege>
      </org.openmrs.Privilege>
      <org.openmrs.Privilege reference="125"/>
      <org.openmrs.Privilege reference="127"/>
      <org.openmrs.Privilege reference="70"/>
      <org.openmrs.Privilege reference="129"/>
      <org.openmrs.Privilege reference="132"/>
      <org.openmrs.Privilege reference="9"/>
      <org.openmrs.Privilege reference="76"/>
      <org.openmrs.Privilege id="214" uuid="a47cbdd0-68e8-44e3-9510-7fd496528703">
        <description>This privilege will give a user access to the Primary Care Reception Task in the Patient Registration module</description>
        <retired>false</retired>
        <privilege>Patient Registration Task - primaryCareReception</privilege>
      </org.openmrs.Privilege>
      <org.openmrs.Privilege reference="5"/>
      <org.openmrs.Privilege reference="135"/>
      <org.openmrs.Privilege reference="136"/>
      <org.openmrs.Privilege reference="81"/>
      <org.openmrs.Privilege id="215" uuid="98d6bd7c-c7c4-43ac-9427-e145da43584c">
        <description>This privilege will give a user access to the Primary Care Visit Task in the Patient Registration module</description>
        <retired>false</retired>
        <privilege>Patient Registration Task - primaryCareVisit</privilege>
      </org.openmrs.Privilege>
      <org.openmrs.Privilege reference="139"/>
      <org.openmrs.Privilege reference="82"/>
      <org.openmrs.Privilege reference="83"/>
      <org.openmrs.Privilege reference="84"/>
      <org.openmrs.Privilege reference="86"/>
      <org.openmrs.Privilege reference="88"/>
      <org.openmrs.Privilege reference="4"/>
      <org.openmrs.Privilege reference="142"/>
      <org.openmrs.Privilege reference="89"/>
      <org.openmrs.Privilege reference="8"/>
    </privileges>
    <inheritedRoles id="216"/>
    <childRoles id="217">
      <org.openmrs.Role id="218" uuid="ed54f8d7-c1ab-429b-82fb-21f36823a011">
        <description>Outpatient Application User - Supervisor</description>
        <retired>false</retired>
        <role>Outpatient Application User - Supervisor</role>
        <privileges id="219">
          <org.openmrs.Privilege id="220" uuid="b9e5819a-3299-415c-935b-a63c934dfc80">
            <description>This privilege will give a user access to the View Patient Duplicates Task in the Patient Registration module</description>
            <retired>false</retired>
            <privilege>Patient Registration Task - viewDuplicates</privilege>
          </org.openmrs.Privilege>
          <org.openmrs.Privilege id="221" uuid="422aab99-1080-4df1-8397-e83bd47520fa">
            <description>This privilege will give a user access to the Reporting Task in the Patient Registration module</description>
            <retired>false</retired>
            <privilege>Patient Registration Task - reporting</privilege>
          </org.openmrs.Privilege>
          <org.openmrs.Privilege id="222" uuid="a122b5fe-37c4-4b11-8c3c-4b8355197bf4">
            <description>This privilege will give a user access to the Retrospective Data Entry Task in the Patient Registration module</description>
            <retired>false</retired>
            <privilege>Patient Registration Task - retrospectiveEntry</privilege>
          </org.openmrs.Privilege>
        </privileges>
        <inheritedRoles id="223">
          <org.openmrs.Role reference="207"/>
        </inheritedRoles>
        <childRoles id="224"/>
      </org.openmrs.Role>
    </childRoles>
  </org.openmrs.Role>
  <org.openmrs.Role id="225" uuid="7d86495c-8729-4a86-87c3-8b120741c5ee">
    <description>Users of reports, but do not design or build reports</description>
    <retired>false</retired>
    <role>Report user</role>
    <privileges id="226">
      <org.openmrs.Privilege reference="109"/>
      <org.openmrs.Privilege reference="221"/>
      <org.openmrs.Privilege id="227" uuid="a22359fb-5121-4065-a3a1-1abfd7ea4ed5">
        <description>Manage Task Scheduling in Reporting Module</description>
        <retired>false</retired>
        <privilege>Manage Scheduled Report Tasks</privilege>
      </org.openmrs.Privilege>
      <org.openmrs.Privilege reference="105"/>
      <org.openmrs.Privilege reference="211"/>
      <org.openmrs.Privilege id="228" uuid="96a446f5-49ba-4832-a499-4ad068b9cde2">
        <description>Able to run reports</description>
        <retired>false</retired>
        <privilege>Run Reports</privilege>
      </org.openmrs.Privilege>
    </privileges>
    <inheritedRoles id="229"/>
    <childRoles id="230"/>
  </org.openmrs.Role>
  <org.openmrs.Role reference="218"/>
</list>
