<?xml version="1.0" encoding="UTF-8"?>
<package id="1" uuid="a18145f1-92da-4e92-9ce7-987297107340">
  <dateCreated id="2">2012-10-25 17:32:37</dateCreated>
  <name>AdministrativeEncounterRole</name>
  <description>Encounter Role used to create a visit for Mirebalais project.</description>
  <openmrsVersion>1.9.2 SNAPSHOT Build 29053</openmrsVersion>
  <version>1</version>
  <groupUuid>e666ee52-c381-461f-b59d-7528da25473c</groupUuid>
  <modules id="3">
    <entry>
      <string>uilibrary</string>
      <string>1.4-SNAPSHOT</string>
    </entry>
    <entry>
      <string>uiframework</string>
      <string>1.7</string>
    </entry>
    <entry>
      <string>validation</string>
      <string>1.0.1</string>
    </entry>
    <entry>
      <string>htmlformentry</string>
      <string>1.10.0</string>
    </entry>
    <entry>
      <string>metadatasharing</string>
      <string>1.1-SNAPSHOT</string>
    </entry>
    <entry>
      <string>logic</string>
      <string>0.5.2</string>
    </entry>
    <entry>
      <string>serialization.xstream</string>
      <string>0.2.7</string>
    </entry>
  </modules>
  <items class="linked-hash-set" id="4">
    <org.openmrs.module.metadatasharing.Item id="5" uuid="cbfe0b9d-9923-404c-941b-f048adc8cdc0">
      <id>2</id>
      <classname>org.openmrs.EncounterRole</classname>
      <dateChanged id="6">2012-10-24 20:31:51</dateChanged>
      <retired>false</retired>
    </org.openmrs.module.metadatasharing.Item>
  </items>
  <relatedItems class="linked-hash-set" id="7"/>
</package>
