<?xml version="1.0" encoding="UTF-8"?>
<package id="1" uuid="04937d24-30a1-48a3-9d8c-d1c329ce74f4">
  <dateCreated id="2">2013-02-21 00:44:09</dateCreated>
  <name>HUM Clinical Concepts</name>
  <description>Concepts for use in clinical care at HÔPITAL UNIVERSITAIRE DE MIREBALAIS</description>
  <openmrsVersion>1.9.2 SNAPSHOT Build 29053</openmrsVersion>
  <version>5</version>
  <groupUuid>7003f131-7a15-4292-9513-c9fe52a73235</groupUuid>
  <modules id="3">
    <entry>
      <string>uilibrary</string>
      <string>2.0.3.1</string>
    </entry>
    <entry>
      <string>groovy</string>
      <string>2.2.1</string>
    </entry>
    <entry>
      <string>providermanagement</string>
      <string>1.1.1</string>
    </entry>
    <entry>
      <string>uiframework</string>
      <string>2.4</string>
    </entry>
    <entry>
      <string>validation</string>
      <string>1.0.1</string>
    </entry>
    <entry>
      <string>htmlformentry</string>
      <string>2.0.4</string>
    </entry>
    <entry>
      <string>htmlformentry19ext</string>
      <string>1.0</string>
    </entry>
    <entry>
      <string>metadatamapping</string>
      <string>1.0.1</string>
    </entry>
    <entry>
      <string>metadatasharing</string>
      <string>1.1.2</string>
    </entry>
    <entry>
      <string>logic</string>
      <string>0.5.2</string>
    </entry>
    <entry>
      <string>serialization.xstream</string>
      <string>0.2.7</string>
    </entry>
  </modules>
  <items class="linked-hash-set" id="4">
    <org.openmrs.module.metadatasharing.Item id="5" uuid="3ce934fa-26fe-102b-80cb-0017a47871b2">
      <id>5085</id>
      <classname>org.openmrs.ConceptNumeric</classname>
      <dateChanged id="6">2013-02-20 22:24:44</dateChanged>
      <retired>false</retired>
    </org.openmrs.module.metadatasharing.Item>
    <org.openmrs.module.metadatasharing.Item id="7" uuid="3ce9401c-26fe-102b-80cb-0017a47871b2">
      <id>5092</id>
      <classname>org.openmrs.ConceptNumeric</classname>
      <dateChanged id="8">2009-02-23 07:44:55</dateChanged>
      <retired>false</retired>
    </org.openmrs.module.metadatasharing.Item>
    <org.openmrs.module.metadatasharing.Item id="9" uuid="3ce93b62-26fe-102b-80cb-0017a47871b2">
      <id>5089</id>
      <classname>org.openmrs.ConceptNumeric</classname>
      <dateChanged id="10">2013-02-20 21:57:39</dateChanged>
      <retired>false</retired>
    </org.openmrs.module.metadatasharing.Item>
    <org.openmrs.module.metadatasharing.Item id="11" uuid="3ce939d2-26fe-102b-80cb-0017a47871b2">
      <id>5088</id>
      <classname>org.openmrs.ConceptNumeric</classname>
      <dateChanged id="12">2011-06-02 12:08:53</dateChanged>
      <retired>false</retired>
    </org.openmrs.module.metadatasharing.Item>
    <org.openmrs.module.metadatasharing.Item id="13" uuid="3ceb11f8-26fe-102b-80cb-0017a47871b2">
      <id>5242</id>
      <classname>org.openmrs.ConceptNumeric</classname>
      <dateChanged id="14">2013-02-20 22:24:05</dateChanged>
      <retired>false</retired>
    </org.openmrs.module.metadatasharing.Item>
    <org.openmrs.module.metadatasharing.Item id="15" uuid="159947AAAAAAAAAAAAAAAAAAAAAAAAAAAAAA">
      <id>7539</id>
      <classname>org.openmrs.Concept</classname>
      <dateChanged id="16">2013-02-20 04:47:45</dateChanged>
      <retired>false</retired>
    </org.openmrs.module.metadatasharing.Item>
    <org.openmrs.module.metadatasharing.Item id="17" uuid="af45172a-c1d2-4fc2-b780-3a2c8466ed02">
      <id>7812</id>
      <classname>org.openmrs.ConceptNumeric</classname>
      <dateChanged id="18">2013-01-12 02:21:52</dateChanged>
      <retired>false</retired>
    </org.openmrs.module.metadatasharing.Item>
    <org.openmrs.module.metadatasharing.Item id="19" uuid="3cd9d956-26fe-102b-80cb-0017a47871b2">
      <id>1364</id>
      <classname>org.openmrs.Concept</classname>
      <dateChanged id="20">2013-02-20 22:15:32</dateChanged>
      <retired>false</retired>
    </org.openmrs.module.metadatasharing.Item>
    <org.openmrs.module.metadatasharing.Item id="21" uuid="3ce93824-26fe-102b-80cb-0017a47871b2">
      <id>5087</id>
      <classname>org.openmrs.ConceptNumeric</classname>
      <dateChanged id="22">2013-02-20 22:23:42</dateChanged>
      <retired>false</retired>
    </org.openmrs.module.metadatasharing.Item>
    <org.openmrs.module.metadatasharing.Item id="23" uuid="3ce93694-26fe-102b-80cb-0017a47871b2">
      <id>5086</id>
      <classname>org.openmrs.ConceptNumeric</classname>
      <dateChanged id="24">2013-02-20 22:25:09</dateChanged>
      <retired>false</retired>
    </org.openmrs.module.metadatasharing.Item>
  </items>
  <relatedItems class="linked-hash-set" id="25">
    <org.openmrs.module.metadatasharing.Item id="26" uuid="8d4a4488-c2cc-11de-8d13-0010c6dffd0f">
      <id>1</id>
      <classname>org.openmrs.ConceptDatatype</classname>
      <dateChanged id="27">2004-02-02 00:00:00</dateChanged>
      <retired>false</retired>
    </org.openmrs.module.metadatasharing.Item>
    <org.openmrs.module.metadatasharing.Item id="28" uuid="8d4907b2-c2cc-11de-8d13-0010c6dffd0f">
      <id>1</id>
      <classname>org.openmrs.ConceptClass</classname>
      <dateChanged id="29">2004-02-02 00:00:00</dateChanged>
      <retired>false</retired>
    </org.openmrs.module.metadatasharing.Item>
    <org.openmrs.module.metadatasharing.Item id="30" uuid="0b7f9ee4-15f5-102d-96e4-000c29c2a5d7">
      <id>6166</id>
      <classname>org.openmrs.ConceptName</classname>
      <dateChanged id="31">2004-08-12 00:00:00</dateChanged>
    </org.openmrs.module.metadatasharing.Item>
    <org.openmrs.module.metadatasharing.Item id="32" uuid="93bf63c8-07d4-102c-b5fa-0017a47871b2">
      <id>7610</id>
      <classname>org.openmrs.ConceptName</classname>
      <dateChanged id="33">2004-10-07 00:00:00</dateChanged>
    </org.openmrs.module.metadatasharing.Item>
    <org.openmrs.module.metadatasharing.Item id="34" uuid="f7513de0-d5db-102d-ad2a-000c29c2a5d7">
      <id>13616</id>
      <classname>org.openmrs.ConceptName</classname>
      <dateChanged id="35">2010-06-29 13:05:29</dateChanged>
    </org.openmrs.module.metadatasharing.Item>
    <org.openmrs.module.metadatasharing.Item id="36" uuid="3e3b002c-26fe-102b-80cb-0017a47871b2">
      <id>3450</id>
      <classname>org.openmrs.ConceptName</classname>
      <dateChanged id="37">2004-08-12 00:00:00</dateChanged>
    </org.openmrs.module.metadatasharing.Item>
    <org.openmrs.module.metadatasharing.Item id="38" uuid="9569c402-07d4-102c-b5fa-0017a47871b2">
      <id>7725</id>
      <classname>org.openmrs.ConceptName</classname>
      <dateChanged id="39">2004-10-07 00:00:00</dateChanged>
    </org.openmrs.module.metadatasharing.Item>
    <org.openmrs.module.metadatasharing.Item id="40" uuid="9569d14a-07d4-102c-b5fa-0017a47871b2">
      <id>7728</id>
      <classname>org.openmrs.ConceptName</classname>
      <dateChanged id="41">2007-05-12 10:35:20</dateChanged>
    </org.openmrs.module.metadatasharing.Item>
    <org.openmrs.module.metadatasharing.Item id="42" uuid="ecf7002a-07fe-102c-b5fa-0017a47871b2">
      <id>2886</id>
      <classname>org.openmrs.ConceptDescription</classname>
      <dateChanged id="43">2011-06-02 12:09:19</dateChanged>
    </org.openmrs.module.metadatasharing.Item>
    <org.openmrs.module.metadatasharing.Item id="44" uuid="0f895909-532b-443b-94f6-4db6dc9c2abd">
      <id>12656</id>
      <classname>org.openmrs.ConceptMap</classname>
      <dateChanged id="45">2012-06-21 16:49:52</dateChanged>
    </org.openmrs.module.metadatasharing.Item>
    <org.openmrs.module.metadatasharing.Item id="46" uuid="35543629-7d8c-11e1-909d-c80aa9edcf4e">
      <id>1</id>
      <classname>org.openmrs.ConceptMapType</classname>
      <dateChanged id="47">2012-06-21 00:00:00</dateChanged>
      <retired>false</retired>
    </org.openmrs.module.metadatasharing.Item>
    <org.openmrs.module.metadatasharing.Item id="48" uuid="b5fc6092-8c44-34ff-bb7b-d6828ebcb6eb">
      <id>12656</id>
      <classname>org.openmrs.ConceptReferenceTerm</classname>
      <dateChanged id="49">2011-06-02 00:00:00</dateChanged>
      <retired>false</retired>
    </org.openmrs.module.metadatasharing.Item>
    <org.openmrs.module.metadatasharing.Item id="50" uuid="ddb6b595-0b85-4a80-9243-efe4ba404eef">
      <id>4</id>
      <classname>org.openmrs.ConceptSource</classname>
      <dateChanged id="51">2010-09-28 10:32:54</dateChanged>
      <retired>false</retired>
    </org.openmrs.module.metadatasharing.Item>
    <org.openmrs.module.metadatasharing.Item id="52" uuid="b263794a-4864-102e-96e9-000c29c2a5d7">
      <id>4156</id>
      <classname>org.openmrs.ConceptMap</classname>
      <dateChanged id="53">2012-06-21 16:49:52</dateChanged>
    </org.openmrs.module.metadatasharing.Item>
    <org.openmrs.module.metadatasharing.Item id="54" uuid="2f48f0fc-f76d-3791-8377-dc5a3d300944">
      <id>4156</id>
      <classname>org.openmrs.ConceptReferenceTerm</classname>
      <dateChanged id="55">2010-11-23 00:00:00</dateChanged>
      <retired>false</retired>
    </org.openmrs.module.metadatasharing.Item>
    <org.openmrs.module.metadatasharing.Item id="56" uuid="fb9aaaf1-65e2-4c18-b53c-16b575f2f385">
      <id>5</id>
      <classname>org.openmrs.ConceptSource</classname>
      <dateChanged id="57">2010-11-23 13:56:26</dateChanged>
      <retired>false</retired>
    </org.openmrs.module.metadatasharing.Item>
    <org.openmrs.module.metadatasharing.Item id="58" uuid="75a40a58-4943-102e-96e9-000c29c2a5d7">
      <id>9897</id>
      <classname>org.openmrs.ConceptMap</classname>
      <dateChanged id="59">2012-06-21 16:49:52</dateChanged>
    </org.openmrs.module.metadatasharing.Item>
    <org.openmrs.module.metadatasharing.Item id="60" uuid="870cb1c9-663a-393e-938c-d367228b642e">
      <id>9897</id>
      <classname>org.openmrs.ConceptReferenceTerm</classname>
      <dateChanged id="61">2010-11-24 00:00:00</dateChanged>
      <retired>false</retired>
    </org.openmrs.module.metadatasharing.Item>
    <org.openmrs.module.metadatasharing.Item id="62" uuid="93bf8aa6-07d4-102c-b5fa-0017a47871b2">
      <id>6175</id>
      <classname>org.openmrs.ConceptName</classname>
      <dateChanged id="63">2004-08-12 00:00:00</dateChanged>
    </org.openmrs.module.metadatasharing.Item>
    <org.openmrs.module.metadatasharing.Item id="64" uuid="3e3b0d4c-26fe-102b-80cb-0017a47871b2">
      <id>3459</id>
      <classname>org.openmrs.ConceptName</classname>
      <dateChanged id="65">2004-08-12 00:00:00</dateChanged>
    </org.openmrs.module.metadatasharing.Item>
    <org.openmrs.module.metadatasharing.Item id="66" uuid="0b88f93a-15f5-102d-96e4-000c29c2a5d7">
      <id>7609</id>
      <classname>org.openmrs.ConceptName</classname>
      <dateChanged id="67">2004-10-07 00:00:00</dateChanged>
    </org.openmrs.module.metadatasharing.Item>
    <org.openmrs.module.metadatasharing.Item id="68" uuid="f751da02-d5db-102d-ad2a-000c29c2a5d7">
      <id>13622</id>
      <classname>org.openmrs.ConceptName</classname>
      <dateChanged id="69">2010-06-29 13:05:29</dateChanged>
    </org.openmrs.module.metadatasharing.Item>
    <org.openmrs.module.metadatasharing.Item id="70" uuid="ecf71aec-07fe-102c-b5fa-0017a47871b2">
      <id>2895</id>
      <classname>org.openmrs.ConceptDescription</classname>
      <dateChanged id="71">2004-08-12 00:00:00</dateChanged>
    </org.openmrs.module.metadatasharing.Item>
    <org.openmrs.module.metadatasharing.Item id="72" uuid="b26383b8-4864-102e-96e9-000c29c2a5d7">
      <id>4163</id>
      <classname>org.openmrs.ConceptMap</classname>
      <dateChanged id="73">2012-06-21 16:49:52</dateChanged>
    </org.openmrs.module.metadatasharing.Item>
    <org.openmrs.module.metadatasharing.Item id="74" uuid="7fa22cb1-635a-33fa-a219-6cd9850e658e">
      <id>4163</id>
      <classname>org.openmrs.ConceptReferenceTerm</classname>
      <dateChanged id="75">2010-11-23 00:00:00</dateChanged>
      <retired>false</retired>
    </org.openmrs.module.metadatasharing.Item>
    <org.openmrs.module.metadatasharing.Item id="76" uuid="75a41430-4943-102e-96e9-000c29c2a5d7">
      <id>9904</id>
      <classname>org.openmrs.ConceptMap</classname>
      <dateChanged id="77">2012-06-21 16:49:52</dateChanged>
    </org.openmrs.module.metadatasharing.Item>
    <org.openmrs.module.metadatasharing.Item id="78" uuid="936ca0ad-2df7-33ef-b567-b397dab96b1b">
      <id>9904</id>
      <classname>org.openmrs.ConceptReferenceTerm</classname>
      <dateChanged id="79">2010-11-24 00:00:00</dateChanged>
      <retired>false</retired>
    </org.openmrs.module.metadatasharing.Item>
    <org.openmrs.module.metadatasharing.Item id="80" uuid="3e3b077a-26fe-102b-80cb-0017a47871b2">
      <id>3455</id>
      <classname>org.openmrs.ConceptName</classname>
      <dateChanged id="81">2004-08-12 00:00:00</dateChanged>
    </org.openmrs.module.metadatasharing.Item>
    <org.openmrs.module.metadatasharing.Item id="82" uuid="01c39def-19a9-4833-b328-94e1620ac1f2">
      <id>14080</id>
      <classname>org.openmrs.ConceptName</classname>
      <dateChanged id="83">2010-07-28 05:29:29</dateChanged>
    </org.openmrs.module.metadatasharing.Item>
    <org.openmrs.module.metadatasharing.Item id="84" uuid="3e3b08f6-26fe-102b-80cb-0017a47871b2">
      <id>3456</id>
      <classname>org.openmrs.ConceptName</classname>
      <dateChanged id="85">2006-06-07 21:13:50</dateChanged>
    </org.openmrs.module.metadatasharing.Item>
    <org.openmrs.module.metadatasharing.Item id="86" uuid="f751a42e-d5db-102d-ad2a-000c29c2a5d7">
      <id>13620</id>
      <classname>org.openmrs.ConceptName</classname>
      <dateChanged id="87">2012-06-21 20:22:26</dateChanged>
    </org.openmrs.module.metadatasharing.Item>
    <org.openmrs.module.metadatasharing.Item id="88" uuid="93bf7980-07d4-102c-b5fa-0017a47871b2">
      <id>6171</id>
      <classname>org.openmrs.ConceptName</classname>
      <dateChanged id="89">2004-08-12 00:00:00</dateChanged>
    </org.openmrs.module.metadatasharing.Item>
    <org.openmrs.module.metadatasharing.Item id="90" uuid="93bf7dcc-07d4-102c-b5fa-0017a47871b2">
      <id>6172</id>
      <classname>org.openmrs.ConceptName</classname>
      <dateChanged id="91">2006-06-07 21:13:50</dateChanged>
    </org.openmrs.module.metadatasharing.Item>
    <org.openmrs.module.metadatasharing.Item id="92" uuid="ecf70df4-07fe-102c-b5fa-0017a47871b2">
      <id>2891</id>
      <classname>org.openmrs.ConceptDescription</classname>
      <dateChanged id="93">2011-06-02 12:07:44</dateChanged>
    </org.openmrs.module.metadatasharing.Item>
    <org.openmrs.module.metadatasharing.Item id="94" uuid="ecf71128-07fe-102c-b5fa-0017a47871b2">
      <id>2892</id>
      <classname>org.openmrs.ConceptDescription</classname>
      <dateChanged id="95">2011-06-02 12:07:44</dateChanged>
    </org.openmrs.module.metadatasharing.Item>
    <org.openmrs.module.metadatasharing.Item id="96" uuid="b2637f58-4864-102e-96e9-000c29c2a5d7">
      <id>4160</id>
      <classname>org.openmrs.ConceptMap</classname>
      <dateChanged id="97">2012-06-21 16:49:52</dateChanged>
    </org.openmrs.module.metadatasharing.Item>
    <org.openmrs.module.metadatasharing.Item id="98" uuid="31a10827-be34-31d1-90aa-6145bf47be39">
      <id>4160</id>
      <classname>org.openmrs.ConceptReferenceTerm</classname>
      <dateChanged id="99">2010-11-23 00:00:00</dateChanged>
      <retired>false</retired>
    </org.openmrs.module.metadatasharing.Item>
    <org.openmrs.module.metadatasharing.Item id="100" uuid="75a40ff8-4943-102e-96e9-000c29c2a5d7">
      <id>9901</id>
      <classname>org.openmrs.ConceptMap</classname>
      <dateChanged id="101">2012-06-21 16:49:52</dateChanged>
    </org.openmrs.module.metadatasharing.Item>
    <org.openmrs.module.metadatasharing.Item id="102" uuid="65982bc1-65d0-3d1c-bcde-1e397ddad4e4">
      <id>9901</id>
      <classname>org.openmrs.ConceptReferenceTerm</classname>
      <dateChanged id="103">2010-11-24 00:00:00</dateChanged>
      <retired>false</retired>
    </org.openmrs.module.metadatasharing.Item>
    <org.openmrs.module.metadatasharing.Item id="104" uuid="13c63194-8819-4b6d-b8d6-c5a70aa53c47">
      <id>12654</id>
      <classname>org.openmrs.ConceptMap</classname>
      <dateChanged id="105">2012-06-21 16:49:52</dateChanged>
    </org.openmrs.module.metadatasharing.Item>
    <org.openmrs.module.metadatasharing.Item id="106" uuid="fe16acd1-98d0-34c3-8879-d61b51b1406a">
      <id>12654</id>
      <classname>org.openmrs.ConceptReferenceTerm</classname>
      <dateChanged id="107">2011-06-02 00:00:00</dateChanged>
      <retired>false</retired>
    </org.openmrs.module.metadatasharing.Item>
    <org.openmrs.module.metadatasharing.Item id="108" uuid="8918dc21-70a5-4f2e-8fbd-6c669620ff35">
      <id>14078</id>
      <classname>org.openmrs.ConceptName</classname>
      <dateChanged id="109">2010-07-28 05:25:05</dateChanged>
    </org.openmrs.module.metadatasharing.Item>
    <org.openmrs.module.metadatasharing.Item id="110" uuid="0b7fa2b8-15f5-102d-96e4-000c29c2a5d7">
      <id>6170</id>
      <classname>org.openmrs.ConceptName</classname>
      <dateChanged id="111">2004-08-12 00:00:00</dateChanged>
    </org.openmrs.module.metadatasharing.Item>
    <org.openmrs.module.metadatasharing.Item id="112" uuid="f75189da-d5db-102d-ad2a-000c29c2a5d7">
      <id>13619</id>
      <classname>org.openmrs.ConceptName</classname>
      <dateChanged id="113">2010-06-29 13:05:29</dateChanged>
    </org.openmrs.module.metadatasharing.Item>
    <org.openmrs.module.metadatasharing.Item id="114" uuid="0b899386-15f5-102d-96e4-000c29c2a5d7">
      <id>7756</id>
      <classname>org.openmrs.ConceptName</classname>
      <dateChanged id="115">2004-10-07 00:00:00</dateChanged>
    </org.openmrs.module.metadatasharing.Item>
    <org.openmrs.module.metadatasharing.Item id="116" uuid="3e3b0608-26fe-102b-80cb-0017a47871b2">
      <id>3454</id>
      <classname>org.openmrs.ConceptName</classname>
      <dateChanged id="117">2004-08-12 00:00:00</dateChanged>
    </org.openmrs.module.metadatasharing.Item>
    <org.openmrs.module.metadatasharing.Item id="118" uuid="ecf70ac0-07fe-102c-b5fa-0017a47871b2">
      <id>2890</id>
      <classname>org.openmrs.ConceptDescription</classname>
      <dateChanged id="119">2011-06-02 12:08:53</dateChanged>
    </org.openmrs.module.metadatasharing.Item>
    <org.openmrs.module.metadatasharing.Item id="120" uuid="cb586f64-989d-4fd6-8678-97274a5ba554">
      <id>12655</id>
      <classname>org.openmrs.ConceptMap</classname>
      <dateChanged id="121">2012-06-21 16:49:52</dateChanged>
    </org.openmrs.module.metadatasharing.Item>
    <org.openmrs.module.metadatasharing.Item id="122" uuid="c2d3141b-bac7-37fe-b778-bb9b5505f2b3">
      <id>12655</id>
      <classname>org.openmrs.ConceptReferenceTerm</classname>
      <dateChanged id="123">2011-06-02 00:00:00</dateChanged>
      <retired>false</retired>
    </org.openmrs.module.metadatasharing.Item>
    <org.openmrs.module.metadatasharing.Item id="124" uuid="b2637ddc-4864-102e-96e9-000c29c2a5d7">
      <id>4159</id>
      <classname>org.openmrs.ConceptMap</classname>
      <dateChanged id="125">2012-06-21 16:49:52</dateChanged>
    </org.openmrs.module.metadatasharing.Item>
    <org.openmrs.module.metadatasharing.Item id="126" uuid="19447227-009d-34bd-9ab5-2edadedc38d7">
      <id>4159</id>
      <classname>org.openmrs.ConceptReferenceTerm</classname>
      <dateChanged id="127">2010-11-23 00:00:00</dateChanged>
      <retired>false</retired>
    </org.openmrs.module.metadatasharing.Item>
    <org.openmrs.module.metadatasharing.Item id="128" uuid="75a40e90-4943-102e-96e9-000c29c2a5d7">
      <id>9900</id>
      <classname>org.openmrs.ConceptMap</classname>
      <dateChanged id="129">2012-06-21 16:49:52</dateChanged>
    </org.openmrs.module.metadatasharing.Item>
    <org.openmrs.module.metadatasharing.Item id="130" uuid="c32cfd61-1b4d-338b-8f93-c7fc097e036d">
      <id>9900</id>
      <classname>org.openmrs.ConceptReferenceTerm</classname>
      <dateChanged id="131">2010-11-24 00:00:00</dateChanged>
      <retired>false</retired>
    </org.openmrs.module.metadatasharing.Item>
    <org.openmrs.module.metadatasharing.Item id="132" uuid="8d491a9a-c2cc-11de-8d13-0010c6dffd0f">
      <id>5</id>
      <classname>org.openmrs.ConceptClass</classname>
      <dateChanged id="133">2004-03-02 00:00:00</dateChanged>
      <retired>false</retired>
    </org.openmrs.module.metadatasharing.Item>
    <org.openmrs.module.metadatasharing.Item id="134" uuid="95660b50-07d4-102c-b5fa-0017a47871b2">
      <id>7595</id>
      <classname>org.openmrs.ConceptName</classname>
      <dateChanged id="135">2004-11-07 00:00:00</dateChanged>
    </org.openmrs.module.metadatasharing.Item>
    <org.openmrs.module.metadatasharing.Item id="136" uuid="f75918e4-d5db-102d-ad2a-000c29c2a5d7">
      <id>13673</id>
      <classname>org.openmrs.ConceptName</classname>
      <dateChanged id="137">2010-06-29 13:05:29</dateChanged>
    </org.openmrs.module.metadatasharing.Item>
    <org.openmrs.module.metadatasharing.Item id="138" uuid="9564dc26-07d4-102c-b5fa-0017a47871b2">
      <id>7564</id>
      <classname>org.openmrs.ConceptName</classname>
      <dateChanged id="139">2007-05-12 10:33:49</dateChanged>
    </org.openmrs.module.metadatasharing.Item>
    <org.openmrs.module.metadatasharing.Item id="140" uuid="3e3cde92-26fe-102b-80cb-0017a47871b2">
      <id>3609</id>
      <classname>org.openmrs.ConceptName</classname>
      <dateChanged id="141">2004-08-12 00:00:00</dateChanged>
    </org.openmrs.module.metadatasharing.Item>
    <org.openmrs.module.metadatasharing.Item id="142" uuid="ed14a3a0-07fe-102c-b5fa-0017a47871b2">
      <id>3044</id>
      <classname>org.openmrs.ConceptDescription</classname>
      <dateChanged id="143">2011-06-02 12:10:30</dateChanged>
    </org.openmrs.module.metadatasharing.Item>
    <org.openmrs.module.metadatasharing.Item id="144" uuid="4d027652-883d-4736-b017-acabac9a911c">
      <id>12658</id>
      <classname>org.openmrs.ConceptMap</classname>
      <dateChanged id="145">2012-06-21 16:49:52</dateChanged>
    </org.openmrs.module.metadatasharing.Item>
    <org.openmrs.module.metadatasharing.Item id="146" uuid="da13baf1-6d93-3e50-89c3-29b4081ad1d2">
      <id>12658</id>
      <classname>org.openmrs.ConceptReferenceTerm</classname>
      <dateChanged id="147">2011-06-02 00:00:00</dateChanged>
      <retired>false</retired>
    </org.openmrs.module.metadatasharing.Item>
    <org.openmrs.module.metadatasharing.Item id="148" uuid="75a7dbc4-4943-102e-96e9-000c29c2a5d7">
      <id>10022</id>
      <classname>org.openmrs.ConceptMap</classname>
      <dateChanged id="149">2012-06-21 16:49:52</dateChanged>
    </org.openmrs.module.metadatasharing.Item>
    <org.openmrs.module.metadatasharing.Item id="150" uuid="9ce016e4-400c-30fb-a0b9-17d03e2e9304">
      <id>10022</id>
      <classname>org.openmrs.ConceptReferenceTerm</classname>
      <dateChanged id="151">2010-11-24 00:00:00</dateChanged>
      <retired>false</retired>
    </org.openmrs.module.metadatasharing.Item>
    <org.openmrs.module.metadatasharing.Item id="152" uuid="b2937dfc-4864-102e-96e9-000c29c2a5d7">
      <id>4313</id>
      <classname>org.openmrs.ConceptMap</classname>
      <dateChanged id="153">2012-06-21 16:49:52</dateChanged>
    </org.openmrs.module.metadatasharing.Item>
    <org.openmrs.module.metadatasharing.Item id="154" uuid="01f21a7b-4fe4-3b75-b6ab-cfe3eff24658">
      <id>4313</id>
      <classname>org.openmrs.ConceptReferenceTerm</classname>
      <dateChanged id="155">2010-11-23 00:00:00</dateChanged>
      <retired>false</retired>
    </org.openmrs.module.metadatasharing.Item>
    <org.openmrs.module.metadatasharing.Item id="156" uuid="8d4a4c94-c2cc-11de-8d13-0010c6dffd0f">
      <id>4</id>
      <classname>org.openmrs.ConceptDatatype</classname>
      <dateChanged id="157">2004-02-02 05:00:00</dateChanged>
      <retired>false</retired>
    </org.openmrs.module.metadatasharing.Item>
    <org.openmrs.module.metadatasharing.Item id="158" uuid="8d492594-c2cc-11de-8d13-0010c6dffd0f">
      <id>10</id>
      <classname>org.openmrs.ConceptClass</classname>
      <dateChanged id="159">2004-03-02 00:00:00</dateChanged>
      <retired>false</retired>
    </org.openmrs.module.metadatasharing.Item>
    <org.openmrs.module.metadatasharing.Item id="160" uuid="107502BBBBBBBBBBBBBBBBBBBBBBBBBBBBBB">
      <id>15376</id>
      <classname>org.openmrs.ConceptName</classname>
      <dateChanged id="161">2010-12-14 02:44:15</dateChanged>
    </org.openmrs.module.metadatasharing.Item>
    <org.openmrs.module.metadatasharing.Item id="162" uuid="107501BBBBBBBBBBBBBBBBBBBBBBBBBBBBBB">
      <id>15377</id>
      <classname>org.openmrs.ConceptName</classname>
      <dateChanged id="163">2010-12-14 02:44:15</dateChanged>
    </org.openmrs.module.metadatasharing.Item>
    <org.openmrs.module.metadatasharing.Item id="164" uuid="1a215e03-010f-4c1a-9030-1ecccca86648">
      <id>2169</id>
      <classname>org.openmrs.ConceptSet</classname>
      <dateChanged id="165">2013-02-21 00:39:06</dateChanged>
    </org.openmrs.module.metadatasharing.Item>
    <org.openmrs.module.metadatasharing.Item id="166" uuid="226ed7ad-b776-4b99-966d-fd818d3302c2">
      <id>3064</id>
      <classname>org.openmrs.Concept</classname>
      <dateChanged id="167">2013-02-21 00:37:47</dateChanged>
      <retired>false</retired>
    </org.openmrs.module.metadatasharing.Item>
    <org.openmrs.module.metadatasharing.Item id="168" uuid="8d4a48b6-c2cc-11de-8d13-0010c6dffd0f">
      <id>2</id>
      <classname>org.openmrs.ConceptDatatype</classname>
      <dateChanged id="169">2004-02-02 00:00:00</dateChanged>
      <retired>false</retired>
    </org.openmrs.module.metadatasharing.Item>
    <org.openmrs.module.metadatasharing.Item id="170" uuid="8d491e50-c2cc-11de-8d13-0010c6dffd0f">
      <id>7</id>
      <classname>org.openmrs.ConceptClass</classname>
      <dateChanged id="171">2004-03-02 00:00:00</dateChanged>
      <retired>false</retired>
    </org.openmrs.module.metadatasharing.Item>
    <org.openmrs.module.metadatasharing.Item id="172" uuid="0b6b2c5c-15f5-102d-96e4-000c29c2a5d7">
      <id>3284</id>
      <classname>org.openmrs.ConceptName</classname>
      <dateChanged id="173">2008-04-29 13:23:13</dateChanged>
    </org.openmrs.module.metadatasharing.Item>
    <org.openmrs.module.metadatasharing.Item id="174" uuid="80def83f-8ad6-49ca-b8a4-87e549c81adf">
      <id>17998</id>
      <classname>org.openmrs.ConceptName</classname>
      <dateChanged id="175">2013-02-21 00:38:10</dateChanged>
    </org.openmrs.module.metadatasharing.Item>
    <org.openmrs.module.metadatasharing.Item id="176" uuid="fd4f7c24-c9eb-4a92-8936-28c1b85d8ff7">
      <id>17999</id>
      <classname>org.openmrs.ConceptName</classname>
      <dateChanged id="177">2013-02-21 00:38:49</dateChanged>
    </org.openmrs.module.metadatasharing.Item>
    <org.openmrs.module.metadatasharing.Item id="178" uuid="f6dbbcc8-d5db-102d-ad2a-000c29c2a5d7">
      <id>12564</id>
      <classname>org.openmrs.ConceptName</classname>
      <dateChanged id="179">2013-02-21 00:38:10</dateChanged>
    </org.openmrs.module.metadatasharing.Item>
    <org.openmrs.module.metadatasharing.Item id="180" uuid="93c47642-07d4-102c-b5fa-0017a47871b2">
      <id>6149</id>
      <classname>org.openmrs.ConceptName</classname>
      <dateChanged id="181">2008-04-29 13:23:13</dateChanged>
    </org.openmrs.module.metadatasharing.Item>
    <org.openmrs.module.metadatasharing.Item id="182" uuid="ed212044-07fe-102c-b5fa-0017a47871b2">
      <id>2731</id>
      <classname>org.openmrs.ConceptDescription</classname>
      <dateChanged id="183">2013-02-21 00:41:48</dateChanged>
    </org.openmrs.module.metadatasharing.Item>
    <org.openmrs.module.metadatasharing.Item id="184" uuid="759cb00a-4943-102e-96e9-000c29c2a5d7">
      <id>8863</id>
      <classname>org.openmrs.ConceptMap</classname>
      <dateChanged id="185">2012-06-21 16:49:52</dateChanged>
    </org.openmrs.module.metadatasharing.Item>
    <org.openmrs.module.metadatasharing.Item id="186" uuid="9ccc5e6f-fe18-38f5-a061-52172966d49a">
      <id>8863</id>
      <classname>org.openmrs.ConceptReferenceTerm</classname>
      <dateChanged id="187">2010-11-24 00:00:00</dateChanged>
      <retired>false</retired>
    </org.openmrs.module.metadatasharing.Item>
    <org.openmrs.module.metadatasharing.Item id="188" uuid="b192ef8d-b3b4-4325-8871-d50fa481c98b">
      <id>14753</id>
      <classname>org.openmrs.ConceptMap</classname>
      <dateChanged id="189">2013-02-21 00:42:51</dateChanged>
    </org.openmrs.module.metadatasharing.Item>
    <org.openmrs.module.metadatasharing.Item id="190" uuid="70dc1735-8d04-420f-9f5b-120b2d5dda91">
      <id>14830</id>
      <classname>org.openmrs.ConceptReferenceTerm</classname>
      <dateChanged id="191">2013-02-20 04:45:07</dateChanged>
      <retired>false</retired>
    </org.openmrs.module.metadatasharing.Item>
    <org.openmrs.module.metadatasharing.Item id="192" uuid="b5e44116-778f-11e2-ad73-903c7bb72694">
      <id>25</id>
      <classname>org.openmrs.ConceptSource</classname>
      <dateChanged id="193">2013-02-20 04:39:48</dateChanged>
      <retired>false</retired>
    </org.openmrs.module.metadatasharing.Item>
    <org.openmrs.module.metadatasharing.Item id="194" uuid="b25af932-4864-102e-96e9-000c29c2a5d7">
      <id>3066</id>
      <classname>org.openmrs.ConceptMap</classname>
      <dateChanged id="195">2012-06-21 16:49:52</dateChanged>
    </org.openmrs.module.metadatasharing.Item>
    <org.openmrs.module.metadatasharing.Item id="196" uuid="60fe0368-f1eb-3b1f-9690-35127fb72def">
      <id>3066</id>
      <classname>org.openmrs.ConceptReferenceTerm</classname>
      <dateChanged id="197">2010-11-23 00:00:00</dateChanged>
      <retired>false</retired>
    </org.openmrs.module.metadatasharing.Item>
    <org.openmrs.module.metadatasharing.Item id="198" uuid="1befb53a-fe91-4f00-a09b-b85c81424090">
      <id>2165</id>
      <classname>org.openmrs.ConceptSet</classname>
      <dateChanged id="199">2013-02-20 21:49:02</dateChanged>
    </org.openmrs.module.metadatasharing.Item>
    <org.openmrs.module.metadatasharing.Item id="200" uuid="970d41ce-5098-47a4-8872-4dd843c0df3f">
      <id>7416</id>
      <classname>org.openmrs.Concept</classname>
      <dateChanged id="201">2013-02-20 22:13:57</dateChanged>
      <retired>false</retired>
    </org.openmrs.module.metadatasharing.Item>
    <org.openmrs.module.metadatasharing.Item id="202" uuid="8d4a4ab4-c2cc-11de-8d13-0010c6dffd0f">
      <id>3</id>
      <classname>org.openmrs.ConceptDatatype</classname>
      <dateChanged id="203">2004-02-02 00:00:00</dateChanged>
      <retired>false</retired>
    </org.openmrs.module.metadatasharing.Item>
    <org.openmrs.module.metadatasharing.Item id="204" uuid="8d4918b0-c2cc-11de-8d13-0010c6dffd0f">
      <id>4</id>
      <classname>org.openmrs.ConceptClass</classname>
      <dateChanged id="205">2004-02-02 05:00:00</dateChanged>
      <retired>false</retired>
    </org.openmrs.module.metadatasharing.Item>
    <org.openmrs.module.metadatasharing.Item id="206" uuid="014ba4e7-07ba-407b-a6e1-72820abcc915">
      <id>15097</id>
      <classname>org.openmrs.ConceptName</classname>
      <dateChanged id="207">2011-08-19 23:41:38</dateChanged>
    </org.openmrs.module.metadatasharing.Item>
    <org.openmrs.module.metadatasharing.Item id="208" uuid="0a859166-a947-4441-8cf0-60a9ea03d280">
      <id>5943</id>
      <classname>org.openmrs.ConceptDescription</classname>
      <dateChanged id="209">2013-02-21 00:40:21</dateChanged>
    </org.openmrs.module.metadatasharing.Item>
    <org.openmrs.module.metadatasharing.Item id="210" uuid="c4d1a87b-dbd3-4d7f-9c7c-1f49b521e157">
      <id>13093</id>
      <classname>org.openmrs.ConceptMap</classname>
      <dateChanged id="211">2012-06-21 16:49:52</dateChanged>
    </org.openmrs.module.metadatasharing.Item>
    <org.openmrs.module.metadatasharing.Item id="212" uuid="234db75b-3c56-3830-8ba8-ecaa301c319a">
      <id>13093</id>
      <classname>org.openmrs.ConceptReferenceTerm</classname>
      <dateChanged id="213">2011-08-19 00:00:00</dateChanged>
      <retired>false</retired>
    </org.openmrs.module.metadatasharing.Item>
    <org.openmrs.module.metadatasharing.Item id="214" uuid="f8d1ddbf-906c-4e9c-b859-672808f93a86">
      <id>13092</id>
      <classname>org.openmrs.ConceptMap</classname>
      <dateChanged id="215">2012-06-21 16:49:52</dateChanged>
    </org.openmrs.module.metadatasharing.Item>
    <org.openmrs.module.metadatasharing.Item id="216" uuid="86a6660d-0e6c-3dcc-ace3-7a840cde27cb">
      <id>13092</id>
      <classname>org.openmrs.ConceptReferenceTerm</classname>
      <dateChanged id="217">2011-08-19 00:00:00</dateChanged>
      <retired>false</retired>
    </org.openmrs.module.metadatasharing.Item>
    <org.openmrs.module.metadatasharing.Item id="218" uuid="41925fc6-73ac-45f6-b476-55d48fe57d87">
      <id>14742</id>
      <classname>org.openmrs.ConceptMap</classname>
      <dateChanged id="219">2013-02-20 22:13:57</dateChanged>
    </org.openmrs.module.metadatasharing.Item>
    <org.openmrs.module.metadatasharing.Item id="220" uuid="01f9f1bb-5d09-422a-9884-a187629c11a5">
      <id>14831</id>
      <classname>org.openmrs.ConceptReferenceTerm</classname>
      <dateChanged id="221">2013-02-20 04:45:30</dateChanged>
      <retired>false</retired>
    </org.openmrs.module.metadatasharing.Item>
    <org.openmrs.module.metadatasharing.Item id="222" uuid="564AEEEEEEEEEEEEEEEEEEEEEEEEEEEEEEEE">
      <id>1538</id>
      <classname>org.openmrs.ConceptSet</classname>
      <dateChanged id="223">2010-12-14 02:44:15</dateChanged>
    </org.openmrs.module.metadatasharing.Item>
    <org.openmrs.module.metadatasharing.Item id="224" uuid="3cd9ef9a-26fe-102b-80cb-0017a47871b2">
      <id>1379</id>
      <classname>org.openmrs.Concept</classname>
      <dateChanged id="225">2011-10-31 16:51:10</dateChanged>
      <retired>false</retired>
    </org.openmrs.module.metadatasharing.Item>
    <org.openmrs.module.metadatasharing.Item id="226" uuid="5966217f-b7a9-4724-b1be-3960b09173aa">
      <id>15215</id>
      <classname>org.openmrs.ConceptName</classname>
      <dateChanged id="227">2011-10-20 07:26:11</dateChanged>
    </org.openmrs.module.metadatasharing.Item>
    <org.openmrs.module.metadatasharing.Item id="228" uuid="3e18f55e-26fe-102b-80cb-0017a47871b2">
      <id>1475</id>
      <classname>org.openmrs.ConceptName</classname>
      <dateChanged id="229">2006-06-14 19:17:59</dateChanged>
    </org.openmrs.module.metadatasharing.Item>
    <org.openmrs.module.metadatasharing.Item id="230" uuid="3e18f2f2-26fe-102b-80cb-0017a47871b2">
      <id>1474</id>
      <classname>org.openmrs.ConceptName</classname>
      <dateChanged id="231">2006-06-14 19:16:35</dateChanged>
    </org.openmrs.module.metadatasharing.Item>
    <org.openmrs.module.metadatasharing.Item id="232" uuid="f6091c8c-d5db-102d-ad2a-000c29c2a5d7">
      <id>10893</id>
      <classname>org.openmrs.ConceptName</classname>
      <dateChanged id="233">2010-06-29 13:03:17</dateChanged>
    </org.openmrs.module.metadatasharing.Item>
    <org.openmrs.module.metadatasharing.Item id="234" uuid="3d3f403e-26fe-102b-80cb-0017a47871b2">
      <id>957</id>
      <classname>org.openmrs.ConceptAnswer</classname>
      <dateChanged id="235">2006-06-14 19:17:03</dateChanged>
    </org.openmrs.module.metadatasharing.Item>
    <org.openmrs.module.metadatasharing.Item id="236" uuid="3cd9bd04-26fe-102b-80cb-0017a47871b2">
      <id>1345</id>
      <classname>org.openmrs.Concept</classname>
      <dateChanged id="237">2012-06-21 17:19:22</dateChanged>
      <retired>false</retired>
    </org.openmrs.module.metadatasharing.Item>
    <org.openmrs.module.metadatasharing.Item id="238" uuid="8d492774-c2cc-11de-8d13-0010c6dffd0f">
      <id>11</id>
      <classname>org.openmrs.ConceptClass</classname>
      <dateChanged id="239">2004-03-02 05:00:00</dateChanged>
      <retired>false</retired>
    </org.openmrs.module.metadatasharing.Item>
    <org.openmrs.module.metadatasharing.Item id="240" uuid="3e1868b4-26fe-102b-80cb-0017a47871b2">
      <id>1411</id>
      <classname>org.openmrs.ConceptName</classname>
      <dateChanged id="241">2006-06-09 17:11:06</dateChanged>
    </org.openmrs.module.metadatasharing.Item>
    <org.openmrs.module.metadatasharing.Item id="242" uuid="3e1862c4-26fe-102b-80cb-0017a47871b2">
      <id>1410</id>
      <classname>org.openmrs.ConceptName</classname>
      <dateChanged id="243">2006-06-09 17:11:06</dateChanged>
    </org.openmrs.module.metadatasharing.Item>
    <org.openmrs.module.metadatasharing.Item id="244" uuid="f604892e-d5db-102d-ad2a-000c29c2a5d7">
      <id>10860</id>
      <classname>org.openmrs.ConceptName</classname>
      <dateChanged id="245">2010-06-29 13:03:17</dateChanged>
    </org.openmrs.module.metadatasharing.Item>
    <org.openmrs.module.metadatasharing.Item id="246" uuid="0567cd47-4785-4231-9fcb-9f377021d8ee">
      <id>1376</id>
      <classname>org.openmrs.ConceptDescription</classname>
      <dateChanged id="247">2011-10-31 16:51:10</dateChanged>
    </org.openmrs.module.metadatasharing.Item>
    <org.openmrs.module.metadatasharing.Item id="248" uuid="e0095dbf-7244-4005-8caf-0cf751d20f71">
      <id>13523</id>
      <classname>org.openmrs.ConceptMap</classname>
      <dateChanged id="249">2012-06-21 16:49:52</dateChanged>
    </org.openmrs.module.metadatasharing.Item>
    <org.openmrs.module.metadatasharing.Item id="250" uuid="466a3369-3bfc-39f7-a24e-7ce6e6ddc6c3">
      <id>13523</id>
      <classname>org.openmrs.ConceptReferenceTerm</classname>
      <dateChanged id="251">2011-10-31 00:00:00</dateChanged>
      <retired>false</retired>
    </org.openmrs.module.metadatasharing.Item>
    <org.openmrs.module.metadatasharing.Item id="252" uuid="6be790e7-579e-489b-a3dc-7516018c66de">
      <id>13</id>
      <classname>org.openmrs.ConceptSource</classname>
      <dateChanged id="253">2011-09-07 17:01:38</dateChanged>
      <retired>false</retired>
    </org.openmrs.module.metadatasharing.Item>
    <org.openmrs.module.metadatasharing.Item id="254" uuid="b2112bb8-4864-102e-96e9-000c29c2a5d7">
      <id>1347</id>
      <classname>org.openmrs.ConceptMap</classname>
      <dateChanged id="255">2012-06-21 16:49:52</dateChanged>
    </org.openmrs.module.metadatasharing.Item>
    <org.openmrs.module.metadatasharing.Item id="256" uuid="1b0a2f3d-1e0a-3ffc-a415-ff1ddc2787ba">
      <id>13525</id>
      <classname>org.openmrs.ConceptReferenceTerm</classname>
      <dateChanged id="257">2010-08-24 00:00:00</dateChanged>
      <retired>false</retired>
    </org.openmrs.module.metadatasharing.Item>
    <org.openmrs.module.metadatasharing.Item id="258" uuid="75719712-4943-102e-96e9-000c29c2a5d7">
      <id>7188</id>
      <classname>org.openmrs.ConceptMap</classname>
      <dateChanged id="259">2012-06-21 16:49:52</dateChanged>
    </org.openmrs.module.metadatasharing.Item>
    <org.openmrs.module.metadatasharing.Item id="260" uuid="33f09f21-6902-39c7-b08c-ef0259881623">
      <id>7188</id>
      <classname>org.openmrs.ConceptReferenceTerm</classname>
      <dateChanged id="261">2010-11-24 00:00:00</dateChanged>
      <retired>false</retired>
    </org.openmrs.module.metadatasharing.Item>
    <org.openmrs.module.metadatasharing.Item id="262" uuid="136261ABBBBBBBBBBBBBBBBBBBBBBBBBBBBB">
      <id>13526</id>
      <classname>org.openmrs.ConceptMap</classname>
      <dateChanged id="263">2012-06-21 16:49:52</dateChanged>
    </org.openmrs.module.metadatasharing.Item>
    <org.openmrs.module.metadatasharing.Item id="264" uuid="e9844c60-5139-3ff2-bacc-806eb1da4ac1">
      <id>13526</id>
      <classname>org.openmrs.ConceptReferenceTerm</classname>
      <dateChanged id="265">2010-10-27 00:00:00</dateChanged>
      <retired>false</retired>
    </org.openmrs.module.metadatasharing.Item>
    <org.openmrs.module.metadatasharing.Item id="266" uuid="13ADDDDDDDDDDDDDDDDDDDDDDDDDDDDDDDDD">
      <id>10</id>
      <classname>org.openmrs.ConceptSource</classname>
      <dateChanged id="267">2010-10-24 17:02:38</dateChanged>
      <retired>false</retired>
    </org.openmrs.module.metadatasharing.Item>
    <org.openmrs.module.metadatasharing.Item id="268" uuid="132793ABBBBBBBBBBBBBBBBBBBBBBBBBBBBB">
      <id>13524</id>
      <classname>org.openmrs.ConceptMap</classname>
      <dateChanged id="269">2012-06-21 16:49:52</dateChanged>
    </org.openmrs.module.metadatasharing.Item>
    <org.openmrs.module.metadatasharing.Item id="270" uuid="a69dafbf-5b89-3c59-a7e2-8c0477ca4bc0">
      <id>13524</id>
      <classname>org.openmrs.ConceptReferenceTerm</classname>
      <dateChanged id="271">2010-08-24 00:00:00</dateChanged>
      <retired>false</retired>
    </org.openmrs.module.metadatasharing.Item>
    <org.openmrs.module.metadatasharing.Item id="272" uuid="1ADDDDDDDDDDDDDDDDDDDDDDDDDDDDDDDDDD">
      <id>6</id>
      <classname>org.openmrs.ConceptSource</classname>
      <dateChanged id="273">2009-11-20 01:19:16</dateChanged>
      <retired>false</retired>
    </org.openmrs.module.metadatasharing.Item>
    <org.openmrs.module.metadatasharing.Item id="274" uuid="3d3f417e-26fe-102b-80cb-0017a47871b2">
      <id>958</id>
      <classname>org.openmrs.ConceptAnswer</classname>
      <dateChanged id="275">2006-06-14 19:17:03</dateChanged>
    </org.openmrs.module.metadatasharing.Item>
    <org.openmrs.module.metadatasharing.Item id="276" uuid="3cd9be80-26fe-102b-80cb-0017a47871b2">
      <id>1346</id>
      <classname>org.openmrs.Concept</classname>
      <dateChanged id="277">2012-06-21 17:10:56</dateChanged>
      <retired>false</retired>
    </org.openmrs.module.metadatasharing.Item>
    <org.openmrs.module.metadatasharing.Item id="278" uuid="3e186e2c-26fe-102b-80cb-0017a47871b2">
      <id>1413</id>
      <classname>org.openmrs.ConceptName</classname>
      <dateChanged id="279">2006-06-09 17:14:47</dateChanged>
    </org.openmrs.module.metadatasharing.Item>
    <org.openmrs.module.metadatasharing.Item id="280" uuid="3e186bde-26fe-102b-80cb-0017a47871b2">
      <id>1412</id>
      <classname>org.openmrs.ConceptName</classname>
      <dateChanged id="281">2006-06-09 17:14:47</dateChanged>
    </org.openmrs.module.metadatasharing.Item>
    <org.openmrs.module.metadatasharing.Item id="282" uuid="f604afd0-d5db-102d-ad2a-000c29c2a5d7">
      <id>10861</id>
      <classname>org.openmrs.ConceptName</classname>
      <dateChanged id="283">2010-06-29 13:03:17</dateChanged>
    </org.openmrs.module.metadatasharing.Item>
    <org.openmrs.module.metadatasharing.Item id="284" uuid="ece7f04e-07fe-102c-b5fa-0017a47871b2">
      <id>1377</id>
      <classname>org.openmrs.ConceptDescription</classname>
      <dateChanged id="285">2011-10-31 16:51:03</dateChanged>
    </org.openmrs.module.metadatasharing.Item>
    <org.openmrs.module.metadatasharing.Item id="286" uuid="b2112d20-4864-102e-96e9-000c29c2a5d7">
      <id>1348</id>
      <classname>org.openmrs.ConceptMap</classname>
      <dateChanged id="287">2012-06-21 16:49:52</dateChanged>
    </org.openmrs.module.metadatasharing.Item>
    <org.openmrs.module.metadatasharing.Item id="288" uuid="d85c74ad-0aff-3962-8c8e-100e2801048a">
      <id>13520</id>
      <classname>org.openmrs.ConceptReferenceTerm</classname>
      <dateChanged id="289">2010-08-24 00:00:00</dateChanged>
      <retired>false</retired>
    </org.openmrs.module.metadatasharing.Item>
    <org.openmrs.module.metadatasharing.Item id="290" uuid="132795ABBBBBBBBBBBBBBBBBBBBBBBBBBBBB">
      <id>13521</id>
      <classname>org.openmrs.ConceptMap</classname>
      <dateChanged id="291">2012-06-21 16:49:52</dateChanged>
    </org.openmrs.module.metadatasharing.Item>
    <org.openmrs.module.metadatasharing.Item id="292" uuid="b9c22911-7ff8-3608-a322-1420caa93026">
      <id>13521</id>
      <classname>org.openmrs.ConceptReferenceTerm</classname>
      <dateChanged id="293">2010-08-24 00:00:00</dateChanged>
      <retired>false</retired>
    </org.openmrs.module.metadatasharing.Item>
    <org.openmrs.module.metadatasharing.Item id="294" uuid="75719870-4943-102e-96e9-000c29c2a5d7">
      <id>7189</id>
      <classname>org.openmrs.ConceptMap</classname>
      <dateChanged id="295">2012-06-21 16:49:52</dateChanged>
    </org.openmrs.module.metadatasharing.Item>
    <org.openmrs.module.metadatasharing.Item id="296" uuid="d95ef27d-5090-3918-acfd-dc324df429b1">
      <id>7189</id>
      <classname>org.openmrs.ConceptReferenceTerm</classname>
      <dateChanged id="297">2010-11-24 00:00:00</dateChanged>
      <retired>false</retired>
    </org.openmrs.module.metadatasharing.Item>
    <org.openmrs.module.metadatasharing.Item id="298" uuid="368710db-35b7-4718-aa0c-8719db7b6caf">
      <id>13522</id>
      <classname>org.openmrs.ConceptMap</classname>
      <dateChanged id="299">2012-06-21 16:49:52</dateChanged>
    </org.openmrs.module.metadatasharing.Item>
    <org.openmrs.module.metadatasharing.Item id="300" uuid="0cee399e-a746-39c2-9f1b-dc40cc8a7f2f">
      <id>13522</id>
      <classname>org.openmrs.ConceptReferenceTerm</classname>
      <dateChanged id="301">2011-10-31 00:00:00</dateChanged>
      <retired>false</retired>
    </org.openmrs.module.metadatasharing.Item>
    <org.openmrs.module.metadatasharing.Item id="302" uuid="6f2e0cb5-3962-42a2-8837-65eac13efab7">
      <id>7457</id>
      <classname>org.openmrs.ConceptAnswer</classname>
      <dateChanged id="303">2011-10-20 07:26:11</dateChanged>
    </org.openmrs.module.metadatasharing.Item>
    <org.openmrs.module.metadatasharing.Item id="304" uuid="b3fa7102-0135-40bb-b3c3-633450598623">
      <id>6249</id>
      <classname>org.openmrs.Concept</classname>
      <dateChanged id="305">2011-10-31 16:51:10</dateChanged>
      <retired>false</retired>
    </org.openmrs.module.metadatasharing.Item>
    <org.openmrs.module.metadatasharing.Item id="306" uuid="0b93d36e-15f5-102d-96e4-000c29c2a5d7">
      <id>9272</id>
      <classname>org.openmrs.ConceptName</classname>
      <dateChanged id="307">2009-07-02 14:32:16</dateChanged>
    </org.openmrs.module.metadatasharing.Item>
    <org.openmrs.module.metadatasharing.Item id="308" uuid="842225e1-b6d2-4625-a213-64a4dfcfd065">
      <id>8927</id>
      <classname>org.openmrs.ConceptName</classname>
      <dateChanged id="309">2009-04-16 13:06:33</dateChanged>
    </org.openmrs.module.metadatasharing.Item>
    <org.openmrs.module.metadatasharing.Item id="310" uuid="4945756d-73ee-414f-80c3-236dfaf32e3b">
      <id>4866</id>
      <classname>org.openmrs.ConceptDescription</classname>
      <dateChanged id="311">2011-10-31 16:51:10</dateChanged>
    </org.openmrs.module.metadatasharing.Item>
    <org.openmrs.module.metadatasharing.Item id="312" uuid="b2adfb96-4864-102e-96e9-000c29c2a5d7">
      <id>5318</id>
      <classname>org.openmrs.ConceptMap</classname>
      <dateChanged id="313">2012-06-21 16:49:52</dateChanged>
    </org.openmrs.module.metadatasharing.Item>
    <org.openmrs.module.metadatasharing.Item id="314" uuid="8594f7a0-6b13-3e56-a1c5-501273bfa0c7">
      <id>5318</id>
      <classname>org.openmrs.ConceptReferenceTerm</classname>
      <dateChanged id="315">2010-11-23 00:00:00</dateChanged>
      <retired>false</retired>
    </org.openmrs.module.metadatasharing.Item>
    <org.openmrs.module.metadatasharing.Item id="316" uuid="75adb42c-4943-102e-96e9-000c29c2a5d7">
      <id>10896</id>
      <classname>org.openmrs.ConceptMap</classname>
      <dateChanged id="317">2012-06-21 16:49:52</dateChanged>
    </org.openmrs.module.metadatasharing.Item>
    <org.openmrs.module.metadatasharing.Item id="318" uuid="c8a1defe-8d0d-3dcc-80c1-1f7674247e7e">
      <id>10896</id>
      <classname>org.openmrs.ConceptReferenceTerm</classname>
      <dateChanged id="319">2010-11-24 00:00:00</dateChanged>
      <retired>false</retired>
    </org.openmrs.module.metadatasharing.Item>
    <org.openmrs.module.metadatasharing.Item id="320" uuid="ece82d48-07fe-102c-b5fa-0017a47871b2">
      <id>1408</id>
      <classname>org.openmrs.ConceptDescription</classname>
      <dateChanged id="321">2011-10-31 16:51:10</dateChanged>
    </org.openmrs.module.metadatasharing.Item>
    <org.openmrs.module.metadatasharing.Item id="322" uuid="132876ABBBBBBBBBBBBBBBBBBBBBBBBBBBBB">
      <id>13528</id>
      <classname>org.openmrs.ConceptMap</classname>
      <dateChanged id="323">2012-06-21 16:49:52</dateChanged>
    </org.openmrs.module.metadatasharing.Item>
    <org.openmrs.module.metadatasharing.Item id="324" uuid="2f275b63-a79c-32ca-a6dd-2f9fc41361a8">
      <id>13528</id>
      <classname>org.openmrs.ConceptReferenceTerm</classname>
      <dateChanged id="325">2010-08-28 00:00:00</dateChanged>
      <retired>false</retired>
    </org.openmrs.module.metadatasharing.Item>
    <org.openmrs.module.metadatasharing.Item id="326" uuid="b2115c96-4864-102e-96e9-000c29c2a5d7">
      <id>1381</id>
      <classname>org.openmrs.ConceptMap</classname>
      <dateChanged id="327">2012-06-21 16:49:52</dateChanged>
    </org.openmrs.module.metadatasharing.Item>
    <org.openmrs.module.metadatasharing.Item id="328" uuid="295b5606-bdf4-3a49-952b-e072eb11c26a">
      <id>1381</id>
      <classname>org.openmrs.ConceptReferenceTerm</classname>
      <dateChanged id="329">2010-11-23 00:00:00</dateChanged>
      <retired>false</retired>
    </org.openmrs.module.metadatasharing.Item>
    <org.openmrs.module.metadatasharing.Item id="330" uuid="3d5608f8-d076-49d5-b2b2-2b8e9b725d9b">
      <id>13527</id>
      <classname>org.openmrs.ConceptMap</classname>
      <dateChanged id="331">2012-06-21 16:49:52</dateChanged>
    </org.openmrs.module.metadatasharing.Item>
    <org.openmrs.module.metadatasharing.Item id="332" uuid="a4252d65-3354-37a7-b5b1-ff7e06f51b50">
      <id>13527</id>
      <classname>org.openmrs.ConceptReferenceTerm</classname>
      <dateChanged id="333">2011-10-31 00:00:00</dateChanged>
      <retired>false</retired>
    </org.openmrs.module.metadatasharing.Item>
    <org.openmrs.module.metadatasharing.Item id="334" uuid="7571c386-4943-102e-96e9-000c29c2a5d7">
      <id>7220</id>
      <classname>org.openmrs.ConceptMap</classname>
      <dateChanged id="335">2012-06-21 16:49:52</dateChanged>
    </org.openmrs.module.metadatasharing.Item>
    <org.openmrs.module.metadatasharing.Item id="336" uuid="94ed81fb-e428-36a9-bd04-2799a8676f04">
      <id>7220</id>
      <classname>org.openmrs.ConceptReferenceTerm</classname>
      <dateChanged id="337">2010-11-24 00:00:00</dateChanged>
      <retired>false</retired>
    </org.openmrs.module.metadatasharing.Item>
    <org.openmrs.module.metadatasharing.Item id="338" uuid="584AEEEEEEEEEEEEEEEEEEEEEEEEEEEEEEEE">
      <id>1537</id>
      <classname>org.openmrs.ConceptSet</classname>
      <dateChanged id="339">2010-12-14 02:44:15</dateChanged>
    </org.openmrs.module.metadatasharing.Item>
    <org.openmrs.module.metadatasharing.Item id="340" uuid="159946AAAAAAAAAAAAAAAAAAAAAAAAAAAAAA">
      <id>7537</id>
      <classname>org.openmrs.Concept</classname>
      <dateChanged id="341">2013-02-20 04:53:51</dateChanged>
      <retired>false</retired>
    </org.openmrs.module.metadatasharing.Item>
    <org.openmrs.module.metadatasharing.Item id="342" uuid="107497BBBBBBBBBBBBBBBBBBBBBBBBBBBBBB">
      <id>15374</id>
      <classname>org.openmrs.ConceptName</classname>
      <dateChanged id="343">2010-12-04 22:02:33</dateChanged>
    </org.openmrs.module.metadatasharing.Item>
    <org.openmrs.module.metadatasharing.Item id="344" uuid="2981CCCCCCCCCCCCCCCCCCCCCCCCCCCCCCCC">
      <id>8450</id>
      <classname>org.openmrs.ConceptAnswer</classname>
      <dateChanged id="345">2010-12-04 22:02:33</dateChanged>
    </org.openmrs.module.metadatasharing.Item>
    <org.openmrs.module.metadatasharing.Item id="346" uuid="159943AAAAAAAAAAAAAAAAAAAAAAAAAAAAAA">
      <id>7534</id>
      <classname>org.openmrs.Concept</classname>
      <dateChanged id="347">2013-02-20 04:54:37</dateChanged>
      <retired>false</retired>
    </org.openmrs.module.metadatasharing.Item>
    <org.openmrs.module.metadatasharing.Item id="348" uuid="107493BBBBBBBBBBBBBBBBBBBBBBBBBBBBBB">
      <id>15370</id>
      <classname>org.openmrs.ConceptName</classname>
      <dateChanged id="349">2010-12-04 21:52:08</dateChanged>
    </org.openmrs.module.metadatasharing.Item>
    <org.openmrs.module.metadatasharing.Item id="350" uuid="107494BBBBBBBBBBBBBBBBBBBBBBBBBBBBBB">
      <id>15371</id>
      <classname>org.openmrs.ConceptName</classname>
      <dateChanged id="351">2010-12-04 21:52:08</dateChanged>
    </org.openmrs.module.metadatasharing.Item>
    <org.openmrs.module.metadatasharing.Item id="352" uuid="16472FFFFFFFFFFFFFFFFFFFFFFFFFFFFFFF">
      <id>5731</id>
      <classname>org.openmrs.ConceptDescription</classname>
      <dateChanged id="353">2011-12-15 08:12:05</dateChanged>
    </org.openmrs.module.metadatasharing.Item>
    <org.openmrs.module.metadatasharing.Item id="354" uuid="17dfd282-1a81-4d1f-8e68-b2bbd7b38cab">
      <id>13543</id>
      <classname>org.openmrs.ConceptMap</classname>
      <dateChanged id="355">2012-06-21 16:49:52</dateChanged>
    </org.openmrs.module.metadatasharing.Item>
    <org.openmrs.module.metadatasharing.Item id="356" uuid="515377ea-fafb-3767-8dd8-039cac0ec3e4">
      <id>13543</id>
      <classname>org.openmrs.ConceptReferenceTerm</classname>
      <dateChanged id="357">2011-10-31 00:00:00</dateChanged>
      <retired>false</retired>
    </org.openmrs.module.metadatasharing.Item>
    <org.openmrs.module.metadatasharing.Item id="358" uuid="af4dc4da-b41c-4a1e-a307-a0a575713db4">
      <id>13509</id>
      <classname>org.openmrs.ConceptMap</classname>
      <dateChanged id="359">2012-06-21 16:49:52</dateChanged>
    </org.openmrs.module.metadatasharing.Item>
    <org.openmrs.module.metadatasharing.Item id="360" uuid="f643db7b-715d-3480-b802-4d7ffd534947">
      <id>13509</id>
      <classname>org.openmrs.ConceptReferenceTerm</classname>
      <dateChanged id="361">2011-10-31 00:00:00</dateChanged>
      <retired>false</retired>
    </org.openmrs.module.metadatasharing.Item>
    <org.openmrs.module.metadatasharing.Item id="362" uuid="537fa188-11e6-4883-81e8-959781e678fb">
      <id>14733</id>
      <classname>org.openmrs.ConceptMap</classname>
      <dateChanged id="363">2013-02-20 04:54:37</dateChanged>
    </org.openmrs.module.metadatasharing.Item>
    <org.openmrs.module.metadatasharing.Item id="364" uuid="8a3bf7d7-6e91-4397-9727-fe211dd7f81f">
      <id>14833</id>
      <classname>org.openmrs.ConceptReferenceTerm</classname>
      <dateChanged id="365">2013-02-20 04:46:10</dateChanged>
      <retired>false</retired>
    </org.openmrs.module.metadatasharing.Item>
    <org.openmrs.module.metadatasharing.Item id="366" uuid="91613777-588f-471f-a7e2-91e61befa488">
      <id>13544</id>
      <classname>org.openmrs.ConceptMap</classname>
      <dateChanged id="367">2012-06-21 16:49:52</dateChanged>
    </org.openmrs.module.metadatasharing.Item>
    <org.openmrs.module.metadatasharing.Item id="368" uuid="68eccccb-ea55-3520-be9f-f53a0276bf3e">
      <id>13544</id>
      <classname>org.openmrs.ConceptReferenceTerm</classname>
      <dateChanged id="369">2011-10-31 00:00:00</dateChanged>
      <retired>false</retired>
    </org.openmrs.module.metadatasharing.Item>
    <org.openmrs.module.metadatasharing.Item id="370" uuid="137043ABBBBBBBBBBBBBBBBBBBBBBBBBBBBB">
      <id>13510</id>
      <classname>org.openmrs.ConceptMap</classname>
      <dateChanged id="371">2012-06-21 16:49:52</dateChanged>
    </org.openmrs.module.metadatasharing.Item>
    <org.openmrs.module.metadatasharing.Item id="372" uuid="c6641f6d-5812-348c-9011-0cd89361da7b">
      <id>13510</id>
      <classname>org.openmrs.ConceptReferenceTerm</classname>
      <dateChanged id="373">2010-12-04 00:00:00</dateChanged>
      <retired>false</retired>
    </org.openmrs.module.metadatasharing.Item>
    <org.openmrs.module.metadatasharing.Item id="374" uuid="2980CCCCCCCCCCCCCCCCCCCCCCCCCCCCCCCC">
      <id>8451</id>
      <classname>org.openmrs.ConceptAnswer</classname>
      <dateChanged id="375">2010-12-04 22:02:33</dateChanged>
    </org.openmrs.module.metadatasharing.Item>
    <org.openmrs.module.metadatasharing.Item id="376" uuid="159944AAAAAAAAAAAAAAAAAAAAAAAAAAAAAA">
      <id>7535</id>
      <classname>org.openmrs.Concept</classname>
      <dateChanged id="377">2013-02-20 04:54:57</dateChanged>
      <retired>false</retired>
    </org.openmrs.module.metadatasharing.Item>
    <org.openmrs.module.metadatasharing.Item id="378" uuid="107495BBBBBBBBBBBBBBBBBBBBBBBBBBBBBB">
      <id>15372</id>
      <classname>org.openmrs.ConceptName</classname>
      <dateChanged id="379">2010-12-04 21:53:25</dateChanged>
    </org.openmrs.module.metadatasharing.Item>
    <org.openmrs.module.metadatasharing.Item id="380" uuid="16473FFFFFFFFFFFFFFFFFFFFFFFFFFFFFFF">
      <id>5732</id>
      <classname>org.openmrs.ConceptDescription</classname>
      <dateChanged id="381">2011-12-15 08:12:05</dateChanged>
    </org.openmrs.module.metadatasharing.Item>
    <org.openmrs.module.metadatasharing.Item id="382" uuid="a08a0772-2e82-48ec-bc9e-f72ed7772c08">
      <id>14734</id>
      <classname>org.openmrs.ConceptMap</classname>
      <dateChanged id="383">2013-02-20 04:54:57</dateChanged>
    </org.openmrs.module.metadatasharing.Item>
    <org.openmrs.module.metadatasharing.Item id="384" uuid="2641bac3-2e66-4028-980b-d707fa163567">
      <id>14834</id>
      <classname>org.openmrs.ConceptReferenceTerm</classname>
      <dateChanged id="385">2013-02-20 04:46:30</dateChanged>
      <retired>false</retired>
    </org.openmrs.module.metadatasharing.Item>
    <org.openmrs.module.metadatasharing.Item id="386" uuid="6603671b-034a-4de1-9342-3d51774e1273">
      <id>13511</id>
      <classname>org.openmrs.ConceptMap</classname>
      <dateChanged id="387">2012-06-21 16:49:52</dateChanged>
    </org.openmrs.module.metadatasharing.Item>
    <org.openmrs.module.metadatasharing.Item id="388" uuid="0ffbcde9-cc3e-3d96-8922-2dffb6ba5b71">
      <id>13511</id>
      <classname>org.openmrs.ConceptReferenceTerm</classname>
      <dateChanged id="389">2011-10-31 00:00:00</dateChanged>
      <retired>false</retired>
    </org.openmrs.module.metadatasharing.Item>
    <org.openmrs.module.metadatasharing.Item id="390" uuid="137044ABBBBBBBBBBBBBBBBBBBBBBBBBBBBB">
      <id>13512</id>
      <classname>org.openmrs.ConceptMap</classname>
      <dateChanged id="391">2012-06-21 16:49:52</dateChanged>
    </org.openmrs.module.metadatasharing.Item>
    <org.openmrs.module.metadatasharing.Item id="392" uuid="1aa11f81-340c-3ec4-bdc0-49be83fa2f7e">
      <id>13512</id>
      <classname>org.openmrs.ConceptReferenceTerm</classname>
      <dateChanged id="393">2010-12-04 00:00:00</dateChanged>
      <retired>false</retired>
    </org.openmrs.module.metadatasharing.Item>
    <org.openmrs.module.metadatasharing.Item id="394" uuid="b4061a74-87ba-4d3a-89a4-af7ea3787361">
      <id>13542</id>
      <classname>org.openmrs.ConceptMap</classname>
      <dateChanged id="395">2012-06-21 16:49:52</dateChanged>
    </org.openmrs.module.metadatasharing.Item>
    <org.openmrs.module.metadatasharing.Item id="396" uuid="23364668-2129-3c18-bbe6-f26e1ebca063">
      <id>13542</id>
      <classname>org.openmrs.ConceptReferenceTerm</classname>
      <dateChanged id="397">2011-10-31 00:00:00</dateChanged>
      <retired>false</retired>
    </org.openmrs.module.metadatasharing.Item>
    <org.openmrs.module.metadatasharing.Item id="398" uuid="632bc834-5e04-4391-b52c-92486e12fbe1">
      <id>13541</id>
      <classname>org.openmrs.ConceptMap</classname>
      <dateChanged id="399">2012-06-21 16:49:52</dateChanged>
    </org.openmrs.module.metadatasharing.Item>
    <org.openmrs.module.metadatasharing.Item id="400" uuid="db5a5376-bc9c-3699-b1dc-9c93d5b0ad98">
      <id>13541</id>
      <classname>org.openmrs.ConceptReferenceTerm</classname>
      <dateChanged id="401">2011-10-31 00:00:00</dateChanged>
      <retired>false</retired>
    </org.openmrs.module.metadatasharing.Item>
    <org.openmrs.module.metadatasharing.Item id="402" uuid="2982CCCCCCCCCCCCCCCCCCCCCCCCCCCCCCCC">
      <id>8452</id>
      <classname>org.openmrs.ConceptAnswer</classname>
      <dateChanged id="403">2010-12-04 22:02:33</dateChanged>
    </org.openmrs.module.metadatasharing.Item>
    <org.openmrs.module.metadatasharing.Item id="404" uuid="159945AAAAAAAAAAAAAAAAAAAAAAAAAAAAAA">
      <id>7536</id>
      <classname>org.openmrs.Concept</classname>
      <dateChanged id="405">2011-12-15 08:12:05</dateChanged>
      <retired>false</retired>
    </org.openmrs.module.metadatasharing.Item>
    <org.openmrs.module.metadatasharing.Item id="406" uuid="107496BBBBBBBBBBBBBBBBBBBBBBBBBBBBBB">
      <id>15373</id>
      <classname>org.openmrs.ConceptName</classname>
      <dateChanged id="407">2010-12-04 21:54:54</dateChanged>
    </org.openmrs.module.metadatasharing.Item>
    <org.openmrs.module.metadatasharing.Item id="408" uuid="16474FFFFFFFFFFFFFFFFFFFFFFFFFFFFFFF">
      <id>5733</id>
      <classname>org.openmrs.ConceptDescription</classname>
      <dateChanged id="409">2011-12-15 08:12:05</dateChanged>
    </org.openmrs.module.metadatasharing.Item>
    <org.openmrs.module.metadatasharing.Item id="410" uuid="caf3bb99-a0c6-4478-93a9-d41156c5a244">
      <id>13539</id>
      <classname>org.openmrs.ConceptMap</classname>
      <dateChanged id="411">2012-06-21 16:49:52</dateChanged>
    </org.openmrs.module.metadatasharing.Item>
    <org.openmrs.module.metadatasharing.Item id="412" uuid="80ec582d-0d5f-39ea-8b4b-5cf6b697c348">
      <id>13539</id>
      <classname>org.openmrs.ConceptReferenceTerm</classname>
      <dateChanged id="413">2011-10-31 00:00:00</dateChanged>
      <retired>false</retired>
    </org.openmrs.module.metadatasharing.Item>
    <org.openmrs.module.metadatasharing.Item id="414" uuid="137045ABBBBBBBBBBBBBBBBBBBBBBBBBBBBB">
      <id>13514</id>
      <classname>org.openmrs.ConceptMap</classname>
      <dateChanged id="415">2012-06-21 16:49:52</dateChanged>
    </org.openmrs.module.metadatasharing.Item>
    <org.openmrs.module.metadatasharing.Item id="416" uuid="c38af5ca-b766-3250-addc-bcd9af954e10">
      <id>13514</id>
      <classname>org.openmrs.ConceptReferenceTerm</classname>
      <dateChanged id="417">2010-12-04 00:00:00</dateChanged>
      <retired>false</retired>
    </org.openmrs.module.metadatasharing.Item>
    <org.openmrs.module.metadatasharing.Item id="418" uuid="c1951797-f0a6-4d68-af83-69bb1aab88c0">
      <id>13540</id>
      <classname>org.openmrs.ConceptMap</classname>
      <dateChanged id="419">2012-06-21 16:49:52</dateChanged>
    </org.openmrs.module.metadatasharing.Item>
    <org.openmrs.module.metadatasharing.Item id="420" uuid="dabf05ed-2026-3e88-ba93-36af8c4e4656">
      <id>13540</id>
      <classname>org.openmrs.ConceptReferenceTerm</classname>
      <dateChanged id="421">2011-10-31 00:00:00</dateChanged>
      <retired>false</retired>
    </org.openmrs.module.metadatasharing.Item>
    <org.openmrs.module.metadatasharing.Item id="422" uuid="3b51831e-d8d6-4e76-8adb-86c77089407f">
      <id>13513</id>
      <classname>org.openmrs.ConceptMap</classname>
      <dateChanged id="423">2012-06-21 16:49:52</dateChanged>
    </org.openmrs.module.metadatasharing.Item>
    <org.openmrs.module.metadatasharing.Item id="424" uuid="5b5e9c27-adb2-327a-898e-9e9ebe665563">
      <id>13513</id>
      <classname>org.openmrs.ConceptReferenceTerm</classname>
      <dateChanged id="425">2011-10-31 00:00:00</dateChanged>
      <retired>false</retired>
    </org.openmrs.module.metadatasharing.Item>
    <org.openmrs.module.metadatasharing.Item id="426" uuid="16475FFFFFFFFFFFFFFFFFFFFFFFFFFFFFFF">
      <id>5734</id>
      <classname>org.openmrs.ConceptDescription</classname>
      <dateChanged id="427">2011-12-15 08:12:05</dateChanged>
    </org.openmrs.module.metadatasharing.Item>
    <org.openmrs.module.metadatasharing.Item id="428" uuid="69aebfb3-3642-451d-a835-324b20f973b9">
      <id>13538</id>
      <classname>org.openmrs.ConceptMap</classname>
      <dateChanged id="429">2012-06-21 16:49:52</dateChanged>
    </org.openmrs.module.metadatasharing.Item>
    <org.openmrs.module.metadatasharing.Item id="430" uuid="670af1ab-33d9-3a8e-96bb-8c4699750a51">
      <id>13538</id>
      <classname>org.openmrs.ConceptReferenceTerm</classname>
      <dateChanged id="431">2011-10-31 00:00:00</dateChanged>
      <retired>false</retired>
    </org.openmrs.module.metadatasharing.Item>
    <org.openmrs.module.metadatasharing.Item id="432" uuid="82d6aaa1-98ea-45e8-98b1-13ec7b8a6cfc">
      <id>14732</id>
      <classname>org.openmrs.ConceptMap</classname>
      <dateChanged id="433">2013-02-20 04:53:51</dateChanged>
    </org.openmrs.module.metadatasharing.Item>
    <org.openmrs.module.metadatasharing.Item id="434" uuid="74fcbb7e-741f-4df2-92d2-0319071fa19c">
      <id>14832</id>
      <classname>org.openmrs.ConceptReferenceTerm</classname>
      <dateChanged id="435">2013-02-20 04:45:49</dateChanged>
      <retired>false</retired>
    </org.openmrs.module.metadatasharing.Item>
    <org.openmrs.module.metadatasharing.Item id="436" uuid="05524376-9967-4731-8914-3dd8d020467f">
      <id>13515</id>
      <classname>org.openmrs.ConceptMap</classname>
      <dateChanged id="437">2012-06-21 16:49:52</dateChanged>
    </org.openmrs.module.metadatasharing.Item>
    <org.openmrs.module.metadatasharing.Item id="438" uuid="bed82485-a917-3ced-9731-e9a88bfd3e1d">
      <id>13515</id>
      <classname>org.openmrs.ConceptReferenceTerm</classname>
      <dateChanged id="439">2011-10-31 00:00:00</dateChanged>
      <retired>false</retired>
    </org.openmrs.module.metadatasharing.Item>
    <org.openmrs.module.metadatasharing.Item id="440" uuid="76ba6ca3-4578-4643-a9b6-13b91c28ea91">
      <id>13537</id>
      <classname>org.openmrs.ConceptMap</classname>
      <dateChanged id="441">2012-06-21 16:49:52</dateChanged>
    </org.openmrs.module.metadatasharing.Item>
    <org.openmrs.module.metadatasharing.Item id="442" uuid="898a48de-c2d0-3e24-8c2a-312cf7522472">
      <id>13537</id>
      <classname>org.openmrs.ConceptReferenceTerm</classname>
      <dateChanged id="443">2011-10-31 00:00:00</dateChanged>
      <retired>false</retired>
    </org.openmrs.module.metadatasharing.Item>
    <org.openmrs.module.metadatasharing.Item id="444" uuid="585AEEEEEEEEEEEEEEEEEEEEEEEEEEEEEEEE">
      <id>1536</id>
      <classname>org.openmrs.ConceptSet</classname>
      <dateChanged id="445">2010-12-14 02:46:37</dateChanged>
    </org.openmrs.module.metadatasharing.Item>
    <org.openmrs.module.metadatasharing.Item id="446" uuid="159948AAAAAAAAAAAAAAAAAAAAAAAAAAAAAA">
      <id>7538</id>
      <classname>org.openmrs.Concept</classname>
      <dateChanged id="447">2011-10-31 16:52:35</dateChanged>
      <retired>false</retired>
    </org.openmrs.module.metadatasharing.Item>
    <org.openmrs.module.metadatasharing.Item id="448" uuid="8d4a505e-c2cc-11de-8d13-0010c6dffd0f">
      <id>6</id>
      <classname>org.openmrs.ConceptDatatype</classname>
      <dateChanged id="449">2004-07-22 00:00:00</dateChanged>
      <retired>false</retired>
    </org.openmrs.module.metadatasharing.Item>
    <org.openmrs.module.metadatasharing.Item id="450" uuid="107503BBBBBBBBBBBBBBBBBBBBBBBBBBBBBB">
      <id>15375</id>
      <classname>org.openmrs.ConceptName</classname>
      <dateChanged id="451">2010-12-14 02:46:18</dateChanged>
    </org.openmrs.module.metadatasharing.Item>
    <org.openmrs.module.metadatasharing.Item id="452" uuid="16477FFFFFFFFFFFFFFFFFFFFFFFFFFFFFFF">
      <id>5735</id>
      <classname>org.openmrs.ConceptDescription</classname>
      <dateChanged id="453">2011-10-31 16:52:35</dateChanged>
    </org.openmrs.module.metadatasharing.Item>
    <org.openmrs.module.metadatasharing.Item id="454" uuid="7f1fdf8f-90c7-416e-a1d1-c33aab2aae44">
      <id>13535</id>
      <classname>org.openmrs.ConceptMap</classname>
      <dateChanged id="455">2012-06-21 16:49:52</dateChanged>
    </org.openmrs.module.metadatasharing.Item>
    <org.openmrs.module.metadatasharing.Item id="456" uuid="5e0a714d-08f4-3b7a-a97c-294aa8985196">
      <id>13535</id>
      <classname>org.openmrs.ConceptReferenceTerm</classname>
      <dateChanged id="457">2011-10-31 00:00:00</dateChanged>
      <retired>false</retired>
    </org.openmrs.module.metadatasharing.Item>
    <org.openmrs.module.metadatasharing.Item id="458" uuid="c947722d-9598-4085-926e-0698031c7e7a">
      <id>13516</id>
      <classname>org.openmrs.ConceptMap</classname>
      <dateChanged id="459">2012-06-21 16:49:52</dateChanged>
    </org.openmrs.module.metadatasharing.Item>
    <org.openmrs.module.metadatasharing.Item id="460" uuid="97887c12-0469-3e84-a250-5e89a7ab458c">
      <id>13516</id>
      <classname>org.openmrs.ConceptReferenceTerm</classname>
      <dateChanged id="461">2011-10-31 00:00:00</dateChanged>
      <retired>false</retired>
    </org.openmrs.module.metadatasharing.Item>
    <org.openmrs.module.metadatasharing.Item id="462" uuid="137054ABBBBBBBBBBBBBBBBBBBBBBBBBBBBB">
      <id>13517</id>
      <classname>org.openmrs.ConceptMap</classname>
      <dateChanged id="463">2012-06-21 16:49:52</dateChanged>
    </org.openmrs.module.metadatasharing.Item>
    <org.openmrs.module.metadatasharing.Item id="464" uuid="ecdb32fb-fde1-3538-a18e-c7b3a830dcd3">
      <id>13517</id>
      <classname>org.openmrs.ConceptReferenceTerm</classname>
      <dateChanged id="465">2010-12-14 00:00:00</dateChanged>
      <retired>false</retired>
    </org.openmrs.module.metadatasharing.Item>
    <org.openmrs.module.metadatasharing.Item id="466" uuid="334cf6bc-3d67-4a32-98d8-5bf2aa29010a">
      <id>13536</id>
      <classname>org.openmrs.ConceptMap</classname>
      <dateChanged id="467">2012-06-21 16:49:52</dateChanged>
    </org.openmrs.module.metadatasharing.Item>
    <org.openmrs.module.metadatasharing.Item id="468" uuid="691f72d4-a383-310a-b9fd-6921e3c4e492">
      <id>13536</id>
      <classname>org.openmrs.ConceptReferenceTerm</classname>
      <dateChanged id="469">2011-10-31 00:00:00</dateChanged>
      <retired>false</retired>
    </org.openmrs.module.metadatasharing.Item>
    <org.openmrs.module.metadatasharing.Item id="470" uuid="16476FFFFFFFFFFFFFFFFFFFFFFFFFFFFFFF">
      <id>5736</id>
      <classname>org.openmrs.ConceptDescription</classname>
      <dateChanged id="471">2011-10-31 16:52:07</dateChanged>
    </org.openmrs.module.metadatasharing.Item>
    <org.openmrs.module.metadatasharing.Item id="472" uuid="7c6da065-9e34-4fd1-9cc0-cf0eb8baf01e">
      <id>13534</id>
      <classname>org.openmrs.ConceptMap</classname>
      <dateChanged id="473">2012-06-21 16:49:52</dateChanged>
    </org.openmrs.module.metadatasharing.Item>
    <org.openmrs.module.metadatasharing.Item id="474" uuid="97b0e83c-1a72-3827-ace1-cbf05b1fa999">
      <id>13534</id>
      <classname>org.openmrs.ConceptReferenceTerm</classname>
      <dateChanged id="475">2011-10-31 00:00:00</dateChanged>
      <retired>false</retired>
    </org.openmrs.module.metadatasharing.Item>
    <org.openmrs.module.metadatasharing.Item id="476" uuid="a609fbe9-7518-446f-9daf-16aef46978ee">
      <id>14730</id>
      <classname>org.openmrs.ConceptMap</classname>
      <dateChanged id="477">2013-02-20 04:47:45</dateChanged>
    </org.openmrs.module.metadatasharing.Item>
    <org.openmrs.module.metadatasharing.Item id="478" uuid="a3427aee-d3e3-4e17-838f-4da08603ff1d">
      <id>14829</id>
      <classname>org.openmrs.ConceptReferenceTerm</classname>
      <dateChanged id="479">2013-02-20 04:44:01</dateChanged>
      <retired>false</retired>
    </org.openmrs.module.metadatasharing.Item>
    <org.openmrs.module.metadatasharing.Item id="480" uuid="6356cb21-b452-43fd-9f28-57abe7d08ba5">
      <id>13518</id>
      <classname>org.openmrs.ConceptMap</classname>
      <dateChanged id="481">2012-06-21 16:49:52</dateChanged>
    </org.openmrs.module.metadatasharing.Item>
    <org.openmrs.module.metadatasharing.Item id="482" uuid="074e6afb-a7a2-3254-8c0b-c2ce6dc8aa68">
      <id>13518</id>
      <classname>org.openmrs.ConceptReferenceTerm</classname>
      <dateChanged id="483">2011-10-31 00:00:00</dateChanged>
      <retired>false</retired>
    </org.openmrs.module.metadatasharing.Item>
    <org.openmrs.module.metadatasharing.Item id="484" uuid="29d1d2cb-fb85-4d9d-a77c-15eaaa643b49">
      <id>13533</id>
      <classname>org.openmrs.ConceptMap</classname>
      <dateChanged id="485">2012-06-21 16:49:52</dateChanged>
    </org.openmrs.module.metadatasharing.Item>
    <org.openmrs.module.metadatasharing.Item id="486" uuid="7bfbe465-1dc3-3ac4-970c-3fc9d83f6f44">
      <id>13533</id>
      <classname>org.openmrs.ConceptReferenceTerm</classname>
      <dateChanged id="487">2011-10-31 00:00:00</dateChanged>
      <retired>false</retired>
    </org.openmrs.module.metadatasharing.Item>
    <org.openmrs.module.metadatasharing.Item id="488" uuid="137053ABBBBBBBBBBBBBBBBBBBBBBBBBBBBB">
      <id>13519</id>
      <classname>org.openmrs.ConceptMap</classname>
      <dateChanged id="489">2010-12-14 02:44:15</dateChanged>
    </org.openmrs.module.metadatasharing.Item>
    <org.openmrs.module.metadatasharing.Item id="490" uuid="43ac5109-7d8c-11e1-909d-c80aa9edcf4e">
      <id>2</id>
      <classname>org.openmrs.ConceptMapType</classname>
      <dateChanged id="491">2012-06-21 00:00:00</dateChanged>
      <retired>false</retired>
    </org.openmrs.module.metadatasharing.Item>
    <org.openmrs.module.metadatasharing.Item id="492" uuid="b41a3268-7c36-325c-9020-b710c5316ce3">
      <id>13519</id>
      <classname>org.openmrs.ConceptReferenceTerm</classname>
      <dateChanged id="493">2010-12-14 00:00:00</dateChanged>
      <retired>false</retired>
    </org.openmrs.module.metadatasharing.Item>
    <org.openmrs.module.metadatasharing.Item id="494" uuid="2ADDDDDDDDDDDDDDDDDDDDDDDDDDDDDDDDDD">
      <id>8</id>
      <classname>org.openmrs.ConceptSource</classname>
      <dateChanged id="495">2010-04-25 11:12:44</dateChanged>
      <retired>false</retired>
    </org.openmrs.module.metadatasharing.Item>
    <org.openmrs.module.metadatasharing.Item id="496" uuid="0e4a2b3c-10b2-4de1-bfc5-9e7f484724ed">
      <id>17757</id>
      <classname>org.openmrs.ConceptName</classname>
      <dateChanged id="497">2013-01-12 02:21:52</dateChanged>
    </org.openmrs.module.metadatasharing.Item>
    <org.openmrs.module.metadatasharing.Item id="498" uuid="18f77cc8-7d92-4331-a53d-0b6cff12ffd4">
      <id>17758</id>
      <classname>org.openmrs.ConceptName</classname>
      <dateChanged id="499">2013-01-12 02:21:52</dateChanged>
    </org.openmrs.module.metadatasharing.Item>
    <org.openmrs.module.metadatasharing.Item id="500" uuid="6a2ea1df-a577-48d7-8bcb-3a74c2f3beb6">
      <id>5907</id>
      <classname>org.openmrs.ConceptDescription</classname>
      <dateChanged id="501">2013-01-12 02:21:52</dateChanged>
    </org.openmrs.module.metadatasharing.Item>
    <org.openmrs.module.metadatasharing.Item id="502" uuid="0f9f83db-fa59-48d4-b7c1-030d2f15a4ee">
      <id>14515</id>
      <classname>org.openmrs.ConceptMap</classname>
      <dateChanged id="503">2013-01-12 02:47:25</dateChanged>
    </org.openmrs.module.metadatasharing.Item>
    <org.openmrs.module.metadatasharing.Item id="504" uuid="93a72e87-a67e-4326-a94e-bd7d6dfefa21">
      <id>14619</id>
      <classname>org.openmrs.ConceptReferenceTerm</classname>
      <dateChanged id="505">2013-01-12 02:20:38</dateChanged>
      <retired>false</retired>
    </org.openmrs.module.metadatasharing.Item>
    <org.openmrs.module.metadatasharing.Item id="506" uuid="f6071fa4-d5db-102d-ad2a-000c29c2a5d7">
      <id>10878</id>
      <classname>org.openmrs.ConceptName</classname>
      <dateChanged id="507">2010-06-29 13:03:17</dateChanged>
    </org.openmrs.module.metadatasharing.Item>
    <org.openmrs.module.metadatasharing.Item id="508" uuid="3e18bed6-26fe-102b-80cb-0017a47871b2">
      <id>1448</id>
      <classname>org.openmrs.ConceptName</classname>
      <dateChanged id="509">2006-06-13 23:41:10</dateChanged>
    </org.openmrs.module.metadatasharing.Item>
    <org.openmrs.module.metadatasharing.Item id="510" uuid="3e18c03e-26fe-102b-80cb-0017a47871b2">
      <id>1449</id>
      <classname>org.openmrs.ConceptName</classname>
      <dateChanged id="511">2006-06-13 23:41:10</dateChanged>
    </org.openmrs.module.metadatasharing.Item>
    <org.openmrs.module.metadatasharing.Item id="512" uuid="ece80fca-07fe-102c-b5fa-0017a47871b2">
      <id>1393</id>
      <classname>org.openmrs.ConceptDescription</classname>
      <dateChanged id="513">2011-06-02 12:11:43</dateChanged>
    </org.openmrs.module.metadatasharing.Item>
    <org.openmrs.module.metadatasharing.Item id="514" uuid="84d51c18-ec29-4302-9709-4e8d7095abda">
      <id>14743</id>
      <classname>org.openmrs.ConceptMap</classname>
      <dateChanged id="515">2013-02-20 22:15:32</dateChanged>
    </org.openmrs.module.metadatasharing.Item>
    <org.openmrs.module.metadatasharing.Item id="516" uuid="878a8213-5224-4d1c-9cd5-d7b405a7ffeb">
      <id>14835</id>
      <classname>org.openmrs.ConceptReferenceTerm</classname>
      <dateChanged id="517">2013-02-20 04:46:50</dateChanged>
      <retired>false</retired>
    </org.openmrs.module.metadatasharing.Item>
    <org.openmrs.module.metadatasharing.Item id="518" uuid="7571b008-4943-102e-96e9-000c29c2a5d7">
      <id>7206</id>
      <classname>org.openmrs.ConceptMap</classname>
      <dateChanged id="519">2012-06-21 16:49:52</dateChanged>
    </org.openmrs.module.metadatasharing.Item>
    <org.openmrs.module.metadatasharing.Item id="520" uuid="1c375e1c-c3e9-36d2-ba31-3a5a5aeb1f07">
      <id>7206</id>
      <classname>org.openmrs.ConceptReferenceTerm</classname>
      <dateChanged id="521">2010-11-24 00:00:00</dateChanged>
      <retired>false</retired>
    </org.openmrs.module.metadatasharing.Item>
    <org.openmrs.module.metadatasharing.Item id="522" uuid="17139f85-7516-4e0f-b02a-6bfc2f69b70f">
      <id>12659</id>
      <classname>org.openmrs.ConceptMap</classname>
      <dateChanged id="523">2012-06-21 16:49:52</dateChanged>
    </org.openmrs.module.metadatasharing.Item>
    <org.openmrs.module.metadatasharing.Item id="524" uuid="2cf66081-bb2f-31f2-b070-246554c37b3b">
      <id>12659</id>
      <classname>org.openmrs.ConceptReferenceTerm</classname>
      <dateChanged id="525">2011-06-02 00:00:00</dateChanged>
      <retired>false</retired>
    </org.openmrs.module.metadatasharing.Item>
    <org.openmrs.module.metadatasharing.Item id="526" uuid="b21146fc-4864-102e-96e9-000c29c2a5d7">
      <id>1366</id>
      <classname>org.openmrs.ConceptMap</classname>
      <dateChanged id="527">2012-06-21 16:49:52</dateChanged>
    </org.openmrs.module.metadatasharing.Item>
    <org.openmrs.module.metadatasharing.Item id="528" uuid="c529c366-5e31-3328-a15f-38b13c02023f">
      <id>1366</id>
      <classname>org.openmrs.ConceptReferenceTerm</classname>
      <dateChanged id="529">2010-11-23 00:00:00</dateChanged>
      <retired>false</retired>
    </org.openmrs.module.metadatasharing.Item>
    <org.openmrs.module.metadatasharing.Item id="530" uuid="94aa8330-07d4-102c-b5fa-0017a47871b2">
      <id>7005</id>
      <classname>org.openmrs.ConceptName</classname>
      <dateChanged id="531">2004-10-07 00:00:00</dateChanged>
    </org.openmrs.module.metadatasharing.Item>
    <org.openmrs.module.metadatasharing.Item id="532" uuid="0b856fae-15f5-102d-96e4-000c29c2a5d7">
      <id>7068</id>
      <classname>org.openmrs.ConceptName</classname>
      <dateChanged id="533">2004-10-07 00:00:00</dateChanged>
    </org.openmrs.module.metadatasharing.Item>
    <org.openmrs.module.metadatasharing.Item id="534" uuid="f7516fea-d5db-102d-ad2a-000c29c2a5d7">
      <id>13618</id>
      <classname>org.openmrs.ConceptName</classname>
      <dateChanged id="535">2012-06-21 20:24:20</dateChanged>
    </org.openmrs.module.metadatasharing.Item>
    <org.openmrs.module.metadatasharing.Item id="536" uuid="93bf6ca6-07d4-102c-b5fa-0017a47871b2">
      <id>6168</id>
      <classname>org.openmrs.ConceptName</classname>
      <dateChanged id="537">2004-08-12 00:00:00</dateChanged>
    </org.openmrs.module.metadatasharing.Item>
    <org.openmrs.module.metadatasharing.Item id="538" uuid="3e3b048c-26fe-102b-80cb-0017a47871b2">
      <id>3453</id>
      <classname>org.openmrs.ConceptName</classname>
      <dateChanged id="539">2006-06-07 21:19:39</dateChanged>
    </org.openmrs.module.metadatasharing.Item>
    <org.openmrs.module.metadatasharing.Item id="540" uuid="3e3b031a-26fe-102b-80cb-0017a47871b2">
      <id>3452</id>
      <classname>org.openmrs.ConceptName</classname>
      <dateChanged id="541">2004-08-12 00:00:00</dateChanged>
    </org.openmrs.module.metadatasharing.Item>
    <org.openmrs.module.metadatasharing.Item id="542" uuid="93bf70f2-07d4-102c-b5fa-0017a47871b2">
      <id>6169</id>
      <classname>org.openmrs.ConceptName</classname>
      <dateChanged id="543">2006-06-07 21:19:39</dateChanged>
    </org.openmrs.module.metadatasharing.Item>
    <org.openmrs.module.metadatasharing.Item id="544" uuid="ecf70480-07fe-102c-b5fa-0017a47871b2">
      <id>2888</id>
      <classname>org.openmrs.ConceptDescription</classname>
      <dateChanged id="545">2011-06-02 12:10:05</dateChanged>
    </org.openmrs.module.metadatasharing.Item>
    <org.openmrs.module.metadatasharing.Item id="546" uuid="ecf7078c-07fe-102c-b5fa-0017a47871b2">
      <id>2889</id>
      <classname>org.openmrs.ConceptDescription</classname>
      <dateChanged id="547">2011-06-02 12:10:05</dateChanged>
    </org.openmrs.module.metadatasharing.Item>
    <org.openmrs.module.metadatasharing.Item id="548" uuid="75a40d28-4943-102e-96e9-000c29c2a5d7">
      <id>9899</id>
      <classname>org.openmrs.ConceptMap</classname>
      <dateChanged id="549">2012-06-21 16:49:52</dateChanged>
    </org.openmrs.module.metadatasharing.Item>
    <org.openmrs.module.metadatasharing.Item id="550" uuid="0c59f81d-8dfd-3f86-abff-9638f3759923">
      <id>9899</id>
      <classname>org.openmrs.ConceptReferenceTerm</classname>
      <dateChanged id="551">2010-11-24 00:00:00</dateChanged>
      <retired>false</retired>
    </org.openmrs.module.metadatasharing.Item>
    <org.openmrs.module.metadatasharing.Item id="552" uuid="b2637c38-4864-102e-96e9-000c29c2a5d7">
      <id>4158</id>
      <classname>org.openmrs.ConceptMap</classname>
      <dateChanged id="553">2012-06-21 16:49:52</dateChanged>
    </org.openmrs.module.metadatasharing.Item>
    <org.openmrs.module.metadatasharing.Item id="554" uuid="18a5ad54-5db3-3a51-b21c-ce9f834530b0">
      <id>4158</id>
      <classname>org.openmrs.ConceptReferenceTerm</classname>
      <dateChanged id="555">2010-11-23 00:00:00</dateChanged>
      <retired>false</retired>
    </org.openmrs.module.metadatasharing.Item>
    <org.openmrs.module.metadatasharing.Item id="556" uuid="eabd335e-9615-46af-95ae-c42f0d901766">
      <id>12657</id>
      <classname>org.openmrs.ConceptMap</classname>
      <dateChanged id="557">2012-06-21 16:49:52</dateChanged>
    </org.openmrs.module.metadatasharing.Item>
    <org.openmrs.module.metadatasharing.Item id="558" uuid="480fd9fe-25f7-3976-9eea-a0c4d9b8911c">
      <id>12657</id>
      <classname>org.openmrs.ConceptReferenceTerm</classname>
      <dateChanged id="559">2011-06-02 00:00:00</dateChanged>
      <retired>false</retired>
    </org.openmrs.module.metadatasharing.Item>
    <org.openmrs.module.metadatasharing.Item id="560" uuid="93bf6864-07d4-102c-b5fa-0017a47871b2">
      <id>6167</id>
      <classname>org.openmrs.ConceptName</classname>
      <dateChanged id="561">2004-08-12 00:00:00</dateChanged>
    </org.openmrs.module.metadatasharing.Item>
    <org.openmrs.module.metadatasharing.Item id="562" uuid="3e3b019e-26fe-102b-80cb-0017a47871b2">
      <id>3451</id>
      <classname>org.openmrs.ConceptName</classname>
      <dateChanged id="563">2004-08-12 00:00:00</dateChanged>
    </org.openmrs.module.metadatasharing.Item>
    <org.openmrs.module.metadatasharing.Item id="564" uuid="93f4d328-07d4-102c-b5fa-0017a47871b2">
      <id>6767</id>
      <classname>org.openmrs.ConceptName</classname>
      <dateChanged id="565">2004-10-07 00:00:00</dateChanged>
    </org.openmrs.module.metadatasharing.Item>
    <org.openmrs.module.metadatasharing.Item id="566" uuid="0b83161e-15f5-102d-96e4-000c29c2a5d7">
      <id>6733</id>
      <classname>org.openmrs.ConceptName</classname>
      <dateChanged id="567">2004-10-07 00:00:00</dateChanged>
    </org.openmrs.module.metadatasharing.Item>
    <org.openmrs.module.metadatasharing.Item id="568" uuid="f75155fa-d5db-102d-ad2a-000c29c2a5d7">
      <id>13617</id>
      <classname>org.openmrs.ConceptName</classname>
      <dateChanged id="569">2010-06-29 13:05:29</dateChanged>
    </org.openmrs.module.metadatasharing.Item>
    <org.openmrs.module.metadatasharing.Item id="570" uuid="ecf70250-07fe-102c-b5fa-0017a47871b2">
      <id>2887</id>
      <classname>org.openmrs.ConceptDescription</classname>
      <dateChanged id="571">2011-03-21 14:58:18</dateChanged>
    </org.openmrs.module.metadatasharing.Item>
    <org.openmrs.module.metadatasharing.Item id="572" uuid="b2637abc-4864-102e-96e9-000c29c2a5d7">
      <id>4157</id>
      <classname>org.openmrs.ConceptMap</classname>
      <dateChanged id="573">2012-06-21 16:49:52</dateChanged>
    </org.openmrs.module.metadatasharing.Item>
    <org.openmrs.module.metadatasharing.Item id="574" uuid="6bb32e37-a6ff-36cd-b58c-0399778a9c1b">
      <id>4157</id>
      <classname>org.openmrs.ConceptReferenceTerm</classname>
      <dateChanged id="575">2010-11-23 00:00:00</dateChanged>
      <retired>false</retired>
    </org.openmrs.module.metadatasharing.Item>
    <org.openmrs.module.metadatasharing.Item id="576" uuid="75a40bc0-4943-102e-96e9-000c29c2a5d7">
      <id>9898</id>
      <classname>org.openmrs.ConceptMap</classname>
      <dateChanged id="577">2012-06-21 16:49:52</dateChanged>
    </org.openmrs.module.metadatasharing.Item>
    <org.openmrs.module.metadatasharing.Item id="578" uuid="2c8854a9-4c00-3ee6-874c-d32ac84294e7">
      <id>9898</id>
      <classname>org.openmrs.ConceptReferenceTerm</classname>
      <dateChanged id="579">2010-11-24 00:00:00</dateChanged>
      <retired>false</retired>
    </org.openmrs.module.metadatasharing.Item>
  </relatedItems>
  <incrementalVersion>false</incrementalVersion>
</package>
