<?xml version="1.0" encoding="UTF-8"?>
<list id="1">
  <org.openmrs.Location id="2" uuid="272bd989-a8ee-4a16-b5aa-55bad4e84f5c">
    <name>Antepartum ward</name>
    <description>Antepartum ward at Mirebalais Hospital (Before giving birth)</description>
    <creator/>
    <dateCreated id="3">2012-11-13 19:03:36</dateCreated>
    <retired>false</retired>
    <attributes id="4"/>
    <locationId>77</locationId>
    <parentLocation id="5" resolves-to="org.openmrs.Location" uuid="a084f714-a536-473b-94e6-ec317b152b43">
      <name>Mirebalais Hospital</name>
      <description>Mirebalais (MoH code 62101)</description>
      <creator/>
      <dateCreated id="7">2012-07-16 14:59:16</dateCreated>
      <retired>false</retired>
      <attributes id="8"/>
      <locationId>55</locationId>
      <cityVillage>Mirebalais</cityVillage>
      <stateProvince>Centre</stateProvince>
      <country>Haiti</country>
      <childLocations id="9">
        <org.openmrs.Location id="10" uuid="53cd4959-5f4d-4ddc-9971-7fc27e0b7946">
          <name>Main laboratory</name>
          <description>Main laboratory at Mirebalais Hospital</description>
          <creator/>
          <dateCreated id="11">2012-11-13 19:05:53</dateCreated>
          <retired>false</retired>
          <attributes id="12"/>
          <locationId>83</locationId>
          <parentLocation reference="5"/>
          <childLocations id="13"/>
          <tags id="14">
            <org.openmrs.LocationTag id="15" uuid="0967d73d-f3c9-492b-abed-356478610a94">
              <name>Visit Location</name>
              <description>Visits are only allowed to happen at locations tagged with this location tag or at locations that descend from a location tagged with this tag.</description>
              <creator/>
              <dateCreated id="16">2012-10-23 16:13:45</dateCreated>
              <retired>false</retired>
              <locationTagId>2</locationTagId>
            </org.openmrs.LocationTag>
            <org.openmrs.LocationTag id="17" uuid="b8bbf83e-645f-451f-8efe-a0db56f09676">
              <name>Login Location</name>
              <description>When a user logs in and chooses a session location, they may only choose one with this tag</description>
              <creator/>
              <dateCreated id="18">2012-11-03 21:39:44</dateCreated>
              <retired>false</retired>
              <locationTagId>3</locationTagId>
            </org.openmrs.LocationTag>
          </tags>
        </org.openmrs.Location>
        <org.openmrs.Location id="19" uuid="950852f3-8a96-4d82-a5f8-a68a92043164">
          <name>Postpartum ward</name>
          <description>Postpartum ward at Mirebalais Hospital (After giving birth)</description>
          <creator/>
          <dateCreated id="20">2012-11-13 19:04:06</dateCreated>
          <retired>false</retired>
          <attributes id="21"/>
          <locationId>78</locationId>
          <parentLocation reference="5"/>
          <childLocations id="22"/>
          <tags id="23">
            <org.openmrs.LocationTag reference="15"/>
            <org.openmrs.LocationTag reference="17"/>
          </tags>
        </org.openmrs.Location>
        <org.openmrs.Location id="24" uuid="9b2066a2-7087-47f6-9b3a-b001037432a3">
          <name>Womens clinic</name>
          <description>Women&apos;s Outpatient clinic at Mirebalais Hospital (Sante Fanm).</description>
          <creator/>
          <dateCreated id="25">2012-09-24 17:08:58</dateCreated>
          <retired>false</retired>
          <retireReason></retireReason>
          <attributes id="26"/>
          <locationId>62</locationId>
          <parentLocation reference="5"/>
          <childLocations id="27"/>
          <tags id="28">
            <org.openmrs.LocationTag reference="15"/>
            <org.openmrs.LocationTag reference="17"/>
          </tags>
        </org.openmrs.Location>
        <org.openmrs.Location id="29" uuid="cfe92278-0181-4315-ab7d-1731753120f0">
          <name>Radiology</name>
          <description>Radiology at Mirebalais Hospital</description>
          <creator/>
          <dateCreated id="30">2012-11-13 19:14:22</dateCreated>
          <retired>false</retired>
          <attributes id="31"/>
          <locationId>85</locationId>
          <parentLocation reference="5"/>
          <childLocations id="32"/>
          <tags id="33">
            <org.openmrs.LocationTag reference="15"/>
            <org.openmrs.LocationTag reference="17"/>
          </tags>
        </org.openmrs.Location>
        <org.openmrs.Location id="34" uuid="f3a5586e-f06c-4dfb-96b0-6f3451a35e90">
          <name>Emergency</name>
          <description>Emergency room at Mirebalais Hospital (Ijans)</description>
          <creator/>
          <dateCreated id="35">2012-09-24 17:10:31</dateCreated>
          <retired>false</retired>
          <attributes id="36"/>
          <locationId>63</locationId>
          <parentLocation reference="5"/>
          <childLocations id="37"/>
          <tags id="38">
            <org.openmrs.LocationTag reference="15"/>
            <org.openmrs.LocationTag reference="17"/>
          </tags>
        </org.openmrs.Location>
        <org.openmrs.Location id="39" uuid="109a13a9-029d-498d-b66e-bab5eb396996">
          <name>Pre-op/PACU</name>
          <description>Pre-op/PACU at Mirebalais Hospital (Before surgery, and Post-Anesthesia Care Unit)</description>
          <creator/>
          <dateCreated id="40">2012-11-13 19:02:22</dateCreated>
          <retired>false</retired>
          <attributes id="41"/>
          <locationId>74</locationId>
          <parentLocation reference="5"/>
          <childLocations id="42"/>
          <tags id="43">
            <org.openmrs.LocationTag reference="15"/>
            <org.openmrs.LocationTag reference="17"/>
          </tags>
        </org.openmrs.Location>
        <org.openmrs.Location id="44" uuid="199e7d87-92a0-4398-a0f8-11d012178164">
          <name>Outpatient clinic</name>
          <description>The outpatient clinic at Mirebalais Hospital (Klinik Extern).</description>
          <creator/>
          <dateCreated id="45">2012-09-24 17:07:04</dateCreated>
          <retired>false</retired>
          <attributes id="46"/>
          <locationId>61</locationId>
          <parentLocation reference="5"/>
          <childLocations id="47"/>
          <tags id="48">
            <org.openmrs.LocationTag reference="15"/>
            <org.openmrs.LocationTag reference="17"/>
          </tags>
        </org.openmrs.Location>
        <org.openmrs.Location id="49" uuid="29437276-aeae-4ea8-8219-720886cdc87f">
          <name>Isolation</name>
          <description>Isolation at Mirebalais Hospital</description>
          <creator/>
          <dateCreated id="50">2012-11-13 19:05:26</dateCreated>
          <retired>false</retired>
          <attributes id="51"/>
          <locationId>82</locationId>
          <parentLocation reference="5"/>
          <childLocations id="52"/>
          <tags id="53">
            <org.openmrs.LocationTag reference="15"/>
            <org.openmrs.LocationTag reference="17"/>
          </tags>
        </org.openmrs.Location>
        <org.openmrs.Location id="54" uuid="4f2d9af1-7eec-4228-bbd6-7b0774c6c267">
          <name>Dental</name>
          <description>Dental clinic at Mirebalais Hospital (Dental Clinic).</description>
          <creator/>
          <dateCreated id="55">2012-11-13 15:14:40</dateCreated>
          <retired>false</retired>
          <attributes id="56"/>
          <locationId>65</locationId>
          <parentLocation reference="5"/>
          <childLocations id="57"/>
          <tags id="58">
            <org.openmrs.LocationTag reference="15"/>
            <org.openmrs.LocationTag reference="17"/>
          </tags>
        </org.openmrs.Location>
        <org.openmrs.Location id="59" uuid="3b6f010b-5d44-4ded-85b3-70ea7ba79fd5">
          <name>Men’s Internal Medicine A</name>
          <description>Men’s Internal Medicine A at Mirebalais Hospital (1st Inpatient ward for men)</description>
          <creator/>
          <dateCreated id="60">2012-11-13 18:54:56</dateCreated>
          <retired>false</retired>
          <attributes id="61"/>
          <locationId>66</locationId>
          <parentLocation reference="5"/>
          <childLocations id="62"/>
          <tags id="63">
            <org.openmrs.LocationTag reference="15"/>
            <org.openmrs.LocationTag reference="17"/>
          </tags>
        </org.openmrs.Location>
        <org.openmrs.Location id="64" uuid="a296d225-0312-4ce5-836c-cb2d8e952f47">
          <name>Men’s Internal Medicine B</name>
          <description>Men’s Internal Medicine B at Mirebalais Hospital (2nd Inpatient ward for men)</description>
          <creator/>
          <dateCreated id="65">2012-11-13 18:56:58</dateCreated>
          <retired>false</retired>
          <attributes id="66"/>
          <locationId>67</locationId>
          <parentLocation reference="5"/>
          <childLocations id="67"/>
          <tags id="68">
            <org.openmrs.LocationTag reference="15"/>
            <org.openmrs.LocationTag reference="17"/>
          </tags>
        </org.openmrs.Location>
        <org.openmrs.Location id="69" uuid="e752ec51-5633-489f-aef1-01f285c03f38">
          <name>Pediatrics B</name>
          <description>Pediatrics B at Mirebalais Hospital (2nd Inpatient ward for children)</description>
          <creator/>
          <dateCreated id="70">2012-11-13 19:01:13</dateCreated>
          <retired>false</retired>
          <attributes id="71"/>
          <locationId>71</locationId>
          <parentLocation reference="5"/>
          <childLocations id="72"/>
          <tags id="73">
            <org.openmrs.LocationTag reference="15"/>
            <org.openmrs.LocationTag reference="17"/>
          </tags>
        </org.openmrs.Location>
        <org.openmrs.Location id="74" uuid="8e4e930b-e801-44c5-8895-e7ef6feb6d73">
          <name>Women’s Internal Medicine A</name>
          <description>Women’s Internal Medicine A at Mirebalais Hospital (1st Inpatient ward for women)</description>
          <creator/>
          <dateCreated id="75">2012-11-13 19:00:00</dateCreated>
          <retired>false</retired>
          <attributes id="76"/>
          <locationId>68</locationId>
          <parentLocation reference="5"/>
          <childLocations id="77"/>
          <tags id="78">
            <org.openmrs.LocationTag reference="15"/>
            <org.openmrs.LocationTag reference="17"/>
          </tags>
        </org.openmrs.Location>
        <org.openmrs.Location id="79" uuid="7d6cc39d-a600-496f-a320-fd4985f07f0b">
          <name>Surgical Ward</name>
          <description>Surgical Ward at Mirebalais Hospital(Surgery)</description>
          <creator/>
          <dateCreated id="80">2012-11-13 19:02:01</dateCreated>
          <retired>false</retired>
          <attributes id="81"/>
          <locationId>73</locationId>
          <parentLocation reference="5"/>
          <childLocations id="82"/>
          <tags id="83">
            <org.openmrs.LocationTag reference="15"/>
            <org.openmrs.LocationTag reference="17"/>
          </tags>
        </org.openmrs.Location>
        <org.openmrs.Location id="84" uuid="ec9d2302-b525-45ce-bebe-42ea1d38b251">
          <name>Post-op GYN</name>
          <description>Post-op GYN at Mirebalais Hospital(Recovery after surgery related to gynecology)</description>
          <creator/>
          <dateCreated id="85">2012-11-13 19:04:27</dateCreated>
          <retired>false</retired>
          <attributes id="86"/>
          <locationId>79</locationId>
          <parentLocation reference="5"/>
          <childLocations id="87"/>
          <tags id="88">
            <org.openmrs.LocationTag reference="15"/>
            <org.openmrs.LocationTag reference="17"/>
          </tags>
        </org.openmrs.Location>
        <org.openmrs.Location id="89" uuid="dce85b2e-6946-4798-9037-d00f123df7bd">
          <name>Community Health</name>
          <description>Community Health clinic at Mirebalais Hospital (Community Health clinic).</description>
          <creator/>
          <dateCreated id="90">2012-11-13 14:14:25</dateCreated>
          <retired>false</retired>
          <attributes id="91"/>
          <locationId>64</locationId>
          <parentLocation reference="5"/>
          <childLocations id="92"/>
          <tags id="93">
            <org.openmrs.LocationTag reference="15"/>
            <org.openmrs.LocationTag reference="17"/>
          </tags>
        </org.openmrs.Location>
        <org.openmrs.Location id="94" uuid="e4ae2d28-d57c-42ba-b7aa-f6fcac421b2c">
          <name>Pediatrics A</name>
          <description>Pediatrics A at Mirebalais Hospital (1st Inpatient ward for children)</description>
          <creator/>
          <dateCreated id="95">2012-11-13 19:00:46</dateCreated>
          <retired>false</retired>
          <attributes id="96"/>
          <locationId>70</locationId>
          <parentLocation reference="5"/>
          <childLocations id="97"/>
          <tags id="98">
            <org.openmrs.LocationTag reference="15"/>
            <org.openmrs.LocationTag reference="17"/>
          </tags>
        </org.openmrs.Location>
        <org.openmrs.Location id="99" uuid="62a9500e-a1a5-4235-844f-3a8cc0765d53">
          <name>NICU</name>
          <description>NICU at Mirebalais Hospital (Neonatal Intensive Care Unit)</description>
          <creator/>
          <dateCreated id="100">2012-11-13 19:03:14</dateCreated>
          <retired>false</retired>
          <attributes id="101"/>
          <locationId>76</locationId>
          <parentLocation reference="5"/>
          <childLocations id="102"/>
          <tags id="103">
            <org.openmrs.LocationTag reference="15"/>
            <org.openmrs.LocationTag reference="17"/>
          </tags>
        </org.openmrs.Location>
        <org.openmrs.Location id="104" uuid="195d0af1-3887-4a28-a542-b832099fe3ee">
          <name>Women’s Internal Medicine B</name>
          <description>Women’s Internal Medicine B at Mirebalais Hospital (2nd Inpatient ward for women)</description>
          <creator/>
          <dateCreated id="105">2012-11-13 19:00:21</dateCreated>
          <retired>false</retired>
          <attributes id="106"/>
          <locationId>69</locationId>
          <parentLocation reference="5"/>
          <childLocations id="107"/>
          <tags id="108">
            <org.openmrs.LocationTag reference="15"/>
            <org.openmrs.LocationTag reference="17"/>
          </tags>
        </org.openmrs.Location>
        <org.openmrs.Location id="109" uuid="41736d90-12f9-4c16-b5a1-5af170b7bf2a">
          <name>Operating Rooms</name>
          <description>Operating Rooms at Mirebalais Hospital (all six operating rooms)</description>
          <creator/>
          <dateCreated id="110">2012-11-13 19:02:50</dateCreated>
          <retired>false</retired>
          <attributes id="111"/>
          <locationId>75</locationId>
          <parentLocation reference="5"/>
          <childLocations id="112"/>
          <tags id="113">
            <org.openmrs.LocationTag reference="15"/>
            <org.openmrs.LocationTag reference="17"/>
          </tags>
        </org.openmrs.Location>
        <org.openmrs.Location id="114" uuid="b6fcd85f-5995-43c9-875f-3bb2299087ff">
          <name>ICU</name>
          <description>ICU at Mirebalais Hospital (Intensive Care Unit)</description>
          <creator/>
          <dateCreated id="115">2012-11-13 19:01:37</dateCreated>
          <retired>false</retired>
          <attributes id="116"/>
          <locationId>72</locationId>
          <parentLocation reference="5"/>
          <childLocations id="117"/>
          <tags id="118">
            <org.openmrs.LocationTag reference="15"/>
            <org.openmrs.LocationTag reference="17"/>
          </tags>
        </org.openmrs.Location>
        <org.openmrs.Location id="119" uuid="dcfefcb7-163b-47e5-84ae-f715cf3e0e92">
          <name>Labor and Delivery</name>
          <description>Labor and Delivery at Mirebalais Hospital (Births)</description>
          <creator/>
          <dateCreated id="120">2012-11-13 19:04:45</dateCreated>
          <retired>false</retired>
          <attributes id="121"/>
          <locationId>80</locationId>
          <parentLocation reference="5"/>
          <childLocations id="122"/>
          <tags id="123">
            <org.openmrs.LocationTag reference="15"/>
            <org.openmrs.LocationTag reference="17"/>
          </tags>
        </org.openmrs.Location>
        <org.openmrs.Location id="124" uuid="0198d2c3-9c08-45b6-88df-cbb60446ef00">
          <name>Women’s Outpatient Laboratory</name>
          <description>Women’s Outpatient Laboratory at Mirebalais Hospital</description>
          <creator/>
          <dateCreated id="125">2012-11-13 19:06:18</dateCreated>
          <retired>false</retired>
          <attributes id="126"/>
          <locationId>84</locationId>
          <parentLocation reference="5"/>
          <childLocations id="127"/>
          <tags id="128">
            <org.openmrs.LocationTag reference="15"/>
            <org.openmrs.LocationTag reference="17"/>
          </tags>
        </org.openmrs.Location>
        <org.openmrs.Location reference="2"/>
      </childLocations>
      <tags id="129">
        <org.openmrs.LocationTag id="130" uuid="71c99f93-bc0c-4a44-b573-a7ac096ff636">
          <name>Medical Record Location</name>
          <description>Notes that this location is a valid identifier location for an identifier that references a paper medical record</description>
          <creator/>
          <dateCreated id="131">2012-10-09 19:01:33</dateCreated>
          <retired>false</retired>
          <locationTagId>1</locationTagId>
        </org.openmrs.LocationTag>
        <org.openmrs.LocationTag reference="15"/>
      </tags>
    </parentLocation>
    <childLocations id="132"/>
    <tags id="133">
      <org.openmrs.LocationTag reference="15"/>
      <org.openmrs.LocationTag reference="17"/>
    </tags>
  </org.openmrs.Location>
  <org.openmrs.Location reference="5"/>
  <org.openmrs.Location reference="74"/>
  <org.openmrs.Location reference="19"/>
  <org.openmrs.Location reference="119"/>
  <org.openmrs.Location reference="79"/>
  <org.openmrs.Location reference="54"/>
  <org.openmrs.Location reference="10"/>
  <org.openmrs.Location reference="39"/>
  <org.openmrs.Location reference="114"/>
  <org.openmrs.Location reference="89"/>
  <org.openmrs.Location reference="84"/>
  <org.openmrs.Location reference="49"/>
  <org.openmrs.Location reference="104"/>
  <org.openmrs.Location reference="24"/>
  <org.openmrs.Location reference="59"/>
  <org.openmrs.Location reference="29"/>
  <org.openmrs.Location reference="109"/>
  <org.openmrs.Location reference="64"/>
  <org.openmrs.Location reference="34"/>
  <org.openmrs.Location reference="44"/>
  <org.openmrs.Location reference="99"/>
  <org.openmrs.Location id="134" uuid="d65eb8cf-d781-4ea8-9d9a-2b3e03c6074c">
    <name>Women’s Triage</name>
    <description>Women’s Triage at Mirebalais Hospital</description>
    <creator/>
    <dateCreated id="135">2012-11-13 19:05:07</dateCreated>
    <retired>false</retired>
    <attributes id="136"/>
    <locationId>81</locationId>
    <childLocations id="137"/>
    <tags id="138">
      <org.openmrs.LocationTag reference="15"/>
      <org.openmrs.LocationTag reference="17"/>
    </tags>
  </org.openmrs.Location>
  <org.openmrs.Location reference="94"/>
  <org.openmrs.Location reference="69"/>
  <org.openmrs.Location reference="124"/>
</list>
