<?xml version="1.0" encoding="UTF-8"?>
<list id="1">
  <org.openmrs.LocationAttributeType id="2" uuid="64f01c78-191d-4947-a201-7e0a7f0caf21">
    <name>Location Code</name>
    <description>Unique identifier assigned to the location.  (Currently used as a key when exchanging information with McKesson PACS via the PACS Integration module.)</description>
    <creator/>
    <dateCreated id="3">2013-02-18 17:09:38</dateCreated>
    <changedBy/>
    <dateChanged id="4">2013-02-18 17:32:50</dateChanged>
    <retired>false</retired>
    <minOccurs>0</minOccurs>
    <maxOccurs>1</maxOccurs>
    <datatypeClassname>org.openmrs.customdatatype.datatype.FreeTextDatatype</datatypeClassname>
    <locationAttributeTypeId>2</locationAttributeTypeId>
  </org.openmrs.LocationAttributeType>
  <org.openmrs.Location id="5" uuid="272bd989-a8ee-4a16-b5aa-55bad4e84f5c">
    <name>Antepartum Ward</name>
    <description>Antepartum ward at Mirebalais Hospital (Before giving birth)</description>
    <creator/>
    <dateCreated id="6">2012-11-13 19:03:36</dateCreated>
    <retired>false</retired>
    <attributes id="7">
      <org.openmrs.LocationAttribute id="8" uuid="57f66e57-ddbf-41dd-b72b-734feb9cfc10">
        <creator/>
        <dateCreated id="9">2013-02-18 17:10:13</dateCreated>
        <voided>false</voided>
        <owner class="org.openmrs.Location" reference="5"/>
        <attributeType class="org.openmrs.LocationAttributeType" reference="2"/>
        <valueReference>M006</valueReference>
        <locationAttributeId>2</locationAttributeId>
      </org.openmrs.LocationAttribute>
    </attributes>
    <locationId>77</locationId>
    <parentLocation id="10" resolves-to="org.openmrs.Location" uuid="a084f714-a536-473b-94e6-ec317b152b43">
      <name>Mirebalais Hospital</name>
      <description>Mirebalais (MoH code 62101)</description>
      <creator/>
      <dateCreated id="12">2012-07-16 14:59:16</dateCreated>
      <retired>false</retired>
      <attributes id="13">
        <org.openmrs.LocationAttribute id="14" uuid="19cddbbe-fe82-448f-b2ab-95c4b73bc6f5">
          <creator/>
          <dateCreated id="15">2012-12-07 20:46:44</dateCreated>
          <voided>false</voided>
          <owner class="org.openmrs.Location" reference="10"/>
          <attributeType class="org.openmrs.LocationAttributeType" id="16" uuid="a5fb5770-409a-11e2-a25f-0800200c9a66">
            <name>Name to print on ID card</name>
            <description>The name to use when printing a location on an id card</description>
            <creator/>
            <dateCreated id="17">2012-12-07 15:22:34</dateCreated>
            <retired>false</retired>
            <minOccurs>0</minOccurs>
            <maxOccurs>1</maxOccurs>
            <datatypeClassname>org.openmrs.customdatatype.datatype.FreeTextDatatype</datatypeClassname>
            <locationAttributeTypeId>1</locationAttributeTypeId>
          </attributeType>
          <valueReference>Mirebalais</valueReference>
          <locationAttributeId>1</locationAttributeId>
        </org.openmrs.LocationAttribute>
      </attributes>
      <locationId>55</locationId>
      <cityVillage>Mirebalais</cityVillage>
      <stateProvince>Centre</stateProvince>
      <country>Haiti</country>
      <childLocations id="18">
        <org.openmrs.Location id="19" uuid="53cd4959-5f4d-4ddc-9971-7fc27e0b7946">
          <name>Main Laboratory</name>
          <description>Main laboratory at Mirebalais Hospital</description>
          <creator/>
          <dateCreated id="20">2012-11-13 19:05:53</dateCreated>
          <retired>false</retired>
          <attributes id="21">
            <org.openmrs.LocationAttribute id="22" uuid="f3d2b863-4524-40a1-8908-6646255e2e32">
              <creator/>
              <dateCreated id="23">2013-02-18 17:13:39</dateCreated>
              <voided>false</voided>
              <owner class="org.openmrs.Location" reference="19"/>
              <attributeType class="org.openmrs.LocationAttributeType" reference="2"/>
              <valueReference>M007</valueReference>
              <locationAttributeId>10</locationAttributeId>
            </org.openmrs.LocationAttribute>
          </attributes>
          <locationId>83</locationId>
          <parentLocation reference="10"/>
          <childLocations id="24"/>
          <tags id="25">
            <org.openmrs.LocationTag id="26" uuid="b8bbf83e-645f-451f-8efe-a0db56f09676">
              <name>Login Location</name>
              <description>When a user logs in and chooses a session location, they may only choose one with this tag</description>
              <creator/>
              <dateCreated id="27">2012-11-03 21:39:44</dateCreated>
              <retired>false</retired>
              <locationTagId>3</locationTagId>
            </org.openmrs.LocationTag>
          </tags>
        </org.openmrs.Location>
        <org.openmrs.Location id="28" uuid="950852f3-8a96-4d82-a5f8-a68a92043164">
          <name>Postpartum Ward</name>
          <description>Postpartum ward at Mirebalais Hospital (After giving birth)</description>
          <creator/>
          <dateCreated id="29">2012-11-13 19:04:06</dateCreated>
          <retired>false</retired>
          <attributes id="30">
            <org.openmrs.LocationAttribute id="31" uuid="a01858fe-2f18-418d-8b4b-5d3f926efc4f">
              <creator/>
              <dateCreated id="32">2013-02-18 17:16:35</dateCreated>
              <voided>false</voided>
              <owner class="org.openmrs.Location" reference="28"/>
              <attributeType class="org.openmrs.LocationAttributeType" reference="2"/>
              <valueReference>M008</valueReference>
              <locationAttributeId>19</locationAttributeId>
            </org.openmrs.LocationAttribute>
          </attributes>
          <locationId>78</locationId>
          <parentLocation reference="10"/>
          <childLocations id="33"/>
          <tags id="34">
            <org.openmrs.LocationTag reference="26"/>
          </tags>
        </org.openmrs.Location>
        <org.openmrs.Location id="35" uuid="9b2066a2-7087-47f6-9b3a-b001037432a3">
          <name>Women&apos;s Clinic</name>
          <description>Women&apos;s Outpatient clinic at Mirebalais Hospital (Sante Fanm).</description>
          <creator/>
          <dateCreated id="36">2012-09-24 17:08:58</dateCreated>
          <retired>false</retired>
          <attributes id="37">
            <org.openmrs.LocationAttribute id="38" uuid="703614f6-c941-4ec1-a639-65e308762034">
              <creator/>
              <dateCreated id="39">2013-02-18 17:17:47</dateCreated>
              <voided>false</voided>
              <owner class="org.openmrs.Location" reference="35"/>
              <attributeType class="org.openmrs.LocationAttributeType" reference="2"/>
              <valueReference>M003</valueReference>
              <locationAttributeId>23</locationAttributeId>
            </org.openmrs.LocationAttribute>
          </attributes>
          <locationId>62</locationId>
          <parentLocation reference="10"/>
          <childLocations id="40"/>
          <tags id="41">
            <org.openmrs.LocationTag reference="26"/>
          </tags>
        </org.openmrs.Location>
        <org.openmrs.Location id="42" uuid="cfe92278-0181-4315-ab7d-1731753120f0">
          <name>Radiology</name>
          <description>Radiology at Mirebalais Hospital</description>
          <creator/>
          <dateCreated id="43">2012-11-13 19:14:22</dateCreated>
          <retired>false</retired>
          <attributes id="44">
            <org.openmrs.LocationAttribute id="45" uuid="d8be457b-c418-4581-8673-50ca20d2ba42">
              <creator/>
              <dateCreated id="46">2013-02-18 17:17:12</dateCreated>
              <voided>false</voided>
              <owner class="org.openmrs.Location" reference="42"/>
              <attributeType class="org.openmrs.LocationAttributeType" reference="2"/>
              <valueReference>M010</valueReference>
              <locationAttributeId>21</locationAttributeId>
            </org.openmrs.LocationAttribute>
          </attributes>
          <locationId>85</locationId>
          <parentLocation reference="10"/>
          <childLocations id="47"/>
          <tags id="48">
            <org.openmrs.LocationTag reference="26"/>
          </tags>
        </org.openmrs.Location>
        <org.openmrs.Location id="49" uuid="f3a5586e-f06c-4dfb-96b0-6f3451a35e90">
          <name>Emergency</name>
          <description>Emergency room at Mirebalais Hospital (Ijans)</description>
          <creator/>
          <dateCreated id="50">2012-09-24 17:10:31</dateCreated>
          <retired>false</retired>
          <attributes id="51">
            <org.openmrs.LocationAttribute id="52" uuid="82c82a3d-5153-4eaf-9ad5-154eeffe0f1b">
              <creator/>
              <dateCreated id="53">2013-02-18 17:12:17</dateCreated>
              <voided>false</voided>
              <owner class="org.openmrs.Location" reference="49"/>
              <attributeType class="org.openmrs.LocationAttributeType" reference="2"/>
              <valueReference>M004</valueReference>
              <locationAttributeId>6</locationAttributeId>
            </org.openmrs.LocationAttribute>
          </attributes>
          <locationId>63</locationId>
          <parentLocation reference="10"/>
          <childLocations id="54"/>
          <tags id="55">
            <org.openmrs.LocationTag reference="26"/>
          </tags>
        </org.openmrs.Location>
        <org.openmrs.Location id="56" uuid="109a13a9-029d-498d-b66e-bab5eb396996">
          <name>Pre-op/PACU</name>
          <description>Pre-op/PACU at Mirebalais Hospital (Before surgery, and Post-Anesthesia Care Unit)</description>
          <creator/>
          <dateCreated id="57">2012-11-13 19:02:22</dateCreated>
          <retired>false</retired>
          <attributes id="58">
            <org.openmrs.LocationAttribute id="59" uuid="01b1db36-bf5b-450e-a53d-a5ac6c50b5b2">
              <creator/>
              <dateCreated id="60">2013-02-18 17:16:52</dateCreated>
              <voided>false</voided>
              <owner class="org.openmrs.Location" reference="56"/>
              <attributeType class="org.openmrs.LocationAttributeType" reference="2"/>
              <valueReference>M013</valueReference>
              <locationAttributeId>20</locationAttributeId>
            </org.openmrs.LocationAttribute>
          </attributes>
          <locationId>74</locationId>
          <parentLocation reference="10"/>
          <childLocations id="61"/>
          <tags id="62">
            <org.openmrs.LocationTag reference="26"/>
          </tags>
        </org.openmrs.Location>
        <org.openmrs.Location id="63" uuid="199e7d87-92a0-4398-a0f8-11d012178164">
          <name>Outpatient Clinic</name>
          <description>The outpatient clinic at Mirebalais Hospital (Klinik Extern).</description>
          <creator/>
          <dateCreated id="64">2012-09-24 17:07:04</dateCreated>
          <retired>false</retired>
          <attributes id="65">
            <org.openmrs.LocationAttribute id="66" uuid="350badbe-82a1-42f6-81a3-e2f7aaec5d1e">
              <creator/>
              <dateCreated id="67">2013-02-18 17:15:21</dateCreated>
              <voided>false</voided>
              <owner class="org.openmrs.Location" reference="63"/>
              <attributeType class="org.openmrs.LocationAttributeType" reference="2"/>
              <valueReference>M005</valueReference>
              <locationAttributeId>15</locationAttributeId>
            </org.openmrs.LocationAttribute>
          </attributes>
          <locationId>61</locationId>
          <parentLocation reference="10"/>
          <childLocations id="68"/>
          <tags id="69">
            <org.openmrs.LocationTag reference="26"/>
          </tags>
        </org.openmrs.Location>
        <org.openmrs.Location id="70" uuid="29437276-aeae-4ea8-8219-720886cdc87f">
          <name>Isolation</name>
          <description>Isolation at Mirebalais Hospital</description>
          <creator/>
          <dateCreated id="71">2012-11-13 19:05:26</dateCreated>
          <retired>false</retired>
          <attributes id="72">
            <org.openmrs.LocationAttribute id="73" uuid="1f07a471-cd35-429d-a82b-7bff40650216">
              <creator/>
              <dateCreated id="74">2013-02-18 17:12:50</dateCreated>
              <voided>false</voided>
              <owner class="org.openmrs.Location" reference="70"/>
              <attributeType class="org.openmrs.LocationAttributeType" reference="2"/>
              <valueReference>M017</valueReference>
              <locationAttributeId>8</locationAttributeId>
            </org.openmrs.LocationAttribute>
          </attributes>
          <locationId>82</locationId>
          <parentLocation reference="10"/>
          <childLocations id="75"/>
          <tags id="76">
            <org.openmrs.LocationTag reference="26"/>
          </tags>
        </org.openmrs.Location>
        <org.openmrs.Location id="77" uuid="4f2d9af1-7eec-4228-bbd6-7b0774c6c267">
          <name>Dental</name>
          <description>Dental clinic at Mirebalais Hospital (Dental Clinic).</description>
          <creator/>
          <dateCreated id="78">2012-11-13 15:14:40</dateCreated>
          <retired>false</retired>
          <attributes id="79">
            <org.openmrs.LocationAttribute id="80" uuid="41fec28b-dd0c-4011-be67-9ebca234ebfd">
              <creator/>
              <dateCreated id="81">2013-02-18 17:12:01</dateCreated>
              <voided>false</voided>
              <owner class="org.openmrs.Location" reference="77"/>
              <attributeType class="org.openmrs.LocationAttributeType" reference="2"/>
              <valueReference>M019</valueReference>
              <locationAttributeId>5</locationAttributeId>
            </org.openmrs.LocationAttribute>
          </attributes>
          <locationId>65</locationId>
          <parentLocation reference="10"/>
          <childLocations id="82"/>
          <tags id="83">
            <org.openmrs.LocationTag reference="26"/>
          </tags>
        </org.openmrs.Location>
        <org.openmrs.Location id="84" uuid="3b6f010b-5d44-4ded-85b3-70ea7ba79fd5">
          <name>Men’s Internal Medicine A</name>
          <description>Men’s Internal Medicine A at Mirebalais Hospital (1st Inpatient ward for men)</description>
          <creator/>
          <dateCreated id="85">2012-11-13 18:54:56</dateCreated>
          <retired>false</retired>
          <attributes id="86">
            <org.openmrs.LocationAttribute id="87" uuid="3d2220a6-2ed2-4f9d-a856-67f79ae9b1c9">
              <creator/>
              <dateCreated id="88">2013-02-18 17:13:59</dateCreated>
              <voided>false</voided>
              <owner class="org.openmrs.Location" reference="84"/>
              <attributeType class="org.openmrs.LocationAttributeType" reference="2"/>
              <valueReference>M020</valueReference>
              <locationAttributeId>11</locationAttributeId>
            </org.openmrs.LocationAttribute>
          </attributes>
          <locationId>66</locationId>
          <parentLocation reference="10"/>
          <childLocations id="89"/>
          <tags id="90">
            <org.openmrs.LocationTag reference="26"/>
          </tags>
        </org.openmrs.Location>
        <org.openmrs.Location id="91" uuid="a296d225-0312-4ce5-836c-cb2d8e952f47">
          <name>Men’s Internal Medicine B</name>
          <description>Men’s Internal Medicine B at Mirebalais Hospital (2nd Inpatient ward for men)</description>
          <creator/>
          <dateCreated id="92">2012-11-13 18:56:58</dateCreated>
          <retired>false</retired>
          <attributes id="93">
            <org.openmrs.LocationAttribute id="94" uuid="ec2b429b-6c73-4863-bd89-a6501d58d540">
              <creator/>
              <dateCreated id="95">2013-02-18 17:14:06</dateCreated>
              <voided>false</voided>
              <owner class="org.openmrs.Location" reference="91"/>
              <attributeType class="org.openmrs.LocationAttributeType" reference="2"/>
              <valueReference>M021</valueReference>
              <locationAttributeId>12</locationAttributeId>
            </org.openmrs.LocationAttribute>
          </attributes>
          <locationId>67</locationId>
          <parentLocation reference="10"/>
          <childLocations id="96"/>
          <tags id="97">
            <org.openmrs.LocationTag reference="26"/>
          </tags>
        </org.openmrs.Location>
        <org.openmrs.Location id="98" uuid="e752ec51-5633-489f-aef1-01f285c03f38">
          <name>Pediatrics B</name>
          <description>Pediatrics B at Mirebalais Hospital (2nd Inpatient ward for children)</description>
          <creator/>
          <dateCreated id="99">2012-11-13 19:01:13</dateCreated>
          <retired>false</retired>
          <attributes id="100">
            <org.openmrs.LocationAttribute id="101" uuid="24f2c381-2aa9-44cf-aeca-165d7d0196e8">
              <creator/>
              <dateCreated id="102">2013-02-18 17:15:51</dateCreated>
              <voided>false</voided>
              <owner class="org.openmrs.Location" reference="98"/>
              <attributeType class="org.openmrs.LocationAttributeType" reference="2"/>
              <valueReference>M022</valueReference>
              <locationAttributeId>17</locationAttributeId>
            </org.openmrs.LocationAttribute>
          </attributes>
          <locationId>71</locationId>
          <parentLocation reference="10"/>
          <childLocations id="103"/>
          <tags id="104">
            <org.openmrs.LocationTag reference="26"/>
          </tags>
        </org.openmrs.Location>
        <org.openmrs.Location id="105" uuid="8e4e930b-e801-44c5-8895-e7ef6feb6d73">
          <name>Women’s Internal Medicine A</name>
          <description>Women’s Internal Medicine A at Mirebalais Hospital (1st Inpatient ward for women)</description>
          <creator/>
          <dateCreated id="106">2012-11-13 19:00:00</dateCreated>
          <retired>false</retired>
          <attributes id="107">
            <org.openmrs.LocationAttribute id="108" uuid="4c7fe8b5-e965-4cd1-9021-dfa994c16838">
              <creator/>
              <dateCreated id="109">2013-02-18 17:18:10</dateCreated>
              <voided>false</voided>
              <owner class="org.openmrs.Location" reference="105"/>
              <attributeType class="org.openmrs.LocationAttributeType" reference="2"/>
              <valueReference>M026</valueReference>
              <locationAttributeId>24</locationAttributeId>
            </org.openmrs.LocationAttribute>
          </attributes>
          <locationId>68</locationId>
          <parentLocation reference="10"/>
          <childLocations id="110"/>
          <tags id="111">
            <org.openmrs.LocationTag reference="26"/>
          </tags>
        </org.openmrs.Location>
        <org.openmrs.Location id="112" uuid="7d6cc39d-a600-496f-a320-fd4985f07f0b">
          <name>Surgical Ward</name>
          <description>Surgical Ward at Mirebalais Hospital(Surgery)</description>
          <creator/>
          <dateCreated id="113">2012-11-13 19:02:01</dateCreated>
          <retired>false</retired>
          <attributes id="114">
            <org.openmrs.LocationAttribute id="115" uuid="162c86a7-5918-4311-ae98-25708541e97f">
              <creator/>
              <dateCreated id="116">2013-02-18 17:17:29</dateCreated>
              <voided>false</voided>
              <owner class="org.openmrs.Location" reference="112"/>
              <attributeType class="org.openmrs.LocationAttributeType" reference="2"/>
              <valueReference>M025</valueReference>
              <locationAttributeId>22</locationAttributeId>
            </org.openmrs.LocationAttribute>
          </attributes>
          <locationId>73</locationId>
          <parentLocation reference="10"/>
          <childLocations id="117"/>
          <tags id="118">
            <org.openmrs.LocationTag reference="26"/>
          </tags>
        </org.openmrs.Location>
        <org.openmrs.Location id="119" uuid="ec9d2302-b525-45ce-bebe-42ea1d38b251">
          <name>Post-op GYN</name>
          <description>Post-op GYN at Mirebalais Hospital(Recovery after surgery related to gynecology)</description>
          <creator/>
          <dateCreated id="120">2012-11-13 19:04:27</dateCreated>
          <retired>false</retired>
          <attributes id="121">
            <org.openmrs.LocationAttribute id="122" uuid="afa2909f-2b68-4923-9c29-07e8d37a99a1">
              <creator/>
              <dateCreated id="123">2013-02-18 17:16:19</dateCreated>
              <voided>false</voided>
              <owner class="org.openmrs.Location" reference="119"/>
              <attributeType class="org.openmrs.LocationAttributeType" reference="2"/>
              <valueReference>M009</valueReference>
              <locationAttributeId>18</locationAttributeId>
            </org.openmrs.LocationAttribute>
          </attributes>
          <locationId>79</locationId>
          <parentLocation reference="10"/>
          <childLocations id="124"/>
          <tags id="125">
            <org.openmrs.LocationTag reference="26"/>
          </tags>
        </org.openmrs.Location>
        <org.openmrs.Location id="126" uuid="dce85b2e-6946-4798-9037-d00f123df7bd">
          <name>Community Health</name>
          <description>Community Health clinic at Mirebalais Hospital (Community Health clinic).</description>
          <creator/>
          <dateCreated id="127">2012-11-13 14:14:25</dateCreated>
          <retired>false</retired>
          <attributes id="128">
            <org.openmrs.LocationAttribute id="129" uuid="0b70293d-0995-404c-924c-e4f54d6860b5">
              <creator/>
              <dateCreated id="130">2013-02-18 17:11:46</dateCreated>
              <voided>false</voided>
              <owner class="org.openmrs.Location" reference="126"/>
              <attributeType class="org.openmrs.LocationAttributeType" reference="2"/>
              <valueReference>M011</valueReference>
              <locationAttributeId>4</locationAttributeId>
            </org.openmrs.LocationAttribute>
          </attributes>
          <locationId>64</locationId>
          <parentLocation reference="10"/>
          <childLocations id="131"/>
          <tags id="132">
            <org.openmrs.LocationTag reference="26"/>
          </tags>
        </org.openmrs.Location>
        <org.openmrs.Location id="133" uuid="e4ae2d28-d57c-42ba-b7aa-f6fcac421b2c">
          <name>Pediatrics A</name>
          <description>Pediatrics A at Mirebalais Hospital (1st Inpatient ward for children)</description>
          <creator/>
          <dateCreated id="134">2012-11-13 19:00:46</dateCreated>
          <retired>false</retired>
          <attributes id="135">
            <org.openmrs.LocationAttribute id="136" uuid="d5827677-9adf-48b2-b6fa-e769af037873">
              <creator/>
              <dateCreated id="137">2013-02-18 17:15:36</dateCreated>
              <voided>false</voided>
              <owner class="org.openmrs.Location" reference="133"/>
              <attributeType class="org.openmrs.LocationAttributeType" reference="2"/>
              <valueReference>M012</valueReference>
              <locationAttributeId>16</locationAttributeId>
            </org.openmrs.LocationAttribute>
          </attributes>
          <locationId>70</locationId>
          <parentLocation reference="10"/>
          <childLocations id="138"/>
          <tags id="139">
            <org.openmrs.LocationTag reference="26"/>
          </tags>
        </org.openmrs.Location>
        <org.openmrs.Location id="140" uuid="62a9500e-a1a5-4235-844f-3a8cc0765d53">
          <name>NICU</name>
          <description>NICU at Mirebalais Hospital (Neonatal Intensive Care Unit)</description>
          <creator/>
          <dateCreated id="141">2012-11-13 19:03:14</dateCreated>
          <retired>false</retired>
          <attributes id="142">
            <org.openmrs.LocationAttribute id="143" uuid="f8eba8dc-8939-4c5e-a39b-110d833b86e6">
              <creator/>
              <dateCreated id="144">2013-02-18 17:14:41</dateCreated>
              <voided>false</voided>
              <owner class="org.openmrs.Location" reference="140"/>
              <attributeType class="org.openmrs.LocationAttributeType" reference="2"/>
              <valueReference>M014</valueReference>
              <locationAttributeId>13</locationAttributeId>
            </org.openmrs.LocationAttribute>
          </attributes>
          <locationId>76</locationId>
          <parentLocation reference="10"/>
          <childLocations id="145"/>
          <tags id="146">
            <org.openmrs.LocationTag reference="26"/>
          </tags>
        </org.openmrs.Location>
        <org.openmrs.Location id="147" uuid="787a2422-a7a2-400e-bdbb-5c54b2691af5">
          <name>Clinic Registration</name>
          <description>Clinic Registration at Mirebalais Hospital</description>
          <creator/>
          <dateCreated id="148">2013-03-03 23:20:51</dateCreated>
          <retired>false</retired>
          <attributes id="149">
            <org.openmrs.LocationAttribute id="150" uuid="58b76638-90b2-4e23-b0d9-b63f11c49e79">
              <creator/>
              <dateCreated id="151">2013-03-03 23:22:40</dateCreated>
              <voided>false</voided>
              <owner class="org.openmrs.Location" reference="147"/>
              <attributeType class="org.openmrs.LocationAttributeType" reference="2"/>
              <valueReference>M029</valueReference>
              <locationAttributeId>28</locationAttributeId>
            </org.openmrs.LocationAttribute>
          </attributes>
          <locationId>87</locationId>
          <parentLocation reference="10"/>
          <childLocations id="152"/>
          <tags id="153">
            <org.openmrs.LocationTag reference="26"/>
          </tags>
        </org.openmrs.Location>
        <org.openmrs.Location id="154" uuid="195d0af1-3887-4a28-a542-b832099fe3ee">
          <name>Women’s Internal Medicine B</name>
          <description>Women’s Internal Medicine B at Mirebalais Hospital (2nd Inpatient ward for women)</description>
          <creator/>
          <dateCreated id="155">2012-11-13 19:00:21</dateCreated>
          <retired>false</retired>
          <attributes id="156">
            <org.openmrs.LocationAttribute id="157" uuid="bdae8ec9-3ed0-4b93-a38b-0c61674aae8a">
              <creator/>
              <dateCreated id="158">2013-02-18 17:18:19</dateCreated>
              <voided>false</voided>
              <owner class="org.openmrs.Location" reference="154"/>
              <attributeType class="org.openmrs.LocationAttributeType" reference="2"/>
              <valueReference>M016</valueReference>
              <locationAttributeId>25</locationAttributeId>
            </org.openmrs.LocationAttribute>
          </attributes>
          <locationId>69</locationId>
          <parentLocation reference="10"/>
          <childLocations id="159"/>
          <tags id="160">
            <org.openmrs.LocationTag reference="26"/>
          </tags>
        </org.openmrs.Location>
        <org.openmrs.Location id="161" uuid="41736d90-12f9-4c16-b5a1-5af170b7bf2a">
          <name>Operating Rooms</name>
          <description>Operating Rooms at Mirebalais Hospital (all six operating rooms)</description>
          <creator/>
          <dateCreated id="162">2012-11-13 19:02:50</dateCreated>
          <retired>false</retired>
          <attributes id="163">
            <org.openmrs.LocationAttribute id="164" uuid="d08b49d0-be14-49bb-9319-02f4125834c8">
              <creator/>
              <dateCreated id="165">2013-02-18 17:14:56</dateCreated>
              <voided>false</voided>
              <owner class="org.openmrs.Location" reference="161"/>
              <attributeType class="org.openmrs.LocationAttributeType" reference="2"/>
              <valueReference>M015</valueReference>
              <locationAttributeId>14</locationAttributeId>
            </org.openmrs.LocationAttribute>
          </attributes>
          <locationId>75</locationId>
          <parentLocation reference="10"/>
          <childLocations id="166"/>
          <tags id="167">
            <org.openmrs.LocationTag reference="26"/>
          </tags>
        </org.openmrs.Location>
        <org.openmrs.Location id="168" uuid="d65eb8cf-d781-4ea8-9d9a-2b3e03c6074c">
          <name>Women’s Triage</name>
          <description>Women’s Triage at Mirebalais Hospital</description>
          <creator/>
          <dateCreated id="169">2012-11-13 19:05:07</dateCreated>
          <retired>false</retired>
          <attributes id="170">
            <org.openmrs.LocationAttribute id="171" uuid="157c7f05-fa41-4ccb-a6cb-599d8c731aee">
              <creator/>
              <dateCreated id="172">2013-02-18 17:18:41</dateCreated>
              <voided>false</voided>
              <owner class="org.openmrs.Location" reference="168"/>
              <attributeType class="org.openmrs.LocationAttributeType" reference="2"/>
              <valueReference>M027</valueReference>
              <locationAttributeId>27</locationAttributeId>
            </org.openmrs.LocationAttribute>
          </attributes>
          <locationId>81</locationId>
          <parentLocation reference="10"/>
          <childLocations id="173"/>
          <tags id="174">
            <org.openmrs.LocationTag reference="26"/>
          </tags>
        </org.openmrs.Location>
        <org.openmrs.Location id="175" uuid="b6fcd85f-5995-43c9-875f-3bb2299087ff">
          <name>ICU</name>
          <description>ICU at Mirebalais Hospital (Intensive Care Unit)</description>
          <creator/>
          <dateCreated id="176">2012-11-13 19:01:37</dateCreated>
          <retired>false</retired>
          <attributes id="177">
            <org.openmrs.LocationAttribute id="178" uuid="8b13c4c2-8c44-4faa-b385-2734594a8d44">
              <creator/>
              <dateCreated id="179">2013-02-18 17:12:33</dateCreated>
              <voided>false</voided>
              <owner class="org.openmrs.Location" reference="175"/>
              <attributeType class="org.openmrs.LocationAttributeType" reference="2"/>
              <valueReference>M018</valueReference>
              <locationAttributeId>7</locationAttributeId>
            </org.openmrs.LocationAttribute>
          </attributes>
          <locationId>72</locationId>
          <parentLocation reference="10"/>
          <childLocations id="180"/>
          <tags id="181">
            <org.openmrs.LocationTag reference="26"/>
          </tags>
        </org.openmrs.Location>
        <org.openmrs.Location id="182" uuid="dcfefcb7-163b-47e5-84ae-f715cf3e0e92">
          <name>Labor and Delivery</name>
          <description>Labor and Delivery at Mirebalais Hospital (Births)</description>
          <creator/>
          <dateCreated id="183">2012-11-13 19:04:45</dateCreated>
          <retired>false</retired>
          <attributes id="184">
            <org.openmrs.LocationAttribute id="185" uuid="54750c8b-d979-4d3b-bd1d-57830009e064">
              <creator/>
              <dateCreated id="186">2013-02-18 17:13:09</dateCreated>
              <voided>false</voided>
              <owner class="org.openmrs.Location" reference="182"/>
              <attributeType class="org.openmrs.LocationAttributeType" reference="2"/>
              <valueReference>M023</valueReference>
              <locationAttributeId>9</locationAttributeId>
            </org.openmrs.LocationAttribute>
          </attributes>
          <locationId>80</locationId>
          <parentLocation reference="10"/>
          <childLocations id="187"/>
          <tags id="188">
            <org.openmrs.LocationTag reference="26"/>
          </tags>
        </org.openmrs.Location>
        <org.openmrs.Location id="189" uuid="be50d584-26b2-4371-8768-2b9565742b3b">
          <name>Central Archives</name>
          <description>Central Archives room at Mirebalais Hospital</description>
          <creator/>
          <dateCreated id="190">2013-01-10 18:18:04</dateCreated>
          <retired>false</retired>
          <attributes id="191">
            <org.openmrs.LocationAttribute id="192" uuid="2705ac66-949e-461a-8f73-ea087ea28bb0">
              <creator/>
              <dateCreated id="193">2013-02-18 17:10:52</dateCreated>
              <voided>false</voided>
              <owner class="org.openmrs.Location" reference="189"/>
              <attributeType class="org.openmrs.LocationAttributeType" reference="2"/>
              <valueReference>M028</valueReference>
              <locationAttributeId>3</locationAttributeId>
            </org.openmrs.LocationAttribute>
          </attributes>
          <locationId>86</locationId>
          <parentLocation reference="10"/>
          <childLocations id="194"/>
          <tags id="195">
            <org.openmrs.LocationTag reference="26"/>
          </tags>
        </org.openmrs.Location>
        <org.openmrs.Location id="196" uuid="0198d2c3-9c08-45b6-88df-cbb60446ef00">
          <name>Women’s Outpatient Laboratory</name>
          <description>Women’s Outpatient Laboratory at Mirebalais Hospital</description>
          <creator/>
          <dateCreated id="197">2012-11-13 19:06:18</dateCreated>
          <retired>false</retired>
          <attributes id="198">
            <org.openmrs.LocationAttribute id="199" uuid="5d82d626-27a4-42f8-898c-236426810e40">
              <creator/>
              <dateCreated id="200">2013-02-18 17:18:32</dateCreated>
              <voided>false</voided>
              <owner class="org.openmrs.Location" reference="196"/>
              <attributeType class="org.openmrs.LocationAttributeType" reference="2"/>
              <valueReference>M024</valueReference>
              <locationAttributeId>26</locationAttributeId>
            </org.openmrs.LocationAttribute>
          </attributes>
          <locationId>84</locationId>
          <parentLocation reference="10"/>
          <childLocations id="201"/>
          <tags id="202">
            <org.openmrs.LocationTag reference="26"/>
          </tags>
        </org.openmrs.Location>
        <org.openmrs.Location reference="5"/>
      </childLocations>
      <tags id="203">
        <org.openmrs.LocationTag id="204" uuid="71c99f93-bc0c-4a44-b573-a7ac096ff636">
          <name>Medical Record Location</name>
          <description>Notes that this location is a valid identifier location for an identifier that references a paper medical record</description>
          <creator/>
          <dateCreated id="205">2012-10-09 19:01:33</dateCreated>
          <retired>false</retired>
          <locationTagId>1</locationTagId>
        </org.openmrs.LocationTag>
        <org.openmrs.LocationTag id="206" uuid="0967d73d-f3c9-492b-abed-356478610a94">
          <name>Visit Location</name>
          <description>Visits are only allowed to happen at locations tagged with this location tag or at locations that descend from a location tagged with this tag.</description>
          <creator/>
          <dateCreated id="207">2012-10-23 16:13:45</dateCreated>
          <retired>false</retired>
          <locationTagId>2</locationTagId>
        </org.openmrs.LocationTag>
      </tags>
    </parentLocation>
    <childLocations id="208"/>
    <tags id="209">
      <org.openmrs.LocationTag reference="26"/>
    </tags>
  </org.openmrs.Location>
  <org.openmrs.Location reference="10"/>
  <org.openmrs.Location reference="105"/>
  <org.openmrs.Location reference="28"/>
  <org.openmrs.Location reference="182"/>
  <org.openmrs.Location reference="112"/>
  <org.openmrs.Location reference="77"/>
  <org.openmrs.Location reference="19"/>
  <org.openmrs.Location reference="56"/>
  <org.openmrs.Location reference="175"/>
  <org.openmrs.Location reference="126"/>
  <org.openmrs.Location reference="119"/>
  <org.openmrs.Location reference="70"/>
  <org.openmrs.Location reference="147"/>
  <org.openmrs.Location reference="154"/>
  <org.openmrs.Location reference="35"/>
  <org.openmrs.Location reference="84"/>
  <org.openmrs.Location reference="42"/>
  <org.openmrs.Location reference="161"/>
  <org.openmrs.Location reference="91"/>
  <org.openmrs.Location reference="49"/>
  <org.openmrs.Location reference="63"/>
  <org.openmrs.Location reference="140"/>
  <org.openmrs.Location reference="168"/>
  <org.openmrs.Location reference="133"/>
  <org.openmrs.Location reference="98"/>
  <org.openmrs.Location reference="196"/>
</list>
