<?xml version="1.0" encoding="UTF-8"?>
<package id="1" uuid="bc4af771-6cac-4b49-82c0-883de20ee6b6">
  <dateCreated id="2">2012-11-13 20:59:32</dateCreated>
  <name>Mirebalais Hospital locations</name>
  <description>Good experiment for locations</description>
  <openmrsVersion>1.9.2 SNAPSHOT Build 29053</openmrsVersion>
  <version>6</version>
  <groupUuid>32d52080-13fa-413e-a23e-6ff9a23c7a69</groupUuid>
  <modules id="3">
    <entry>
      <string>uilibrary</string>
      <string>1.4-SNAPSHOT</string>
    </entry>
    <entry>
      <string>uiframework</string>
      <string>1.7</string>
    </entry>
    <entry>
      <string>validation</string>
      <string>1.0.1</string>
    </entry>
    <entry>
      <string>htmlformentry</string>
      <string>1.10.0</string>
    </entry>
    <entry>
      <string>metadatasharing</string>
      <string>1.1-SNAPSHOT</string>
    </entry>
    <entry>
      <string>logic</string>
      <string>0.5.2</string>
    </entry>
    <entry>
      <string>serialization.xstream</string>
      <string>0.2.7</string>
    </entry>
  </modules>
  <items class="linked-hash-set" id="4">
    <org.openmrs.module.metadatasharing.Item id="5" uuid="a084f714-a536-473b-94e6-ec317b152b43">
      <id>55</id>
      <classname>org.openmrs.Location</classname>
      <dateChanged id="6">2012-07-16 14:59:16</dateChanged>
      <retired>false</retired>
    </org.openmrs.module.metadatasharing.Item>
    <org.openmrs.module.metadatasharing.Item id="7" uuid="272bd989-a8ee-4a16-b5aa-55bad4e84f5c">
      <id>77</id>
      <classname>org.openmrs.Location</classname>
      <dateChanged id="8">2012-11-13 19:03:36</dateChanged>
      <retired>false</retired>
    </org.openmrs.module.metadatasharing.Item>
    <org.openmrs.module.metadatasharing.Item id="9" uuid="950852f3-8a96-4d82-a5f8-a68a92043164">
      <id>78</id>
      <classname>org.openmrs.Location</classname>
      <dateChanged id="10">2012-11-13 19:04:06</dateChanged>
      <retired>false</retired>
    </org.openmrs.module.metadatasharing.Item>
    <org.openmrs.module.metadatasharing.Item id="11" uuid="8e4e930b-e801-44c5-8895-e7ef6feb6d73">
      <id>68</id>
      <classname>org.openmrs.Location</classname>
      <dateChanged id="12">2012-11-13 19:00:00</dateChanged>
      <retired>false</retired>
    </org.openmrs.module.metadatasharing.Item>
    <org.openmrs.module.metadatasharing.Item id="13" uuid="dcfefcb7-163b-47e5-84ae-f715cf3e0e92">
      <id>80</id>
      <classname>org.openmrs.Location</classname>
      <dateChanged id="14">2012-11-13 19:04:45</dateChanged>
      <retired>false</retired>
    </org.openmrs.module.metadatasharing.Item>
    <org.openmrs.module.metadatasharing.Item id="15" uuid="7d6cc39d-a600-496f-a320-fd4985f07f0b">
      <id>73</id>
      <classname>org.openmrs.Location</classname>
      <dateChanged id="16">2012-11-13 19:02:01</dateChanged>
      <retired>false</retired>
    </org.openmrs.module.metadatasharing.Item>
    <org.openmrs.module.metadatasharing.Item id="17" uuid="4f2d9af1-7eec-4228-bbd6-7b0774c6c267">
      <id>65</id>
      <classname>org.openmrs.Location</classname>
      <dateChanged id="18">2012-11-13 15:14:40</dateChanged>
      <retired>false</retired>
    </org.openmrs.module.metadatasharing.Item>
    <org.openmrs.module.metadatasharing.Item id="19" uuid="53cd4959-5f4d-4ddc-9971-7fc27e0b7946">
      <id>83</id>
      <classname>org.openmrs.Location</classname>
      <dateChanged id="20">2012-11-13 19:05:53</dateChanged>
      <retired>false</retired>
    </org.openmrs.module.metadatasharing.Item>
    <org.openmrs.module.metadatasharing.Item id="21" uuid="109a13a9-029d-498d-b66e-bab5eb396996">
      <id>74</id>
      <classname>org.openmrs.Location</classname>
      <dateChanged id="22">2012-11-13 19:02:22</dateChanged>
      <retired>false</retired>
    </org.openmrs.module.metadatasharing.Item>
    <org.openmrs.module.metadatasharing.Item id="23" uuid="b6fcd85f-5995-43c9-875f-3bb2299087ff">
      <id>72</id>
      <classname>org.openmrs.Location</classname>
      <dateChanged id="24">2012-11-13 19:01:37</dateChanged>
      <retired>false</retired>
    </org.openmrs.module.metadatasharing.Item>
    <org.openmrs.module.metadatasharing.Item id="25" uuid="dce85b2e-6946-4798-9037-d00f123df7bd">
      <id>64</id>
      <classname>org.openmrs.Location</classname>
      <dateChanged id="26">2012-11-13 14:14:25</dateChanged>
      <retired>false</retired>
    </org.openmrs.module.metadatasharing.Item>
    <org.openmrs.module.metadatasharing.Item id="27" uuid="ec9d2302-b525-45ce-bebe-42ea1d38b251">
      <id>79</id>
      <classname>org.openmrs.Location</classname>
      <dateChanged id="28">2012-11-13 19:04:27</dateChanged>
      <retired>false</retired>
    </org.openmrs.module.metadatasharing.Item>
    <org.openmrs.module.metadatasharing.Item id="29" uuid="29437276-aeae-4ea8-8219-720886cdc87f">
      <id>82</id>
      <classname>org.openmrs.Location</classname>
      <dateChanged id="30">2012-11-13 19:05:26</dateChanged>
      <retired>false</retired>
    </org.openmrs.module.metadatasharing.Item>
    <org.openmrs.module.metadatasharing.Item id="31" uuid="195d0af1-3887-4a28-a542-b832099fe3ee">
      <id>69</id>
      <classname>org.openmrs.Location</classname>
      <dateChanged id="32">2012-11-13 19:00:21</dateChanged>
      <retired>false</retired>
    </org.openmrs.module.metadatasharing.Item>
    <org.openmrs.module.metadatasharing.Item id="33" uuid="9b2066a2-7087-47f6-9b3a-b001037432a3">
      <id>62</id>
      <classname>org.openmrs.Location</classname>
      <dateChanged id="34">2012-09-24 17:08:58</dateChanged>
      <retired>false</retired>
    </org.openmrs.module.metadatasharing.Item>
    <org.openmrs.module.metadatasharing.Item id="35" uuid="3b6f010b-5d44-4ded-85b3-70ea7ba79fd5">
      <id>66</id>
      <classname>org.openmrs.Location</classname>
      <dateChanged id="36">2012-11-13 18:54:56</dateChanged>
      <retired>false</retired>
    </org.openmrs.module.metadatasharing.Item>
    <org.openmrs.module.metadatasharing.Item id="37" uuid="cfe92278-0181-4315-ab7d-1731753120f0">
      <id>85</id>
      <classname>org.openmrs.Location</classname>
      <dateChanged id="38">2012-11-13 19:14:22</dateChanged>
      <retired>false</retired>
    </org.openmrs.module.metadatasharing.Item>
    <org.openmrs.module.metadatasharing.Item id="39" uuid="41736d90-12f9-4c16-b5a1-5af170b7bf2a">
      <id>75</id>
      <classname>org.openmrs.Location</classname>
      <dateChanged id="40">2012-11-13 19:02:50</dateChanged>
      <retired>false</retired>
    </org.openmrs.module.metadatasharing.Item>
    <org.openmrs.module.metadatasharing.Item id="41" uuid="a296d225-0312-4ce5-836c-cb2d8e952f47">
      <id>67</id>
      <classname>org.openmrs.Location</classname>
      <dateChanged id="42">2012-11-13 18:56:58</dateChanged>
      <retired>false</retired>
    </org.openmrs.module.metadatasharing.Item>
    <org.openmrs.module.metadatasharing.Item id="43" uuid="f3a5586e-f06c-4dfb-96b0-6f3451a35e90">
      <id>63</id>
      <classname>org.openmrs.Location</classname>
      <dateChanged id="44">2012-09-24 17:10:31</dateChanged>
      <retired>false</retired>
    </org.openmrs.module.metadatasharing.Item>
    <org.openmrs.module.metadatasharing.Item id="45" uuid="199e7d87-92a0-4398-a0f8-11d012178164">
      <id>61</id>
      <classname>org.openmrs.Location</classname>
      <dateChanged id="46">2012-09-24 17:07:04</dateChanged>
      <retired>false</retired>
    </org.openmrs.module.metadatasharing.Item>
    <org.openmrs.module.metadatasharing.Item id="47" uuid="62a9500e-a1a5-4235-844f-3a8cc0765d53">
      <id>76</id>
      <classname>org.openmrs.Location</classname>
      <dateChanged id="48">2012-11-13 19:03:14</dateChanged>
      <retired>false</retired>
    </org.openmrs.module.metadatasharing.Item>
    <org.openmrs.module.metadatasharing.Item id="49" uuid="d65eb8cf-d781-4ea8-9d9a-2b3e03c6074c">
      <id>81</id>
      <classname>org.openmrs.Location</classname>
      <dateChanged id="50">2012-11-13 19:05:07</dateChanged>
      <retired>false</retired>
    </org.openmrs.module.metadatasharing.Item>
    <org.openmrs.module.metadatasharing.Item id="51" uuid="e4ae2d28-d57c-42ba-b7aa-f6fcac421b2c">
      <id>70</id>
      <classname>org.openmrs.Location</classname>
      <dateChanged id="52">2012-11-13 19:00:46</dateChanged>
      <retired>false</retired>
    </org.openmrs.module.metadatasharing.Item>
    <org.openmrs.module.metadatasharing.Item id="53" uuid="e752ec51-5633-489f-aef1-01f285c03f38">
      <id>71</id>
      <classname>org.openmrs.Location</classname>
      <dateChanged id="54">2012-11-13 19:01:13</dateChanged>
      <retired>false</retired>
    </org.openmrs.module.metadatasharing.Item>
    <org.openmrs.module.metadatasharing.Item id="55" uuid="0198d2c3-9c08-45b6-88df-cbb60446ef00">
      <id>84</id>
      <classname>org.openmrs.Location</classname>
      <dateChanged id="56">2012-11-13 19:06:18</dateChanged>
      <retired>false</retired>
    </org.openmrs.module.metadatasharing.Item>
  </items>
  <relatedItems class="linked-hash-set" id="57">
    <org.openmrs.module.metadatasharing.Item id="58" uuid="71c99f93-bc0c-4a44-b573-a7ac096ff636">
      <id>1</id>
      <classname>org.openmrs.LocationTag</classname>
      <dateChanged id="59">2012-10-09 19:01:33</dateChanged>
      <retired>false</retired>
    </org.openmrs.module.metadatasharing.Item>
    <org.openmrs.module.metadatasharing.Item id="60" uuid="0967d73d-f3c9-492b-abed-356478610a94">
      <id>2</id>
      <classname>org.openmrs.LocationTag</classname>
      <dateChanged id="61">2012-10-23 16:13:45</dateChanged>
      <retired>false</retired>
    </org.openmrs.module.metadatasharing.Item>
    <org.openmrs.module.metadatasharing.Item id="62" uuid="b8bbf83e-645f-451f-8efe-a0db56f09676">
      <id>3</id>
      <classname>org.openmrs.LocationTag</classname>
      <dateChanged id="63">2012-11-03 21:39:44</dateChanged>
      <retired>false</retired>
    </org.openmrs.module.metadatasharing.Item>
  </relatedItems>
</package>
