<?xml version="1.0" encoding="UTF-8"?>
<list id="1">
  <org.openmrs.Location id="2" uuid="a084f714-a536-473b-94e6-ec317b152b43">
    <name>Mirebalais Hospital</name>
    <description>Mirebalais (MoH code 62101)</description>
    <creator/>
    <dateCreated id="3">2012-07-16 14:59:16</dateCreated>
    <retired>false</retired>
    <attributes id="4"/>
    <locationId>55</locationId>
    <cityVillage>Mirebalais</cityVillage>
    <stateProvince>Centre</stateProvince>
    <country>Haiti</country>
    <childLocations id="5">
      <org.openmrs.Location id="6" uuid="53cd4959-5f4d-4ddc-9971-7fc27e0b7946">
        <name>Main laboratory</name>
        <description>Main laboratory at Mirebalais Hospital</description>
        <creator/>
        <dateCreated id="7">2012-11-13 19:05:53</dateCreated>
        <retired>false</retired>
        <attributes id="8"/>
        <locationId>83</locationId>
        <parentLocation reference="2"/>
        <childLocations id="9"/>
        <tags id="10">
          <org.openmrs.LocationTag id="11" uuid="b8bbf83e-645f-451f-8efe-a0db56f09676">
            <name>Login Location</name>
            <description>When a user logs in and chooses a session location, they may only choose one with this tag</description>
            <creator/>
            <dateCreated id="12">2012-11-03 21:39:44</dateCreated>
            <retired>false</retired>
            <locationTagId>3</locationTagId>
          </org.openmrs.LocationTag>
        </tags>
      </org.openmrs.Location>
      <org.openmrs.Location id="13" uuid="950852f3-8a96-4d82-a5f8-a68a92043164">
        <name>Postpartum ward</name>
        <description>Postpartum ward at Mirebalais Hospital (After giving birth)</description>
        <creator/>
        <dateCreated id="14">2012-11-13 19:04:06</dateCreated>
        <retired>false</retired>
        <attributes id="15"/>
        <locationId>78</locationId>
        <parentLocation reference="2"/>
        <childLocations id="16"/>
        <tags id="17">
          <org.openmrs.LocationTag reference="11"/>
        </tags>
      </org.openmrs.Location>
      <org.openmrs.Location id="18" uuid="9b2066a2-7087-47f6-9b3a-b001037432a3">
        <name>Womens clinic</name>
        <description>Women&apos;s Outpatient clinic at Mirebalais Hospital (Sante Fanm).</description>
        <creator/>
        <dateCreated id="19">2012-09-24 17:08:58</dateCreated>
        <retired>false</retired>
        <attributes id="20"/>
        <locationId>62</locationId>
        <parentLocation reference="2"/>
        <childLocations id="21"/>
        <tags id="22">
          <org.openmrs.LocationTag reference="11"/>
        </tags>
      </org.openmrs.Location>
      <org.openmrs.Location id="23" uuid="cfe92278-0181-4315-ab7d-1731753120f0">
        <name>Radiology</name>
        <description>Radiology at Mirebalais Hospital</description>
        <creator/>
        <dateCreated id="24">2012-11-13 19:14:22</dateCreated>
        <retired>false</retired>
        <attributes id="25"/>
        <locationId>85</locationId>
        <parentLocation reference="2"/>
        <childLocations id="26"/>
        <tags id="27">
          <org.openmrs.LocationTag reference="11"/>
        </tags>
      </org.openmrs.Location>
      <org.openmrs.Location id="28" uuid="f3a5586e-f06c-4dfb-96b0-6f3451a35e90">
        <name>Emergency</name>
        <description>Emergency room at Mirebalais Hospital (Ijans)</description>
        <creator/>
        <dateCreated id="29">2012-09-24 17:10:31</dateCreated>
        <retired>false</retired>
        <attributes id="30"/>
        <locationId>63</locationId>
        <parentLocation reference="2"/>
        <childLocations id="31"/>
        <tags id="32">
          <org.openmrs.LocationTag reference="11"/>
        </tags>
      </org.openmrs.Location>
      <org.openmrs.Location id="33" uuid="109a13a9-029d-498d-b66e-bab5eb396996">
        <name>Pre-op/PACU</name>
        <description>Pre-op/PACU at Mirebalais Hospital (Before surgery, and Post-Anesthesia Care Unit)</description>
        <creator/>
        <dateCreated id="34">2012-11-13 19:02:22</dateCreated>
        <retired>false</retired>
        <attributes id="35"/>
        <locationId>74</locationId>
        <parentLocation reference="2"/>
        <childLocations id="36"/>
        <tags id="37">
          <org.openmrs.LocationTag reference="11"/>
        </tags>
      </org.openmrs.Location>
      <org.openmrs.Location id="38" uuid="199e7d87-92a0-4398-a0f8-11d012178164">
        <name>Outpatient clinic</name>
        <description>The outpatient clinic at Mirebalais Hospital (Klinik Extern).</description>
        <creator/>
        <dateCreated id="39">2012-09-24 17:07:04</dateCreated>
        <retired>false</retired>
        <attributes id="40"/>
        <locationId>61</locationId>
        <parentLocation reference="2"/>
        <childLocations id="41"/>
        <tags id="42">
          <org.openmrs.LocationTag reference="11"/>
        </tags>
      </org.openmrs.Location>
      <org.openmrs.Location id="43" uuid="29437276-aeae-4ea8-8219-720886cdc87f">
        <name>Isolation</name>
        <description>Isolation at Mirebalais Hospital</description>
        <creator/>
        <dateCreated id="44">2012-11-13 19:05:26</dateCreated>
        <retired>false</retired>
        <attributes id="45"/>
        <locationId>82</locationId>
        <parentLocation reference="2"/>
        <childLocations id="46"/>
        <tags id="47">
          <org.openmrs.LocationTag reference="11"/>
        </tags>
      </org.openmrs.Location>
      <org.openmrs.Location id="48" uuid="4f2d9af1-7eec-4228-bbd6-7b0774c6c267">
        <name>Dental</name>
        <description>Dental clinic at Mirebalais Hospital (Dental Clinic).</description>
        <creator/>
        <dateCreated id="49">2012-11-13 15:14:40</dateCreated>
        <retired>false</retired>
        <attributes id="50"/>
        <locationId>65</locationId>
        <parentLocation reference="2"/>
        <childLocations id="51"/>
        <tags id="52">
          <org.openmrs.LocationTag reference="11"/>
        </tags>
      </org.openmrs.Location>
      <org.openmrs.Location id="53" uuid="3b6f010b-5d44-4ded-85b3-70ea7ba79fd5">
        <name>Men’s Internal Medicine A</name>
        <description>Men’s Internal Medicine A at Mirebalais Hospital (1st Inpatient ward for men)</description>
        <creator/>
        <dateCreated id="54">2012-11-13 18:54:56</dateCreated>
        <retired>false</retired>
        <attributes id="55"/>
        <locationId>66</locationId>
        <parentLocation reference="2"/>
        <childLocations id="56"/>
        <tags id="57">
          <org.openmrs.LocationTag reference="11"/>
        </tags>
      </org.openmrs.Location>
      <org.openmrs.Location id="58" uuid="a296d225-0312-4ce5-836c-cb2d8e952f47">
        <name>Men’s Internal Medicine B</name>
        <description>Men’s Internal Medicine B at Mirebalais Hospital (2nd Inpatient ward for men)</description>
        <creator/>
        <dateCreated id="59">2012-11-13 18:56:58</dateCreated>
        <retired>false</retired>
        <attributes id="60"/>
        <locationId>67</locationId>
        <parentLocation reference="2"/>
        <childLocations id="61"/>
        <tags id="62">
          <org.openmrs.LocationTag reference="11"/>
        </tags>
      </org.openmrs.Location>
      <org.openmrs.Location id="63" uuid="e752ec51-5633-489f-aef1-01f285c03f38">
        <name>Pediatrics B</name>
        <description>Pediatrics B at Mirebalais Hospital (2nd Inpatient ward for children)</description>
        <creator/>
        <dateCreated id="64">2012-11-13 19:01:13</dateCreated>
        <retired>false</retired>
        <attributes id="65"/>
        <locationId>71</locationId>
        <parentLocation reference="2"/>
        <childLocations id="66"/>
        <tags id="67">
          <org.openmrs.LocationTag reference="11"/>
        </tags>
      </org.openmrs.Location>
      <org.openmrs.Location id="68" uuid="8e4e930b-e801-44c5-8895-e7ef6feb6d73">
        <name>Women’s Internal Medicine A</name>
        <description>Women’s Internal Medicine A at Mirebalais Hospital (1st Inpatient ward for women)</description>
        <creator/>
        <dateCreated id="69">2012-11-13 19:00:00</dateCreated>
        <retired>false</retired>
        <attributes id="70"/>
        <locationId>68</locationId>
        <parentLocation reference="2"/>
        <childLocations id="71"/>
        <tags id="72">
          <org.openmrs.LocationTag reference="11"/>
        </tags>
      </org.openmrs.Location>
      <org.openmrs.Location id="73" uuid="7d6cc39d-a600-496f-a320-fd4985f07f0b">
        <name>Surgical Ward</name>
        <description>Surgical Ward at Mirebalais Hospital(Surgery)</description>
        <creator/>
        <dateCreated id="74">2012-11-13 19:02:01</dateCreated>
        <retired>false</retired>
        <attributes id="75"/>
        <locationId>73</locationId>
        <parentLocation reference="2"/>
        <childLocations id="76"/>
        <tags id="77">
          <org.openmrs.LocationTag reference="11"/>
        </tags>
      </org.openmrs.Location>
      <org.openmrs.Location id="78" uuid="ec9d2302-b525-45ce-bebe-42ea1d38b251">
        <name>Post-op GYN</name>
        <description>Post-op GYN at Mirebalais Hospital(Recovery after surgery related to gynecology)</description>
        <creator/>
        <dateCreated id="79">2012-11-13 19:04:27</dateCreated>
        <retired>false</retired>
        <attributes id="80"/>
        <locationId>79</locationId>
        <parentLocation reference="2"/>
        <childLocations id="81"/>
        <tags id="82">
          <org.openmrs.LocationTag reference="11"/>
        </tags>
      </org.openmrs.Location>
      <org.openmrs.Location id="83" uuid="dce85b2e-6946-4798-9037-d00f123df7bd">
        <name>Community Health</name>
        <description>Community Health clinic at Mirebalais Hospital (Community Health clinic).</description>
        <creator/>
        <dateCreated id="84">2012-11-13 14:14:25</dateCreated>
        <retired>false</retired>
        <attributes id="85"/>
        <locationId>64</locationId>
        <parentLocation reference="2"/>
        <childLocations id="86"/>
        <tags id="87">
          <org.openmrs.LocationTag reference="11"/>
        </tags>
      </org.openmrs.Location>
      <org.openmrs.Location id="88" uuid="e4ae2d28-d57c-42ba-b7aa-f6fcac421b2c">
        <name>Pediatrics A</name>
        <description>Pediatrics A at Mirebalais Hospital (1st Inpatient ward for children)</description>
        <creator/>
        <dateCreated id="89">2012-11-13 19:00:46</dateCreated>
        <retired>false</retired>
        <attributes id="90"/>
        <locationId>70</locationId>
        <parentLocation reference="2"/>
        <childLocations id="91"/>
        <tags id="92">
          <org.openmrs.LocationTag reference="11"/>
        </tags>
      </org.openmrs.Location>
      <org.openmrs.Location id="93" uuid="62a9500e-a1a5-4235-844f-3a8cc0765d53">
        <name>NICU</name>
        <description>NICU at Mirebalais Hospital (Neonatal Intensive Care Unit)</description>
        <creator/>
        <dateCreated id="94">2012-11-13 19:03:14</dateCreated>
        <retired>false</retired>
        <attributes id="95"/>
        <locationId>76</locationId>
        <parentLocation reference="2"/>
        <childLocations id="96"/>
        <tags id="97">
          <org.openmrs.LocationTag reference="11"/>
        </tags>
      </org.openmrs.Location>
      <org.openmrs.Location id="98" uuid="195d0af1-3887-4a28-a542-b832099fe3ee">
        <name>Women’s Internal Medicine B</name>
        <description>Women’s Internal Medicine B at Mirebalais Hospital (2nd Inpatient ward for women)</description>
        <creator/>
        <dateCreated id="99">2012-11-13 19:00:21</dateCreated>
        <retired>false</retired>
        <attributes id="100"/>
        <locationId>69</locationId>
        <parentLocation reference="2"/>
        <childLocations id="101"/>
        <tags id="102">
          <org.openmrs.LocationTag reference="11"/>
        </tags>
      </org.openmrs.Location>
      <org.openmrs.Location id="103" uuid="41736d90-12f9-4c16-b5a1-5af170b7bf2a">
        <name>Operating Rooms</name>
        <description>Operating Rooms at Mirebalais Hospital (all six operating rooms)</description>
        <creator/>
        <dateCreated id="104">2012-11-13 19:02:50</dateCreated>
        <retired>false</retired>
        <attributes id="105"/>
        <locationId>75</locationId>
        <parentLocation reference="2"/>
        <childLocations id="106"/>
        <tags id="107">
          <org.openmrs.LocationTag reference="11"/>
        </tags>
      </org.openmrs.Location>
      <org.openmrs.Location id="108" uuid="b6fcd85f-5995-43c9-875f-3bb2299087ff">
        <name>ICU</name>
        <description>ICU at Mirebalais Hospital (Intensive Care Unit)</description>
        <creator/>
        <dateCreated id="109">2012-11-13 19:01:37</dateCreated>
        <retired>false</retired>
        <attributes id="110"/>
        <locationId>72</locationId>
        <parentLocation reference="2"/>
        <childLocations id="111"/>
        <tags id="112">
          <org.openmrs.LocationTag reference="11"/>
        </tags>
      </org.openmrs.Location>
      <org.openmrs.Location id="113" uuid="dcfefcb7-163b-47e5-84ae-f715cf3e0e92">
        <name>Labor and Delivery</name>
        <description>Labor and Delivery at Mirebalais Hospital (Births)</description>
        <creator/>
        <dateCreated id="114">2012-11-13 19:04:45</dateCreated>
        <retired>false</retired>
        <attributes id="115"/>
        <locationId>80</locationId>
        <parentLocation reference="2"/>
        <childLocations id="116"/>
        <tags id="117">
          <org.openmrs.LocationTag reference="11"/>
        </tags>
      </org.openmrs.Location>
      <org.openmrs.Location id="118" uuid="0198d2c3-9c08-45b6-88df-cbb60446ef00">
        <name>Women’s Outpatient Laboratory</name>
        <description>Women’s Outpatient Laboratory at Mirebalais Hospital</description>
        <creator/>
        <dateCreated id="119">2012-11-13 19:06:18</dateCreated>
        <retired>false</retired>
        <attributes id="120"/>
        <locationId>84</locationId>
        <parentLocation reference="2"/>
        <childLocations id="121"/>
        <tags id="122">
          <org.openmrs.LocationTag reference="11"/>
        </tags>
      </org.openmrs.Location>
      <org.openmrs.Location id="123" uuid="272bd989-a8ee-4a16-b5aa-55bad4e84f5c">
        <name>Antepartum ward</name>
        <description>Antepartum ward at Mirebalais Hospital (Before giving birth)</description>
        <creator/>
        <dateCreated id="124">2012-11-13 19:03:36</dateCreated>
        <retired>false</retired>
        <attributes id="125"/>
        <locationId>77</locationId>
        <parentLocation reference="2"/>
        <childLocations id="126"/>
        <tags id="127">
          <org.openmrs.LocationTag reference="11"/>
        </tags>
      </org.openmrs.Location>
    </childLocations>
    <tags id="128">
      <org.openmrs.LocationTag id="129" uuid="71c99f93-bc0c-4a44-b573-a7ac096ff636">
        <name>Medical Record Location</name>
        <description>Notes that this location is a valid identifier location for an identifier that references a paper medical record</description>
        <creator/>
        <dateCreated id="130">2012-10-09 19:01:33</dateCreated>
        <retired>false</retired>
        <locationTagId>1</locationTagId>
      </org.openmrs.LocationTag>
      <org.openmrs.LocationTag id="131" uuid="0967d73d-f3c9-492b-abed-356478610a94">
        <name>Visit Location</name>
        <description>Visits are only allowed to happen at locations tagged with this location tag or at locations that descend from a location tagged with this tag.</description>
        <creator/>
        <dateCreated id="132">2012-10-23 16:13:45</dateCreated>
        <retired>false</retired>
        <locationTagId>2</locationTagId>
      </org.openmrs.LocationTag>
    </tags>
  </org.openmrs.Location>
  <org.openmrs.Location reference="123"/>
  <org.openmrs.Location reference="13"/>
  <org.openmrs.Location reference="68"/>
  <org.openmrs.Location reference="113"/>
  <org.openmrs.Location reference="73"/>
  <org.openmrs.Location reference="48"/>
  <org.openmrs.Location reference="6"/>
  <org.openmrs.Location reference="33"/>
  <org.openmrs.Location reference="108"/>
  <org.openmrs.Location reference="83"/>
  <org.openmrs.Location reference="78"/>
  <org.openmrs.Location reference="43"/>
  <org.openmrs.Location reference="98"/>
  <org.openmrs.Location reference="18"/>
  <org.openmrs.Location reference="53"/>
  <org.openmrs.Location reference="23"/>
  <org.openmrs.Location reference="103"/>
  <org.openmrs.Location reference="58"/>
  <org.openmrs.Location reference="28"/>
  <org.openmrs.Location reference="38"/>
  <org.openmrs.Location reference="93"/>
  <org.openmrs.Location id="133" uuid="d65eb8cf-d781-4ea8-9d9a-2b3e03c6074c">
    <name>Women’s Triage</name>
    <description>Women’s Triage at Mirebalais Hospital</description>
    <creator/>
    <dateCreated id="134">2012-11-13 19:05:07</dateCreated>
    <retired>false</retired>
    <attributes id="135"/>
    <locationId>81</locationId>
    <childLocations id="136"/>
    <tags id="137">
      <org.openmrs.LocationTag reference="11"/>
    </tags>
  </org.openmrs.Location>
  <org.openmrs.Location reference="88"/>
  <org.openmrs.Location reference="63"/>
  <org.openmrs.Location reference="118"/>
</list>
