<?xml version="1.0" encoding="UTF-8"?>
<list id="1">
  <org.openmrs.module.providermanagement.ProviderRole id="2" uuid="acda2647-8ff0-4599-8cf8-2500250cbc75">
    <name>Archivist/Clerk</name>
    <creator/>
    <dateCreated id="3">2013-02-14 23:09:43</dateCreated>
    <retired>false</retired>
    <providerRoleId>16</providerRoleId>
    <relationshipTypes id="4"/>
    <superviseeProviderRoles id="5"/>
    <providerAttributeTypes id="6"/>
  </org.openmrs.module.providermanagement.ProviderRole>
  <org.openmrs.module.providermanagement.ProviderRole id="7" uuid="96b15916-2d56-4f7b-9072-18c2a23d8ea2">
    <name>Lab Technician</name>
    <creator/>
    <dateCreated id="8">2013-02-14 23:09:34</dateCreated>
    <changedBy/>
    <dateChanged id="9">2013-02-14 23:09:34</dateChanged>
    <retired>false</retired>
    <providerRoleId>15</providerRoleId>
    <relationshipTypes id="10"/>
    <superviseeProviderRoles id="11"/>
    <providerAttributeTypes id="12"/>
  </org.openmrs.module.providermanagement.ProviderRole>
  <org.openmrs.module.providermanagement.ProviderRole id="13" uuid="7207ba62-027f-4f9b-be67-a9f7a8a3abcc">
    <name>Nurse (RN)</name>
    <creator/>
    <dateCreated id="14">2013-02-14 23:08:34</dateCreated>
    <retired>false</retired>
    <providerRoleId>9</providerRoleId>
    <relationshipTypes id="15"/>
    <superviseeProviderRoles id="16"/>
    <providerAttributeTypes id="17"/>
  </org.openmrs.module.providermanagement.ProviderRole>
  <org.openmrs.module.providermanagement.ProviderRole id="18" uuid="61eed524-4547-4228-a3ac-631fe1628a5e">
    <name>General Admin</name>
    <creator/>
    <dateCreated id="19">2013-02-14 23:09:51</dateCreated>
    <retired>false</retired>
    <providerRoleId>17</providerRoleId>
    <relationshipTypes id="20"/>
    <superviseeProviderRoles id="21"/>
    <providerAttributeTypes id="22"/>
  </org.openmrs.module.providermanagement.ProviderRole>
  <org.openmrs.module.providermanagement.ProviderRole id="23" uuid="248bc67b-4da1-4c50-b556-b8584c1c8d65">
    <name>Radiology Technician</name>
    <creator/>
    <dateCreated id="24">2013-02-14 23:09:14</dateCreated>
    <retired>false</retired>
    <providerRoleId>14</providerRoleId>
    <relationshipTypes id="25"/>
    <superviseeProviderRoles id="26"/>
    <providerAttributeTypes id="27"/>
  </org.openmrs.module.providermanagement.ProviderRole>
  <org.openmrs.module.providermanagement.ProviderRole id="28" uuid="1474c25d-4fae-46d4-9fce-c77cb17b6610">
    <name>Nursing Auxiliary</name>
    <creator/>
    <dateCreated id="29">2013-02-14 23:08:42</dateCreated>
    <retired>false</retired>
    <providerRoleId>10</providerRoleId>
    <relationshipTypes id="30"/>
    <superviseeProviderRoles id="31"/>
    <providerAttributeTypes id="32"/>
  </org.openmrs.module.providermanagement.ProviderRole>
  <org.openmrs.module.providermanagement.ProviderRole id="33" uuid="8fd1552e-6cb9-4719-b198-23a2c512a073">
    <name>Pharmacist</name>
    <creator/>
    <dateCreated id="34">2013-02-14 23:09:07</dateCreated>
    <retired>false</retired>
    <providerRoleId>13</providerRoleId>
    <relationshipTypes id="35"/>
    <superviseeProviderRoles id="36"/>
    <providerAttributeTypes id="37"/>
  </org.openmrs.module.providermanagement.ProviderRole>
  <org.openmrs.module.providermanagement.ProviderRole id="38" uuid="3182ee51-b895-4804-a342-5f261e995222">
    <name>Surgeon</name>
    <creator/>
    <dateCreated id="39">2013-02-14 23:08:53</dateCreated>
    <retired>false</retired>
    <providerRoleId>11</providerRoleId>
    <relationshipTypes id="40"/>
    <superviseeProviderRoles id="41"/>
    <providerAttributeTypes id="42"/>
  </org.openmrs.module.providermanagement.ProviderRole>
  <org.openmrs.module.providermanagement.ProviderRole id="43" uuid="556ceee6-d899-43d4-a98b-7973ebc85b75">
    <name>Clinical Doctor</name>
    <creator/>
    <dateCreated id="44">2013-02-14 23:08:27</dateCreated>
    <retired>false</retired>
    <providerRoleId>8</providerRoleId>
    <relationshipTypes id="45"/>
    <superviseeProviderRoles id="46"/>
    <providerAttributeTypes id="47"/>
  </org.openmrs.module.providermanagement.ProviderRole>
  <org.openmrs.module.providermanagement.ProviderRole id="48" uuid="39c28f78-6637-4c21-9bf4-db3e2398054f">
    <name>Anaesthetist</name>
    <creator/>
    <dateCreated id="49">2013-02-14 23:09:00</dateCreated>
    <retired>false</retired>
    <providerRoleId>12</providerRoleId>
    <relationshipTypes id="50"/>
    <superviseeProviderRoles id="51"/>
    <providerAttributeTypes id="52"/>
  </org.openmrs.module.providermanagement.ProviderRole>
</list>
