<?xml version="1.0" encoding="UTF-8"?>
<package id="1" uuid="e768c96a-9387-473f-a735-7dbee8407b12">
  <dateCreated id="2">2013-02-18 21:57:45</dateCreated>
  <name>HUM Hospital Locations</name>
  <description>Locations at Mirebalais Hospital</description>
  <openmrsVersion>1.9.2 SNAPSHOT Build 29053</openmrsVersion>
  <version>12</version>
  <groupUuid>32d52080-13fa-413e-a23e-6ff9a23c7a69</groupUuid>
  <modules id="3">
    <entry>
      <string>uilibrary</string>
      <string>2.0.3.1</string>
    </entry>
    <entry>
      <string>groovy</string>
      <string>2.2.1</string>
    </entry>
    <entry>
      <string>providermanagement</string>
      <string>1.1.1</string>
    </entry>
    <entry>
      <string>uiframework</string>
      <string>2.4</string>
    </entry>
    <entry>
      <string>validation</string>
      <string>1.0.1</string>
    </entry>
    <entry>
      <string>htmlformentry</string>
      <string>2.0.4</string>
    </entry>
    <entry>
      <string>htmlformentry19ext</string>
      <string>1.0</string>
    </entry>
    <entry>
      <string>metadatamapping</string>
      <string>1.0.1</string>
    </entry>
    <entry>
      <string>metadatasharing</string>
      <string>1.1.2</string>
    </entry>
    <entry>
      <string>logic</string>
      <string>0.5.2</string>
    </entry>
    <entry>
      <string>serialization.xstream</string>
      <string>0.2.7</string>
    </entry>
  </modules>
  <items class="linked-hash-set" id="4">
    <org.openmrs.module.metadatasharing.Item id="5" uuid="64f01c78-191d-4947-a201-7e0a7f0caf21">
      <id>2</id>
      <classname>org.openmrs.LocationAttributeType</classname>
      <dateChanged id="6">2013-02-18 17:32:50</dateChanged>
      <retired>false</retired>
    </org.openmrs.module.metadatasharing.Item>
    <org.openmrs.module.metadatasharing.Item id="7" uuid="a084f714-a536-473b-94e6-ec317b152b43">
      <id>55</id>
      <classname>org.openmrs.Location</classname>
      <dateChanged id="8">2012-07-16 14:59:16</dateChanged>
      <retired>false</retired>
    </org.openmrs.module.metadatasharing.Item>
    <org.openmrs.module.metadatasharing.Item id="9" uuid="272bd989-a8ee-4a16-b5aa-55bad4e84f5c">
      <id>77</id>
      <classname>org.openmrs.Location</classname>
      <dateChanged id="10">2012-11-13 19:03:36</dateChanged>
      <retired>false</retired>
    </org.openmrs.module.metadatasharing.Item>
    <org.openmrs.module.metadatasharing.Item id="11" uuid="950852f3-8a96-4d82-a5f8-a68a92043164">
      <id>78</id>
      <classname>org.openmrs.Location</classname>
      <dateChanged id="12">2012-11-13 19:04:06</dateChanged>
      <retired>false</retired>
    </org.openmrs.module.metadatasharing.Item>
    <org.openmrs.module.metadatasharing.Item id="13" uuid="8e4e930b-e801-44c5-8895-e7ef6feb6d73">
      <id>68</id>
      <classname>org.openmrs.Location</classname>
      <dateChanged id="14">2012-11-13 19:00:00</dateChanged>
      <retired>false</retired>
    </org.openmrs.module.metadatasharing.Item>
    <org.openmrs.module.metadatasharing.Item id="15" uuid="dcfefcb7-163b-47e5-84ae-f715cf3e0e92">
      <id>80</id>
      <classname>org.openmrs.Location</classname>
      <dateChanged id="16">2012-11-13 19:04:45</dateChanged>
      <retired>false</retired>
    </org.openmrs.module.metadatasharing.Item>
    <org.openmrs.module.metadatasharing.Item id="17" uuid="7d6cc39d-a600-496f-a320-fd4985f07f0b">
      <id>73</id>
      <classname>org.openmrs.Location</classname>
      <dateChanged id="18">2012-11-13 19:02:01</dateChanged>
      <retired>false</retired>
    </org.openmrs.module.metadatasharing.Item>
    <org.openmrs.module.metadatasharing.Item id="19" uuid="4f2d9af1-7eec-4228-bbd6-7b0774c6c267">
      <id>65</id>
      <classname>org.openmrs.Location</classname>
      <dateChanged id="20">2012-11-13 15:14:40</dateChanged>
      <retired>false</retired>
    </org.openmrs.module.metadatasharing.Item>
    <org.openmrs.module.metadatasharing.Item id="21" uuid="53cd4959-5f4d-4ddc-9971-7fc27e0b7946">
      <id>83</id>
      <classname>org.openmrs.Location</classname>
      <dateChanged id="22">2012-11-13 19:05:53</dateChanged>
      <retired>false</retired>
    </org.openmrs.module.metadatasharing.Item>
    <org.openmrs.module.metadatasharing.Item id="23" uuid="109a13a9-029d-498d-b66e-bab5eb396996">
      <id>74</id>
      <classname>org.openmrs.Location</classname>
      <dateChanged id="24">2012-11-13 19:02:22</dateChanged>
      <retired>false</retired>
    </org.openmrs.module.metadatasharing.Item>
    <org.openmrs.module.metadatasharing.Item id="25" uuid="b6fcd85f-5995-43c9-875f-3bb2299087ff">
      <id>72</id>
      <classname>org.openmrs.Location</classname>
      <dateChanged id="26">2012-11-13 19:01:37</dateChanged>
      <retired>false</retired>
    </org.openmrs.module.metadatasharing.Item>
    <org.openmrs.module.metadatasharing.Item id="27" uuid="dce85b2e-6946-4798-9037-d00f123df7bd">
      <id>64</id>
      <classname>org.openmrs.Location</classname>
      <dateChanged id="28">2012-11-13 14:14:25</dateChanged>
      <retired>false</retired>
    </org.openmrs.module.metadatasharing.Item>
    <org.openmrs.module.metadatasharing.Item id="29" uuid="ec9d2302-b525-45ce-bebe-42ea1d38b251">
      <id>79</id>
      <classname>org.openmrs.Location</classname>
      <dateChanged id="30">2012-11-13 19:04:27</dateChanged>
      <retired>false</retired>
    </org.openmrs.module.metadatasharing.Item>
    <org.openmrs.module.metadatasharing.Item id="31" uuid="29437276-aeae-4ea8-8219-720886cdc87f">
      <id>82</id>
      <classname>org.openmrs.Location</classname>
      <dateChanged id="32">2012-11-13 19:05:26</dateChanged>
      <retired>false</retired>
    </org.openmrs.module.metadatasharing.Item>
    <org.openmrs.module.metadatasharing.Item id="33" uuid="195d0af1-3887-4a28-a542-b832099fe3ee">
      <id>69</id>
      <classname>org.openmrs.Location</classname>
      <dateChanged id="34">2012-11-13 19:00:21</dateChanged>
      <retired>false</retired>
    </org.openmrs.module.metadatasharing.Item>
    <org.openmrs.module.metadatasharing.Item id="35" uuid="9b2066a2-7087-47f6-9b3a-b001037432a3">
      <id>62</id>
      <classname>org.openmrs.Location</classname>
      <dateChanged id="36">2012-09-24 17:08:58</dateChanged>
      <retired>false</retired>
    </org.openmrs.module.metadatasharing.Item>
    <org.openmrs.module.metadatasharing.Item id="37" uuid="3b6f010b-5d44-4ded-85b3-70ea7ba79fd5">
      <id>66</id>
      <classname>org.openmrs.Location</classname>
      <dateChanged id="38">2012-11-13 18:54:56</dateChanged>
      <retired>false</retired>
    </org.openmrs.module.metadatasharing.Item>
    <org.openmrs.module.metadatasharing.Item id="39" uuid="cfe92278-0181-4315-ab7d-1731753120f0">
      <id>85</id>
      <classname>org.openmrs.Location</classname>
      <dateChanged id="40">2012-11-13 19:14:22</dateChanged>
      <retired>false</retired>
    </org.openmrs.module.metadatasharing.Item>
    <org.openmrs.module.metadatasharing.Item id="41" uuid="41736d90-12f9-4c16-b5a1-5af170b7bf2a">
      <id>75</id>
      <classname>org.openmrs.Location</classname>
      <dateChanged id="42">2012-11-13 19:02:50</dateChanged>
      <retired>false</retired>
    </org.openmrs.module.metadatasharing.Item>
    <org.openmrs.module.metadatasharing.Item id="43" uuid="a296d225-0312-4ce5-836c-cb2d8e952f47">
      <id>67</id>
      <classname>org.openmrs.Location</classname>
      <dateChanged id="44">2012-11-13 18:56:58</dateChanged>
      <retired>false</retired>
    </org.openmrs.module.metadatasharing.Item>
    <org.openmrs.module.metadatasharing.Item id="45" uuid="f3a5586e-f06c-4dfb-96b0-6f3451a35e90">
      <id>63</id>
      <classname>org.openmrs.Location</classname>
      <dateChanged id="46">2012-09-24 17:10:31</dateChanged>
      <retired>false</retired>
    </org.openmrs.module.metadatasharing.Item>
    <org.openmrs.module.metadatasharing.Item id="47" uuid="199e7d87-92a0-4398-a0f8-11d012178164">
      <id>61</id>
      <classname>org.openmrs.Location</classname>
      <dateChanged id="48">2012-09-24 17:07:04</dateChanged>
      <retired>false</retired>
    </org.openmrs.module.metadatasharing.Item>
    <org.openmrs.module.metadatasharing.Item id="49" uuid="62a9500e-a1a5-4235-844f-3a8cc0765d53">
      <id>76</id>
      <classname>org.openmrs.Location</classname>
      <dateChanged id="50">2012-11-13 19:03:14</dateChanged>
      <retired>false</retired>
    </org.openmrs.module.metadatasharing.Item>
    <org.openmrs.module.metadatasharing.Item id="51" uuid="d65eb8cf-d781-4ea8-9d9a-2b3e03c6074c">
      <id>81</id>
      <classname>org.openmrs.Location</classname>
      <dateChanged id="52">2012-11-13 19:05:07</dateChanged>
      <retired>false</retired>
    </org.openmrs.module.metadatasharing.Item>
    <org.openmrs.module.metadatasharing.Item id="53" uuid="e4ae2d28-d57c-42ba-b7aa-f6fcac421b2c">
      <id>70</id>
      <classname>org.openmrs.Location</classname>
      <dateChanged id="54">2012-11-13 19:00:46</dateChanged>
      <retired>false</retired>
    </org.openmrs.module.metadatasharing.Item>
    <org.openmrs.module.metadatasharing.Item id="55" uuid="e752ec51-5633-489f-aef1-01f285c03f38">
      <id>71</id>
      <classname>org.openmrs.Location</classname>
      <dateChanged id="56">2012-11-13 19:01:13</dateChanged>
      <retired>false</retired>
    </org.openmrs.module.metadatasharing.Item>
    <org.openmrs.module.metadatasharing.Item id="57" uuid="0198d2c3-9c08-45b6-88df-cbb60446ef00">
      <id>84</id>
      <classname>org.openmrs.Location</classname>
      <dateChanged id="58">2012-11-13 19:06:18</dateChanged>
      <retired>false</retired>
    </org.openmrs.module.metadatasharing.Item>
  </items>
  <relatedItems class="linked-hash-set" id="59">
    <org.openmrs.module.metadatasharing.Item id="60" uuid="19cddbbe-fe82-448f-b2ab-95c4b73bc6f5">
      <id>1</id>
      <classname>org.openmrs.LocationAttribute</classname>
      <dateChanged id="61">2012-12-07 20:46:44</dateChanged>
    </org.openmrs.module.metadatasharing.Item>
    <org.openmrs.module.metadatasharing.Item id="62" uuid="a5fb5770-409a-11e2-a25f-0800200c9a66">
      <id>1</id>
      <classname>org.openmrs.LocationAttributeType</classname>
      <dateChanged id="63">2012-12-07 15:22:34</dateChanged>
      <retired>false</retired>
    </org.openmrs.module.metadatasharing.Item>
    <org.openmrs.module.metadatasharing.Item id="64" uuid="be50d584-26b2-4371-8768-2b9565742b3b">
      <id>86</id>
      <classname>org.openmrs.Location</classname>
      <dateChanged id="65">2013-01-10 18:18:04</dateChanged>
      <retired>false</retired>
    </org.openmrs.module.metadatasharing.Item>
    <org.openmrs.module.metadatasharing.Item id="66" uuid="2705ac66-949e-461a-8f73-ea087ea28bb0">
      <id>3</id>
      <classname>org.openmrs.LocationAttribute</classname>
      <dateChanged id="67">2013-02-18 17:10:52</dateChanged>
    </org.openmrs.module.metadatasharing.Item>
    <org.openmrs.module.metadatasharing.Item id="68" uuid="b8bbf83e-645f-451f-8efe-a0db56f09676">
      <id>3</id>
      <classname>org.openmrs.LocationTag</classname>
      <dateChanged id="69">2012-11-03 21:39:44</dateChanged>
      <retired>false</retired>
    </org.openmrs.module.metadatasharing.Item>
    <org.openmrs.module.metadatasharing.Item id="70" uuid="71c99f93-bc0c-4a44-b573-a7ac096ff636">
      <id>1</id>
      <classname>org.openmrs.LocationTag</classname>
      <dateChanged id="71">2012-10-09 19:01:33</dateChanged>
      <retired>false</retired>
    </org.openmrs.module.metadatasharing.Item>
    <org.openmrs.module.metadatasharing.Item id="72" uuid="0967d73d-f3c9-492b-abed-356478610a94">
      <id>2</id>
      <classname>org.openmrs.LocationTag</classname>
      <dateChanged id="73">2012-10-23 16:13:45</dateChanged>
      <retired>false</retired>
    </org.openmrs.module.metadatasharing.Item>
    <org.openmrs.module.metadatasharing.Item id="74" uuid="57f66e57-ddbf-41dd-b72b-734feb9cfc10">
      <id>2</id>
      <classname>org.openmrs.LocationAttribute</classname>
      <dateChanged id="75">2013-02-18 17:10:13</dateChanged>
    </org.openmrs.module.metadatasharing.Item>
    <org.openmrs.module.metadatasharing.Item id="76" uuid="a01858fe-2f18-418d-8b4b-5d3f926efc4f">
      <id>19</id>
      <classname>org.openmrs.LocationAttribute</classname>
      <dateChanged id="77">2013-02-18 17:16:35</dateChanged>
    </org.openmrs.module.metadatasharing.Item>
    <org.openmrs.module.metadatasharing.Item id="78" uuid="4c7fe8b5-e965-4cd1-9021-dfa994c16838">
      <id>24</id>
      <classname>org.openmrs.LocationAttribute</classname>
      <dateChanged id="79">2013-02-18 17:18:10</dateChanged>
    </org.openmrs.module.metadatasharing.Item>
    <org.openmrs.module.metadatasharing.Item id="80" uuid="54750c8b-d979-4d3b-bd1d-57830009e064">
      <id>9</id>
      <classname>org.openmrs.LocationAttribute</classname>
      <dateChanged id="81">2013-02-18 17:13:09</dateChanged>
    </org.openmrs.module.metadatasharing.Item>
    <org.openmrs.module.metadatasharing.Item id="82" uuid="162c86a7-5918-4311-ae98-25708541e97f">
      <id>22</id>
      <classname>org.openmrs.LocationAttribute</classname>
      <dateChanged id="83">2013-02-18 17:17:29</dateChanged>
    </org.openmrs.module.metadatasharing.Item>
    <org.openmrs.module.metadatasharing.Item id="84" uuid="41fec28b-dd0c-4011-be67-9ebca234ebfd">
      <id>5</id>
      <classname>org.openmrs.LocationAttribute</classname>
      <dateChanged id="85">2013-02-18 17:12:01</dateChanged>
    </org.openmrs.module.metadatasharing.Item>
    <org.openmrs.module.metadatasharing.Item id="86" uuid="f3d2b863-4524-40a1-8908-6646255e2e32">
      <id>10</id>
      <classname>org.openmrs.LocationAttribute</classname>
      <dateChanged id="87">2013-02-18 17:13:39</dateChanged>
    </org.openmrs.module.metadatasharing.Item>
    <org.openmrs.module.metadatasharing.Item id="88" uuid="01b1db36-bf5b-450e-a53d-a5ac6c50b5b2">
      <id>20</id>
      <classname>org.openmrs.LocationAttribute</classname>
      <dateChanged id="89">2013-02-18 17:16:52</dateChanged>
    </org.openmrs.module.metadatasharing.Item>
    <org.openmrs.module.metadatasharing.Item id="90" uuid="8b13c4c2-8c44-4faa-b385-2734594a8d44">
      <id>7</id>
      <classname>org.openmrs.LocationAttribute</classname>
      <dateChanged id="91">2013-02-18 17:12:33</dateChanged>
    </org.openmrs.module.metadatasharing.Item>
    <org.openmrs.module.metadatasharing.Item id="92" uuid="0b70293d-0995-404c-924c-e4f54d6860b5">
      <id>4</id>
      <classname>org.openmrs.LocationAttribute</classname>
      <dateChanged id="93">2013-02-18 17:11:46</dateChanged>
    </org.openmrs.module.metadatasharing.Item>
    <org.openmrs.module.metadatasharing.Item id="94" uuid="afa2909f-2b68-4923-9c29-07e8d37a99a1">
      <id>18</id>
      <classname>org.openmrs.LocationAttribute</classname>
      <dateChanged id="95">2013-02-18 17:16:19</dateChanged>
    </org.openmrs.module.metadatasharing.Item>
    <org.openmrs.module.metadatasharing.Item id="96" uuid="1f07a471-cd35-429d-a82b-7bff40650216">
      <id>8</id>
      <classname>org.openmrs.LocationAttribute</classname>
      <dateChanged id="97">2013-02-18 17:12:50</dateChanged>
    </org.openmrs.module.metadatasharing.Item>
    <org.openmrs.module.metadatasharing.Item id="98" uuid="bdae8ec9-3ed0-4b93-a38b-0c61674aae8a">
      <id>25</id>
      <classname>org.openmrs.LocationAttribute</classname>
      <dateChanged id="99">2013-02-18 17:18:19</dateChanged>
    </org.openmrs.module.metadatasharing.Item>
    <org.openmrs.module.metadatasharing.Item id="100" uuid="703614f6-c941-4ec1-a639-65e308762034">
      <id>23</id>
      <classname>org.openmrs.LocationAttribute</classname>
      <dateChanged id="101">2013-02-18 17:17:47</dateChanged>
    </org.openmrs.module.metadatasharing.Item>
    <org.openmrs.module.metadatasharing.Item id="102" uuid="3d2220a6-2ed2-4f9d-a856-67f79ae9b1c9">
      <id>11</id>
      <classname>org.openmrs.LocationAttribute</classname>
      <dateChanged id="103">2013-02-18 17:13:59</dateChanged>
    </org.openmrs.module.metadatasharing.Item>
    <org.openmrs.module.metadatasharing.Item id="104" uuid="d8be457b-c418-4581-8673-50ca20d2ba42">
      <id>21</id>
      <classname>org.openmrs.LocationAttribute</classname>
      <dateChanged id="105">2013-02-18 17:17:12</dateChanged>
    </org.openmrs.module.metadatasharing.Item>
    <org.openmrs.module.metadatasharing.Item id="106" uuid="d08b49d0-be14-49bb-9319-02f4125834c8">
      <id>14</id>
      <classname>org.openmrs.LocationAttribute</classname>
      <dateChanged id="107">2013-02-18 17:14:56</dateChanged>
    </org.openmrs.module.metadatasharing.Item>
    <org.openmrs.module.metadatasharing.Item id="108" uuid="ec2b429b-6c73-4863-bd89-a6501d58d540">
      <id>12</id>
      <classname>org.openmrs.LocationAttribute</classname>
      <dateChanged id="109">2013-02-18 17:14:06</dateChanged>
    </org.openmrs.module.metadatasharing.Item>
    <org.openmrs.module.metadatasharing.Item id="110" uuid="82c82a3d-5153-4eaf-9ad5-154eeffe0f1b">
      <id>6</id>
      <classname>org.openmrs.LocationAttribute</classname>
      <dateChanged id="111">2013-02-18 17:12:17</dateChanged>
    </org.openmrs.module.metadatasharing.Item>
    <org.openmrs.module.metadatasharing.Item id="112" uuid="350badbe-82a1-42f6-81a3-e2f7aaec5d1e">
      <id>15</id>
      <classname>org.openmrs.LocationAttribute</classname>
      <dateChanged id="113">2013-02-18 17:15:21</dateChanged>
    </org.openmrs.module.metadatasharing.Item>
    <org.openmrs.module.metadatasharing.Item id="114" uuid="f8eba8dc-8939-4c5e-a39b-110d833b86e6">
      <id>13</id>
      <classname>org.openmrs.LocationAttribute</classname>
      <dateChanged id="115">2013-02-18 17:14:41</dateChanged>
    </org.openmrs.module.metadatasharing.Item>
    <org.openmrs.module.metadatasharing.Item id="116" uuid="157c7f05-fa41-4ccb-a6cb-599d8c731aee">
      <id>27</id>
      <classname>org.openmrs.LocationAttribute</classname>
      <dateChanged id="117">2013-02-18 17:18:41</dateChanged>
    </org.openmrs.module.metadatasharing.Item>
    <org.openmrs.module.metadatasharing.Item id="118" uuid="d5827677-9adf-48b2-b6fa-e769af037873">
      <id>16</id>
      <classname>org.openmrs.LocationAttribute</classname>
      <dateChanged id="119">2013-02-18 17:15:36</dateChanged>
    </org.openmrs.module.metadatasharing.Item>
    <org.openmrs.module.metadatasharing.Item id="120" uuid="24f2c381-2aa9-44cf-aeca-165d7d0196e8">
      <id>17</id>
      <classname>org.openmrs.LocationAttribute</classname>
      <dateChanged id="121">2013-02-18 17:15:51</dateChanged>
    </org.openmrs.module.metadatasharing.Item>
    <org.openmrs.module.metadatasharing.Item id="122" uuid="5d82d626-27a4-42f8-898c-236426810e40">
      <id>26</id>
      <classname>org.openmrs.LocationAttribute</classname>
      <dateChanged id="123">2013-02-18 17:18:32</dateChanged>
    </org.openmrs.module.metadatasharing.Item>
  </relatedItems>
  <incrementalVersion>false</incrementalVersion>
</package>
