<?xml version="1.0" encoding="UTF-8"?>
<list id="1">
  <org.openmrs.LocationAttributeType id="2" uuid="64f01c78-191d-4947-a201-7e0a7f0caf21">
    <name>Location Code</name>
    <description>Unique identifier assigned to the location.  (Currently used as a key when exchanging information with McKesson PACS via the PACS Integration module.)</description>
    <creator/>
    <dateCreated id="3">2013-02-18 17:09:38</dateCreated>
    <changedBy/>
    <dateChanged id="4">2013-02-18 17:32:50</dateChanged>
    <retired>false</retired>
    <minOccurs>0</minOccurs>
    <maxOccurs>1</maxOccurs>
    <datatypeClassname>org.openmrs.customdatatype.datatype.FreeTextDatatype</datatypeClassname>
    <locationAttributeTypeId>2</locationAttributeTypeId>
  </org.openmrs.LocationAttributeType>
  <org.openmrs.Location id="5" uuid="a084f714-a536-473b-94e6-ec317b152b43">
    <name>Mirebalais Hospital</name>
    <description>Mirebalais (MoH code 62101)</description>
    <creator/>
    <dateCreated id="6">2012-07-16 14:59:16</dateCreated>
    <retired>false</retired>
    <attributes id="7">
      <org.openmrs.LocationAttribute id="8" uuid="19cddbbe-fe82-448f-b2ab-95c4b73bc6f5">
        <creator/>
        <dateCreated id="9">2012-12-07 20:46:44</dateCreated>
        <voided>false</voided>
        <owner class="org.openmrs.Location" reference="5"/>
        <attributeType class="org.openmrs.LocationAttributeType" id="10" uuid="a5fb5770-409a-11e2-a25f-0800200c9a66">
          <name>Name to print on ID card</name>
          <description>The name to use when printing a location on an id card</description>
          <creator/>
          <dateCreated id="11">2012-12-07 15:22:34</dateCreated>
          <retired>false</retired>
          <minOccurs>0</minOccurs>
          <maxOccurs>1</maxOccurs>
          <datatypeClassname>org.openmrs.customdatatype.datatype.FreeTextDatatype</datatypeClassname>
          <locationAttributeTypeId>1</locationAttributeTypeId>
        </attributeType>
        <valueReference>Mirebalais</valueReference>
        <locationAttributeId>1</locationAttributeId>
      </org.openmrs.LocationAttribute>
    </attributes>
    <locationId>55</locationId>
    <cityVillage>Mirebalais</cityVillage>
    <stateProvince>Centre</stateProvince>
    <country>Haiti</country>
    <childLocations id="12">
      <org.openmrs.Location id="13" uuid="53cd4959-5f4d-4ddc-9971-7fc27e0b7946">
        <name>Main Laboratory</name>
        <description>Main laboratory at Mirebalais Hospital</description>
        <creator/>
        <dateCreated id="14">2012-11-13 19:05:53</dateCreated>
        <retired>false</retired>
        <attributes id="15">
          <org.openmrs.LocationAttribute id="16" uuid="f3d2b863-4524-40a1-8908-6646255e2e32">
            <creator/>
            <dateCreated id="17">2013-02-18 17:13:39</dateCreated>
            <voided>false</voided>
            <owner class="org.openmrs.Location" reference="13"/>
            <attributeType class="org.openmrs.LocationAttributeType" reference="2"/>
            <valueReference>M007</valueReference>
            <locationAttributeId>10</locationAttributeId>
          </org.openmrs.LocationAttribute>
        </attributes>
        <locationId>83</locationId>
        <parentLocation reference="5"/>
        <childLocations id="18"/>
        <tags id="19">
          <org.openmrs.LocationTag id="20" uuid="b8bbf83e-645f-451f-8efe-a0db56f09676">
            <name>Login Location</name>
            <description>When a user logs in and chooses a session location, they may only choose one with this tag</description>
            <creator/>
            <dateCreated id="21">2012-11-03 21:39:44</dateCreated>
            <retired>false</retired>
            <locationTagId>3</locationTagId>
          </org.openmrs.LocationTag>
        </tags>
      </org.openmrs.Location>
      <org.openmrs.Location id="22" uuid="950852f3-8a96-4d82-a5f8-a68a92043164">
        <name>Postpartum Ward</name>
        <description>Postpartum ward at Mirebalais Hospital (After giving birth)</description>
        <creator/>
        <dateCreated id="23">2012-11-13 19:04:06</dateCreated>
        <retired>false</retired>
        <attributes id="24">
          <org.openmrs.LocationAttribute id="25" uuid="a01858fe-2f18-418d-8b4b-5d3f926efc4f">
            <creator/>
            <dateCreated id="26">2013-02-18 17:16:35</dateCreated>
            <voided>false</voided>
            <owner class="org.openmrs.Location" reference="22"/>
            <attributeType class="org.openmrs.LocationAttributeType" reference="2"/>
            <valueReference>M008</valueReference>
            <locationAttributeId>19</locationAttributeId>
          </org.openmrs.LocationAttribute>
        </attributes>
        <locationId>78</locationId>
        <parentLocation reference="5"/>
        <childLocations id="27"/>
        <tags id="28">
          <org.openmrs.LocationTag reference="20"/>
        </tags>
      </org.openmrs.Location>
      <org.openmrs.Location id="29" uuid="9b2066a2-7087-47f6-9b3a-b001037432a3">
        <name>Women&apos;s Clinic</name>
        <description>Women&apos;s Outpatient clinic at Mirebalais Hospital (Sante Fanm).</description>
        <creator/>
        <dateCreated id="30">2012-09-24 17:08:58</dateCreated>
        <retired>false</retired>
        <attributes id="31">
          <org.openmrs.LocationAttribute id="32" uuid="703614f6-c941-4ec1-a639-65e308762034">
            <creator/>
            <dateCreated id="33">2013-02-18 17:17:47</dateCreated>
            <voided>false</voided>
            <owner class="org.openmrs.Location" reference="29"/>
            <attributeType class="org.openmrs.LocationAttributeType" reference="2"/>
            <valueReference>M003</valueReference>
            <locationAttributeId>23</locationAttributeId>
          </org.openmrs.LocationAttribute>
        </attributes>
        <locationId>62</locationId>
        <parentLocation reference="5"/>
        <childLocations id="34"/>
        <tags id="35">
          <org.openmrs.LocationTag reference="20"/>
        </tags>
      </org.openmrs.Location>
      <org.openmrs.Location id="36" uuid="cfe92278-0181-4315-ab7d-1731753120f0">
        <name>Radiology</name>
        <description>Radiology at Mirebalais Hospital</description>
        <creator/>
        <dateCreated id="37">2012-11-13 19:14:22</dateCreated>
        <retired>false</retired>
        <attributes id="38">
          <org.openmrs.LocationAttribute id="39" uuid="d8be457b-c418-4581-8673-50ca20d2ba42">
            <creator/>
            <dateCreated id="40">2013-02-18 17:17:12</dateCreated>
            <voided>false</voided>
            <owner class="org.openmrs.Location" reference="36"/>
            <attributeType class="org.openmrs.LocationAttributeType" reference="2"/>
            <valueReference>M010</valueReference>
            <locationAttributeId>21</locationAttributeId>
          </org.openmrs.LocationAttribute>
        </attributes>
        <locationId>85</locationId>
        <parentLocation reference="5"/>
        <childLocations id="41"/>
        <tags id="42">
          <org.openmrs.LocationTag reference="20"/>
        </tags>
      </org.openmrs.Location>
      <org.openmrs.Location id="43" uuid="f3a5586e-f06c-4dfb-96b0-6f3451a35e90">
        <name>Emergency</name>
        <description>Emergency room at Mirebalais Hospital (Ijans)</description>
        <creator/>
        <dateCreated id="44">2012-09-24 17:10:31</dateCreated>
        <retired>false</retired>
        <attributes id="45">
          <org.openmrs.LocationAttribute id="46" uuid="82c82a3d-5153-4eaf-9ad5-154eeffe0f1b">
            <creator/>
            <dateCreated id="47">2013-02-18 17:12:17</dateCreated>
            <voided>false</voided>
            <owner class="org.openmrs.Location" reference="43"/>
            <attributeType class="org.openmrs.LocationAttributeType" reference="2"/>
            <valueReference>M004</valueReference>
            <locationAttributeId>6</locationAttributeId>
          </org.openmrs.LocationAttribute>
        </attributes>
        <locationId>63</locationId>
        <parentLocation reference="5"/>
        <childLocations id="48"/>
        <tags id="49">
          <org.openmrs.LocationTag reference="20"/>
        </tags>
      </org.openmrs.Location>
      <org.openmrs.Location id="50" uuid="109a13a9-029d-498d-b66e-bab5eb396996">
        <name>Pre-op/PACU</name>
        <description>Pre-op/PACU at Mirebalais Hospital (Before surgery, and Post-Anesthesia Care Unit)</description>
        <creator/>
        <dateCreated id="51">2012-11-13 19:02:22</dateCreated>
        <retired>false</retired>
        <attributes id="52">
          <org.openmrs.LocationAttribute id="53" uuid="01b1db36-bf5b-450e-a53d-a5ac6c50b5b2">
            <creator/>
            <dateCreated id="54">2013-02-18 17:16:52</dateCreated>
            <voided>false</voided>
            <owner class="org.openmrs.Location" reference="50"/>
            <attributeType class="org.openmrs.LocationAttributeType" reference="2"/>
            <valueReference>M013</valueReference>
            <locationAttributeId>20</locationAttributeId>
          </org.openmrs.LocationAttribute>
        </attributes>
        <locationId>74</locationId>
        <parentLocation reference="5"/>
        <childLocations id="55"/>
        <tags id="56">
          <org.openmrs.LocationTag reference="20"/>
        </tags>
      </org.openmrs.Location>
      <org.openmrs.Location id="57" uuid="199e7d87-92a0-4398-a0f8-11d012178164">
        <name>Outpatient Clinic</name>
        <description>The outpatient clinic at Mirebalais Hospital (Klinik Extern).</description>
        <creator/>
        <dateCreated id="58">2012-09-24 17:07:04</dateCreated>
        <retired>false</retired>
        <attributes id="59">
          <org.openmrs.LocationAttribute id="60" uuid="350badbe-82a1-42f6-81a3-e2f7aaec5d1e">
            <creator/>
            <dateCreated id="61">2013-02-18 17:15:21</dateCreated>
            <voided>false</voided>
            <owner class="org.openmrs.Location" reference="57"/>
            <attributeType class="org.openmrs.LocationAttributeType" reference="2"/>
            <valueReference>M005</valueReference>
            <locationAttributeId>15</locationAttributeId>
          </org.openmrs.LocationAttribute>
        </attributes>
        <locationId>61</locationId>
        <parentLocation reference="5"/>
        <childLocations id="62"/>
        <tags id="63">
          <org.openmrs.LocationTag reference="20"/>
        </tags>
      </org.openmrs.Location>
      <org.openmrs.Location id="64" uuid="29437276-aeae-4ea8-8219-720886cdc87f">
        <name>Isolation</name>
        <description>Isolation at Mirebalais Hospital</description>
        <creator/>
        <dateCreated id="65">2012-11-13 19:05:26</dateCreated>
        <retired>false</retired>
        <attributes id="66">
          <org.openmrs.LocationAttribute id="67" uuid="1f07a471-cd35-429d-a82b-7bff40650216">
            <creator/>
            <dateCreated id="68">2013-02-18 17:12:50</dateCreated>
            <voided>false</voided>
            <owner class="org.openmrs.Location" reference="64"/>
            <attributeType class="org.openmrs.LocationAttributeType" reference="2"/>
            <valueReference>M017</valueReference>
            <locationAttributeId>8</locationAttributeId>
          </org.openmrs.LocationAttribute>
        </attributes>
        <locationId>82</locationId>
        <parentLocation reference="5"/>
        <childLocations id="69"/>
        <tags id="70">
          <org.openmrs.LocationTag reference="20"/>
        </tags>
      </org.openmrs.Location>
      <org.openmrs.Location id="71" uuid="4f2d9af1-7eec-4228-bbd6-7b0774c6c267">
        <name>Dental</name>
        <description>Dental clinic at Mirebalais Hospital (Dental Clinic).</description>
        <creator/>
        <dateCreated id="72">2012-11-13 15:14:40</dateCreated>
        <retired>false</retired>
        <attributes id="73">
          <org.openmrs.LocationAttribute id="74" uuid="41fec28b-dd0c-4011-be67-9ebca234ebfd">
            <creator/>
            <dateCreated id="75">2013-02-18 17:12:01</dateCreated>
            <voided>false</voided>
            <owner class="org.openmrs.Location" reference="71"/>
            <attributeType class="org.openmrs.LocationAttributeType" reference="2"/>
            <valueReference>M019</valueReference>
            <locationAttributeId>5</locationAttributeId>
          </org.openmrs.LocationAttribute>
        </attributes>
        <locationId>65</locationId>
        <parentLocation reference="5"/>
        <childLocations id="76"/>
        <tags id="77">
          <org.openmrs.LocationTag reference="20"/>
        </tags>
      </org.openmrs.Location>
      <org.openmrs.Location id="78" uuid="3b6f010b-5d44-4ded-85b3-70ea7ba79fd5">
        <name>Men’s Internal Medicine A</name>
        <description>Men’s Internal Medicine A at Mirebalais Hospital (1st Inpatient ward for men)</description>
        <creator/>
        <dateCreated id="79">2012-11-13 18:54:56</dateCreated>
        <retired>false</retired>
        <attributes id="80">
          <org.openmrs.LocationAttribute id="81" uuid="3d2220a6-2ed2-4f9d-a856-67f79ae9b1c9">
            <creator/>
            <dateCreated id="82">2013-02-18 17:13:59</dateCreated>
            <voided>false</voided>
            <owner class="org.openmrs.Location" reference="78"/>
            <attributeType class="org.openmrs.LocationAttributeType" reference="2"/>
            <valueReference>M020</valueReference>
            <locationAttributeId>11</locationAttributeId>
          </org.openmrs.LocationAttribute>
        </attributes>
        <locationId>66</locationId>
        <parentLocation reference="5"/>
        <childLocations id="83"/>
        <tags id="84">
          <org.openmrs.LocationTag reference="20"/>
        </tags>
      </org.openmrs.Location>
      <org.openmrs.Location id="85" uuid="a296d225-0312-4ce5-836c-cb2d8e952f47">
        <name>Men’s Internal Medicine B</name>
        <description>Men’s Internal Medicine B at Mirebalais Hospital (2nd Inpatient ward for men)</description>
        <creator/>
        <dateCreated id="86">2012-11-13 18:56:58</dateCreated>
        <retired>false</retired>
        <attributes id="87">
          <org.openmrs.LocationAttribute id="88" uuid="ec2b429b-6c73-4863-bd89-a6501d58d540">
            <creator/>
            <dateCreated id="89">2013-02-18 17:14:06</dateCreated>
            <voided>false</voided>
            <owner class="org.openmrs.Location" reference="85"/>
            <attributeType class="org.openmrs.LocationAttributeType" reference="2"/>
            <valueReference>M021</valueReference>
            <locationAttributeId>12</locationAttributeId>
          </org.openmrs.LocationAttribute>
        </attributes>
        <locationId>67</locationId>
        <parentLocation reference="5"/>
        <childLocations id="90"/>
        <tags id="91">
          <org.openmrs.LocationTag reference="20"/>
        </tags>
      </org.openmrs.Location>
      <org.openmrs.Location id="92" uuid="e752ec51-5633-489f-aef1-01f285c03f38">
        <name>Pediatrics B</name>
        <description>Pediatrics B at Mirebalais Hospital (2nd Inpatient ward for children)</description>
        <creator/>
        <dateCreated id="93">2012-11-13 19:01:13</dateCreated>
        <retired>false</retired>
        <attributes id="94">
          <org.openmrs.LocationAttribute id="95" uuid="24f2c381-2aa9-44cf-aeca-165d7d0196e8">
            <creator/>
            <dateCreated id="96">2013-02-18 17:15:51</dateCreated>
            <voided>false</voided>
            <owner class="org.openmrs.Location" reference="92"/>
            <attributeType class="org.openmrs.LocationAttributeType" reference="2"/>
            <valueReference>M022</valueReference>
            <locationAttributeId>17</locationAttributeId>
          </org.openmrs.LocationAttribute>
        </attributes>
        <locationId>71</locationId>
        <parentLocation reference="5"/>
        <childLocations id="97"/>
        <tags id="98">
          <org.openmrs.LocationTag reference="20"/>
        </tags>
      </org.openmrs.Location>
      <org.openmrs.Location id="99" uuid="8e4e930b-e801-44c5-8895-e7ef6feb6d73">
        <name>Women’s Internal Medicine A</name>
        <description>Women’s Internal Medicine A at Mirebalais Hospital (1st Inpatient ward for women)</description>
        <creator/>
        <dateCreated id="100">2012-11-13 19:00:00</dateCreated>
        <retired>false</retired>
        <attributes id="101">
          <org.openmrs.LocationAttribute id="102" uuid="4c7fe8b5-e965-4cd1-9021-dfa994c16838">
            <creator/>
            <dateCreated id="103">2013-02-18 17:18:10</dateCreated>
            <voided>false</voided>
            <owner class="org.openmrs.Location" reference="99"/>
            <attributeType class="org.openmrs.LocationAttributeType" reference="2"/>
            <valueReference>M026</valueReference>
            <locationAttributeId>24</locationAttributeId>
          </org.openmrs.LocationAttribute>
        </attributes>
        <locationId>68</locationId>
        <parentLocation reference="5"/>
        <childLocations id="104"/>
        <tags id="105">
          <org.openmrs.LocationTag reference="20"/>
        </tags>
      </org.openmrs.Location>
      <org.openmrs.Location id="106" uuid="7d6cc39d-a600-496f-a320-fd4985f07f0b">
        <name>Surgical Ward</name>
        <description>Surgical Ward at Mirebalais Hospital(Surgery)</description>
        <creator/>
        <dateCreated id="107">2012-11-13 19:02:01</dateCreated>
        <retired>false</retired>
        <attributes id="108">
          <org.openmrs.LocationAttribute id="109" uuid="162c86a7-5918-4311-ae98-25708541e97f">
            <creator/>
            <dateCreated id="110">2013-02-18 17:17:29</dateCreated>
            <voided>false</voided>
            <owner class="org.openmrs.Location" reference="106"/>
            <attributeType class="org.openmrs.LocationAttributeType" reference="2"/>
            <valueReference>M025</valueReference>
            <locationAttributeId>22</locationAttributeId>
          </org.openmrs.LocationAttribute>
        </attributes>
        <locationId>73</locationId>
        <parentLocation reference="5"/>
        <childLocations id="111"/>
        <tags id="112">
          <org.openmrs.LocationTag reference="20"/>
        </tags>
      </org.openmrs.Location>
      <org.openmrs.Location id="113" uuid="ec9d2302-b525-45ce-bebe-42ea1d38b251">
        <name>Post-op GYN</name>
        <description>Post-op GYN at Mirebalais Hospital(Recovery after surgery related to gynecology)</description>
        <creator/>
        <dateCreated id="114">2012-11-13 19:04:27</dateCreated>
        <retired>false</retired>
        <attributes id="115">
          <org.openmrs.LocationAttribute id="116" uuid="afa2909f-2b68-4923-9c29-07e8d37a99a1">
            <creator/>
            <dateCreated id="117">2013-02-18 17:16:19</dateCreated>
            <voided>false</voided>
            <owner class="org.openmrs.Location" reference="113"/>
            <attributeType class="org.openmrs.LocationAttributeType" reference="2"/>
            <valueReference>M009</valueReference>
            <locationAttributeId>18</locationAttributeId>
          </org.openmrs.LocationAttribute>
        </attributes>
        <locationId>79</locationId>
        <parentLocation reference="5"/>
        <childLocations id="118"/>
        <tags id="119">
          <org.openmrs.LocationTag reference="20"/>
        </tags>
      </org.openmrs.Location>
      <org.openmrs.Location id="120" uuid="dce85b2e-6946-4798-9037-d00f123df7bd">
        <name>Community Health</name>
        <description>Community Health clinic at Mirebalais Hospital (Community Health clinic).</description>
        <creator/>
        <dateCreated id="121">2012-11-13 14:14:25</dateCreated>
        <retired>false</retired>
        <attributes id="122">
          <org.openmrs.LocationAttribute id="123" uuid="0b70293d-0995-404c-924c-e4f54d6860b5">
            <creator/>
            <dateCreated id="124">2013-02-18 17:11:46</dateCreated>
            <voided>false</voided>
            <owner class="org.openmrs.Location" reference="120"/>
            <attributeType class="org.openmrs.LocationAttributeType" reference="2"/>
            <valueReference>M011</valueReference>
            <locationAttributeId>4</locationAttributeId>
          </org.openmrs.LocationAttribute>
        </attributes>
        <locationId>64</locationId>
        <parentLocation reference="5"/>
        <childLocations id="125"/>
        <tags id="126">
          <org.openmrs.LocationTag reference="20"/>
        </tags>
      </org.openmrs.Location>
      <org.openmrs.Location id="127" uuid="e4ae2d28-d57c-42ba-b7aa-f6fcac421b2c">
        <name>Pediatrics A</name>
        <description>Pediatrics A at Mirebalais Hospital (1st Inpatient ward for children)</description>
        <creator/>
        <dateCreated id="128">2012-11-13 19:00:46</dateCreated>
        <retired>false</retired>
        <attributes id="129">
          <org.openmrs.LocationAttribute id="130" uuid="d5827677-9adf-48b2-b6fa-e769af037873">
            <creator/>
            <dateCreated id="131">2013-02-18 17:15:36</dateCreated>
            <voided>false</voided>
            <owner class="org.openmrs.Location" reference="127"/>
            <attributeType class="org.openmrs.LocationAttributeType" reference="2"/>
            <valueReference>M012</valueReference>
            <locationAttributeId>16</locationAttributeId>
          </org.openmrs.LocationAttribute>
        </attributes>
        <locationId>70</locationId>
        <parentLocation reference="5"/>
        <childLocations id="132"/>
        <tags id="133">
          <org.openmrs.LocationTag reference="20"/>
        </tags>
      </org.openmrs.Location>
      <org.openmrs.Location id="134" uuid="62a9500e-a1a5-4235-844f-3a8cc0765d53">
        <name>NICU</name>
        <description>NICU at Mirebalais Hospital (Neonatal Intensive Care Unit)</description>
        <creator/>
        <dateCreated id="135">2012-11-13 19:03:14</dateCreated>
        <retired>false</retired>
        <attributes id="136">
          <org.openmrs.LocationAttribute id="137" uuid="f8eba8dc-8939-4c5e-a39b-110d833b86e6">
            <creator/>
            <dateCreated id="138">2013-02-18 17:14:41</dateCreated>
            <voided>false</voided>
            <owner class="org.openmrs.Location" reference="134"/>
            <attributeType class="org.openmrs.LocationAttributeType" reference="2"/>
            <valueReference>M014</valueReference>
            <locationAttributeId>13</locationAttributeId>
          </org.openmrs.LocationAttribute>
        </attributes>
        <locationId>76</locationId>
        <parentLocation reference="5"/>
        <childLocations id="139"/>
        <tags id="140">
          <org.openmrs.LocationTag reference="20"/>
        </tags>
      </org.openmrs.Location>
      <org.openmrs.Location id="141" uuid="195d0af1-3887-4a28-a542-b832099fe3ee">
        <name>Women’s Internal Medicine B</name>
        <description>Women’s Internal Medicine B at Mirebalais Hospital (2nd Inpatient ward for women)</description>
        <creator/>
        <dateCreated id="142">2012-11-13 19:00:21</dateCreated>
        <retired>false</retired>
        <attributes id="143">
          <org.openmrs.LocationAttribute id="144" uuid="bdae8ec9-3ed0-4b93-a38b-0c61674aae8a">
            <creator/>
            <dateCreated id="145">2013-02-18 17:18:19</dateCreated>
            <voided>false</voided>
            <owner class="org.openmrs.Location" reference="141"/>
            <attributeType class="org.openmrs.LocationAttributeType" reference="2"/>
            <valueReference>M016</valueReference>
            <locationAttributeId>25</locationAttributeId>
          </org.openmrs.LocationAttribute>
        </attributes>
        <locationId>69</locationId>
        <parentLocation reference="5"/>
        <childLocations id="146"/>
        <tags id="147">
          <org.openmrs.LocationTag reference="20"/>
        </tags>
      </org.openmrs.Location>
      <org.openmrs.Location id="148" uuid="41736d90-12f9-4c16-b5a1-5af170b7bf2a">
        <name>Operating Rooms</name>
        <description>Operating Rooms at Mirebalais Hospital (all six operating rooms)</description>
        <creator/>
        <dateCreated id="149">2012-11-13 19:02:50</dateCreated>
        <retired>false</retired>
        <attributes id="150">
          <org.openmrs.LocationAttribute id="151" uuid="d08b49d0-be14-49bb-9319-02f4125834c8">
            <creator/>
            <dateCreated id="152">2013-02-18 17:14:56</dateCreated>
            <voided>false</voided>
            <owner class="org.openmrs.Location" reference="148"/>
            <attributeType class="org.openmrs.LocationAttributeType" reference="2"/>
            <valueReference>M015</valueReference>
            <locationAttributeId>14</locationAttributeId>
          </org.openmrs.LocationAttribute>
        </attributes>
        <locationId>75</locationId>
        <parentLocation reference="5"/>
        <childLocations id="153"/>
        <tags id="154">
          <org.openmrs.LocationTag reference="20"/>
        </tags>
      </org.openmrs.Location>
      <org.openmrs.Location id="155" uuid="d65eb8cf-d781-4ea8-9d9a-2b3e03c6074c">
        <name>Women’s Triage</name>
        <description>Women’s Triage at Mirebalais Hospital</description>
        <creator/>
        <dateCreated id="156">2012-11-13 19:05:07</dateCreated>
        <retired>false</retired>
        <attributes id="157">
          <org.openmrs.LocationAttribute id="158" uuid="157c7f05-fa41-4ccb-a6cb-599d8c731aee">
            <creator/>
            <dateCreated id="159">2013-02-18 17:18:41</dateCreated>
            <voided>false</voided>
            <owner class="org.openmrs.Location" reference="155"/>
            <attributeType class="org.openmrs.LocationAttributeType" reference="2"/>
            <valueReference>M027</valueReference>
            <locationAttributeId>27</locationAttributeId>
          </org.openmrs.LocationAttribute>
        </attributes>
        <locationId>81</locationId>
        <parentLocation reference="5"/>
        <childLocations id="160"/>
        <tags id="161">
          <org.openmrs.LocationTag reference="20"/>
        </tags>
      </org.openmrs.Location>
      <org.openmrs.Location id="162" uuid="b6fcd85f-5995-43c9-875f-3bb2299087ff">
        <name>ICU</name>
        <description>ICU at Mirebalais Hospital (Intensive Care Unit)</description>
        <creator/>
        <dateCreated id="163">2012-11-13 19:01:37</dateCreated>
        <retired>false</retired>
        <attributes id="164">
          <org.openmrs.LocationAttribute id="165" uuid="8b13c4c2-8c44-4faa-b385-2734594a8d44">
            <creator/>
            <dateCreated id="166">2013-02-18 17:12:33</dateCreated>
            <voided>false</voided>
            <owner class="org.openmrs.Location" reference="162"/>
            <attributeType class="org.openmrs.LocationAttributeType" reference="2"/>
            <valueReference>M018</valueReference>
            <locationAttributeId>7</locationAttributeId>
          </org.openmrs.LocationAttribute>
        </attributes>
        <locationId>72</locationId>
        <parentLocation reference="5"/>
        <childLocations id="167"/>
        <tags id="168">
          <org.openmrs.LocationTag reference="20"/>
        </tags>
      </org.openmrs.Location>
      <org.openmrs.Location id="169" uuid="dcfefcb7-163b-47e5-84ae-f715cf3e0e92">
        <name>Labor and Delivery</name>
        <description>Labor and Delivery at Mirebalais Hospital (Births)</description>
        <creator/>
        <dateCreated id="170">2012-11-13 19:04:45</dateCreated>
        <retired>false</retired>
        <attributes id="171">
          <org.openmrs.LocationAttribute id="172" uuid="54750c8b-d979-4d3b-bd1d-57830009e064">
            <creator/>
            <dateCreated id="173">2013-02-18 17:13:09</dateCreated>
            <voided>false</voided>
            <owner class="org.openmrs.Location" reference="169"/>
            <attributeType class="org.openmrs.LocationAttributeType" reference="2"/>
            <valueReference>M023</valueReference>
            <locationAttributeId>9</locationAttributeId>
          </org.openmrs.LocationAttribute>
        </attributes>
        <locationId>80</locationId>
        <parentLocation reference="5"/>
        <childLocations id="174"/>
        <tags id="175">
          <org.openmrs.LocationTag reference="20"/>
        </tags>
      </org.openmrs.Location>
      <org.openmrs.Location id="176" uuid="be50d584-26b2-4371-8768-2b9565742b3b">
        <name>Central Archives</name>
        <description>Central Archives room at Mirebalais Hospital</description>
        <creator/>
        <dateCreated id="177">2013-01-10 18:18:04</dateCreated>
        <retired>false</retired>
        <attributes id="178">
          <org.openmrs.LocationAttribute id="179" uuid="2705ac66-949e-461a-8f73-ea087ea28bb0">
            <creator/>
            <dateCreated id="180">2013-02-18 17:10:52</dateCreated>
            <voided>false</voided>
            <owner class="org.openmrs.Location" reference="176"/>
            <attributeType class="org.openmrs.LocationAttributeType" reference="2"/>
            <valueReference>M028</valueReference>
            <locationAttributeId>3</locationAttributeId>
          </org.openmrs.LocationAttribute>
        </attributes>
        <locationId>86</locationId>
        <parentLocation reference="5"/>
        <childLocations id="181"/>
        <tags id="182">
          <org.openmrs.LocationTag reference="20"/>
        </tags>
      </org.openmrs.Location>
      <org.openmrs.Location id="183" uuid="0198d2c3-9c08-45b6-88df-cbb60446ef00">
        <name>Women’s Outpatient Laboratory</name>
        <description>Women’s Outpatient Laboratory at Mirebalais Hospital</description>
        <creator/>
        <dateCreated id="184">2012-11-13 19:06:18</dateCreated>
        <retired>false</retired>
        <attributes id="185">
          <org.openmrs.LocationAttribute id="186" uuid="5d82d626-27a4-42f8-898c-236426810e40">
            <creator/>
            <dateCreated id="187">2013-02-18 17:18:32</dateCreated>
            <voided>false</voided>
            <owner class="org.openmrs.Location" reference="183"/>
            <attributeType class="org.openmrs.LocationAttributeType" reference="2"/>
            <valueReference>M024</valueReference>
            <locationAttributeId>26</locationAttributeId>
          </org.openmrs.LocationAttribute>
        </attributes>
        <locationId>84</locationId>
        <parentLocation reference="5"/>
        <childLocations id="188"/>
        <tags id="189">
          <org.openmrs.LocationTag reference="20"/>
        </tags>
      </org.openmrs.Location>
      <org.openmrs.Location id="190" uuid="272bd989-a8ee-4a16-b5aa-55bad4e84f5c">
        <name>Antepartum Ward</name>
        <description>Antepartum ward at Mirebalais Hospital (Before giving birth)</description>
        <creator/>
        <dateCreated id="191">2012-11-13 19:03:36</dateCreated>
        <retired>false</retired>
        <attributes id="192">
          <org.openmrs.LocationAttribute id="193" uuid="57f66e57-ddbf-41dd-b72b-734feb9cfc10">
            <creator/>
            <dateCreated id="194">2013-02-18 17:10:13</dateCreated>
            <voided>false</voided>
            <owner class="org.openmrs.Location" reference="190"/>
            <attributeType class="org.openmrs.LocationAttributeType" reference="2"/>
            <valueReference>M006</valueReference>
            <locationAttributeId>2</locationAttributeId>
          </org.openmrs.LocationAttribute>
        </attributes>
        <locationId>77</locationId>
        <parentLocation reference="5"/>
        <childLocations id="195"/>
        <tags id="196">
          <org.openmrs.LocationTag reference="20"/>
        </tags>
      </org.openmrs.Location>
    </childLocations>
    <tags id="197">
      <org.openmrs.LocationTag id="198" uuid="71c99f93-bc0c-4a44-b573-a7ac096ff636">
        <name>Medical Record Location</name>
        <description>Notes that this location is a valid identifier location for an identifier that references a paper medical record</description>
        <creator/>
        <dateCreated id="199">2012-10-09 19:01:33</dateCreated>
        <retired>false</retired>
        <locationTagId>1</locationTagId>
      </org.openmrs.LocationTag>
      <org.openmrs.LocationTag id="200" uuid="0967d73d-f3c9-492b-abed-356478610a94">
        <name>Visit Location</name>
        <description>Visits are only allowed to happen at locations tagged with this location tag or at locations that descend from a location tagged with this tag.</description>
        <creator/>
        <dateCreated id="201">2012-10-23 16:13:45</dateCreated>
        <retired>false</retired>
        <locationTagId>2</locationTagId>
      </org.openmrs.LocationTag>
    </tags>
  </org.openmrs.Location>
  <org.openmrs.Location reference="190"/>
  <org.openmrs.Location reference="22"/>
  <org.openmrs.Location reference="99"/>
  <org.openmrs.Location reference="169"/>
  <org.openmrs.Location reference="106"/>
  <org.openmrs.Location reference="71"/>
  <org.openmrs.Location reference="13"/>
  <org.openmrs.Location reference="50"/>
  <org.openmrs.Location reference="162"/>
  <org.openmrs.Location reference="120"/>
  <org.openmrs.Location reference="113"/>
  <org.openmrs.Location reference="64"/>
  <org.openmrs.Location reference="141"/>
  <org.openmrs.Location reference="29"/>
  <org.openmrs.Location reference="78"/>
  <org.openmrs.Location reference="36"/>
  <org.openmrs.Location reference="148"/>
  <org.openmrs.Location reference="85"/>
  <org.openmrs.Location reference="43"/>
  <org.openmrs.Location reference="57"/>
  <org.openmrs.Location reference="134"/>
  <org.openmrs.Location reference="155"/>
  <org.openmrs.Location reference="127"/>
  <org.openmrs.Location reference="92"/>
  <org.openmrs.Location reference="183"/>
</list>
