<?xml version="1.0" encoding="UTF-8"?>
<package id="1" uuid="01282000-d9d8-45d1-ab76-c361f79cf06e">
  <dateCreated id="2">2012-09-24 09:57:01</dateCreated>
  <name>ZL locations</name>
  <description>All the locations for ZL</description>
  <openmrsVersion>1.9.2 SNAPSHOT Build 29053</openmrsVersion>
  <version>1</version>
  <groupUuid>8bdc67b0-e46c-4ed1-af62-90c8cb46a77e</groupUuid>
  <modules id="3">
    <entry>
      <string>mdrtb</string>
      <string>3.0</string>
    </entry>
    <entry>
      <string>htmlwidgets</string>
      <string>1.6.2</string>
    </entry>
    <entry>
      <string>patientregistration</string>
      <string>1.2.3</string>
    </entry>
    <entry>
      <string>namephonetics</string>
      <string>1.3.2</string>
    </entry>
    <entry>
      <string>reportingcompatibility</string>
      <string>1.5.8</string>
    </entry>
    <entry>
      <string>groovy</string>
      <string>2.0.4</string>
    </entry>
    <entry>
      <string>validation</string>
      <string>1.0.1</string>
    </entry>
    <entry>
      <string>htmlformentry</string>
      <string>1.10.0</string>
    </entry>
    <entry>
      <string>pihhaiti</string>
      <string>1.3.5</string>
    </entry>
    <entry>
      <string>patientflags</string>
      <string>1.3.4</string>
    </entry>
    <entry>
      <string>logic</string>
      <string>0.5.2</string>
    </entry>
    <entry>
      <string>usagestatistics</string>
      <string>1.4</string>
    </entry>
    <entry>
      <string>sync</string>
      <string>1.0.5</string>
    </entry>
    <entry>
      <string>idgen</string>
      <string>2.3</string>
    </entry>
    <entry>
      <string>metadatasharing</string>
      <string>1.0.9</string>
    </entry>
    <entry>
      <string>reporting</string>
      <string>0.7.2.1</string>
    </entry>
    <entry>
      <string>addresshierarchy</string>
      <string>2.2.2</string>
    </entry>
    <entry>
      <string>serialization.xstream</string>
      <string>0.2.7</string>
    </entry>
  </modules>
  <items class="linked-hash-set" id="4">
    <org.openmrs.module.metadatasharing.Item id="5" uuid="a7af173a-f623-445a-bf01-e6a64c0b2c98">
      <id>12</id>
      <classname>org.openmrs.Location</classname>
      <dateChanged id="6">2012-07-16 15:00:33</dateChanged>
      <retired>false</retired>
    </org.openmrs.module.metadatasharing.Item>
    <org.openmrs.module.metadatasharing.Item id="7" uuid="209c84cf-4cd7-4908-a946-030499c1ff75">
      <id>13</id>
      <classname>org.openmrs.Location</classname>
      <dateChanged id="8">2012-07-16 15:01:46</dateChanged>
      <retired>false</retired>
    </org.openmrs.module.metadatasharing.Item>
    <org.openmrs.module.metadatasharing.Item id="9" uuid="328f6bd2-0370-102d-b0e3-001ec94a0cc1">
      <id>4</id>
      <classname>org.openmrs.Location</classname>
      <dateChanged id="10">2009-06-15 11:41:38</dateChanged>
      <retired>false</retired>
    </org.openmrs.module.metadatasharing.Item>
    <org.openmrs.module.metadatasharing.Item id="11" uuid="376b3e7e-f7c0-4268-a98d-c2bddfee8bcf">
      <id>14</id>
      <classname>org.openmrs.Location</classname>
      <dateChanged id="12">2012-07-16 15:02:52</dateChanged>
      <retired>false</retired>
    </org.openmrs.module.metadatasharing.Item>
    <org.openmrs.module.metadatasharing.Item id="13" uuid="328f6a60-0370-102d-b0e3-001ec94a0cc1">
      <id>3</id>
      <classname>org.openmrs.Location</classname>
      <dateChanged id="14">2009-06-11 12:38:36</dateChanged>
      <retired>false</retired>
    </org.openmrs.module.metadatasharing.Item>
    <org.openmrs.module.metadatasharing.Item id="15" uuid="9bc65df6-99a2-4d43-b56b-f42bde3f5d6d">
      <id>8</id>
      <classname>org.openmrs.Location</classname>
      <dateChanged id="16">2012-07-16 14:54:31</dateChanged>
      <retired>false</retired>
    </org.openmrs.module.metadatasharing.Item>
    <org.openmrs.module.metadatasharing.Item id="17" uuid="a084f714-a536-473b-94e6-ec317b152b43">
      <id>11</id>
      <classname>org.openmrs.Location</classname>
      <dateChanged id="18">2012-07-16 14:59:16</dateChanged>
      <retired>false</retired>
    </org.openmrs.module.metadatasharing.Item>
    <org.openmrs.module.metadatasharing.Item id="19" uuid="c741e25d-eb07-4efc-89e4-38ac73948ae1">
      <id>10</id>
      <classname>org.openmrs.Location</classname>
      <dateChanged id="20">2012-07-16 14:57:36</dateChanged>
      <retired>false</retired>
    </org.openmrs.module.metadatasharing.Item>
    <org.openmrs.module.metadatasharing.Item id="21" uuid="23e7bb0d-51f9-4d5f-b34b-2fbbfeea1960">
      <id>7</id>
      <classname>org.openmrs.Location</classname>
      <dateChanged id="22">2012-01-24 14:53:28</dateChanged>
      <retired>false</retired>
    </org.openmrs.module.metadatasharing.Item>
    <org.openmrs.module.metadatasharing.Item id="23" uuid="c488ed05-f259-4f7b-a9d4-8f56736da691">
      <id>16</id>
      <classname>org.openmrs.Location</classname>
      <dateChanged id="24">2012-07-16 15:08:30</dateChanged>
      <retired>false</retired>
    </org.openmrs.module.metadatasharing.Item>
    <org.openmrs.module.metadatasharing.Item id="25" uuid="6c1c2579-7d16-4d39-bca2-e77141ff435f">
      <id>15</id>
      <classname>org.openmrs.Location</classname>
      <dateChanged id="26">2012-07-16 15:03:46</dateChanged>
      <retired>false</retired>
    </org.openmrs.module.metadatasharing.Item>
    <org.openmrs.module.metadatasharing.Item id="27" uuid="328f68e4-0370-102d-b0e3-001ec94a0cc1">
      <id>2</id>
      <classname>org.openmrs.Location</classname>
      <dateChanged id="28">2009-06-11 12:38:21</dateChanged>
      <retired>false</retired>
    </org.openmrs.module.metadatasharing.Item>
  </items>
  <relatedItems class="linked-hash-set" id="29"/>
</package>
