<?xml version="1.0" encoding="UTF-8"?>
<list id="1">
  <org.openmrs.Location id="2" uuid="a7af173a-f623-445a-bf01-e6a64c0b2c98">
    <name>Petite Rivière</name>
    <description>Petite Rivière (MoH code 54201)</description>
    <creator/>
    <dateCreated id="3">2012-07-16 15:00:33</dateCreated>
    <retired>false</retired>
    <attributes id="4"/>
    <locationId>12</locationId>
    <address1></address1>
    <address2></address2>
    <cityVillage>Petite Rivière de L&apos;Artibonite</cityVillage>
    <stateProvince>Artibonite</stateProvince>
    <country>Haiti</country>
    <address3></address3>
    <childLocations id="5"/>
    <tags id="6"/>
  </org.openmrs.Location>
  <org.openmrs.Location id="7" uuid="209c84cf-4cd7-4908-a946-030499c1ff75">
    <name>Saint-Marc SSPE</name>
    <description>Saint-Marc SSPE (MoH code 53115)</description>
    <creator/>
    <dateCreated id="8">2012-07-16 15:01:46</dateCreated>
    <retired>false</retired>
    <attributes id="9"/>
    <locationId>13</locationId>
    <address1></address1>
    <address2></address2>
    <cityVillage>Saint-Marc</cityVillage>
    <stateProvince>Artibonite</stateProvince>
    <country>Haiti</country>
    <address3></address3>
    <childLocations id="10"/>
    <tags id="11"/>
  </org.openmrs.Location>
  <org.openmrs.Location id="12" uuid="328f6bd2-0370-102d-b0e3-001ec94a0cc1">
    <name>Non-ZL Clinic</name>
    <description>Clinic not run by Zanmi Lasante</description>
    <creator/>
    <dateCreated id="13">2009-06-15 11:41:38</dateCreated>
    <retired>false</retired>
    <attributes id="14"/>
    <locationId>4</locationId>
    <address1></address1>
    <address2></address2>
    <cityVillage></cityVillage>
    <stateProvince></stateProvince>
    <country></country>
    <postalCode></postalCode>
    <latitude></latitude>
    <longitude></longitude>
    <childLocations id="15"/>
    <tags id="16"/>
  </org.openmrs.Location>
  <org.openmrs.Location id="17" uuid="376b3e7e-f7c0-4268-a98d-c2bddfee8bcf">
    <name>Thomonde</name>
    <description>Thomonde (MoH code 61301) </description>
    <creator/>
    <dateCreated id="18">2012-07-16 15:02:52</dateCreated>
    <retired>false</retired>
    <attributes id="19"/>
    <locationId>14</locationId>
    <address1></address1>
    <address2></address2>
    <cityVillage>Thomonde</cityVillage>
    <stateProvince>Centre</stateProvince>
    <country>Haiti</country>
    <address3></address3>
    <childLocations id="20"/>
    <tags id="21"/>
  </org.openmrs.Location>
  <org.openmrs.Location id="22" uuid="328f6a60-0370-102d-b0e3-001ec94a0cc1">
    <name>Hinche</name>
    <description>Hinche MDR-TB Clinic</description>
    <creator/>
    <dateCreated id="23">2009-06-11 12:38:36</dateCreated>
    <retired>false</retired>
    <attributes id="24"/>
    <locationId>3</locationId>
    <address1></address1>
    <address2></address2>
    <cityVillage>Hinche</cityVillage>
    <stateProvince>Centre</stateProvince>
    <country>Haiti</country>
    <postalCode></postalCode>
    <latitude></latitude>
    <longitude></longitude>
    <address3></address3>
    <childLocations id="25"/>
    <tags id="26"/>
  </org.openmrs.Location>
  <org.openmrs.Location id="27" uuid="9bc65df6-99a2-4d43-b56b-f42bde3f5d6d">
    <name>Boucan-Carré</name>
    <description>Boucan-Carré (MoH code 62301)</description>
    <creator/>
    <dateCreated id="28">2012-07-16 14:54:31</dateCreated>
    <retired>false</retired>
    <attributes id="29"/>
    <locationId>8</locationId>
    <address1></address1>
    <address2></address2>
    <cityVillage>Boucan Carré</cityVillage>
    <stateProvince>Centre</stateProvince>
    <country>Haiti</country>
    <address3></address3>
    <childLocations id="30"/>
    <tags id="31"/>
  </org.openmrs.Location>
  <org.openmrs.Location id="32" uuid="a084f714-a536-473b-94e6-ec317b152b43">
    <name>Mirebalais</name>
    <description>Mirebalais (MoH code 62101)</description>
    <creator/>
    <dateCreated id="33">2012-07-16 14:59:16</dateCreated>
    <retired>false</retired>
    <attributes id="34"/>
    <locationId>11</locationId>
    <address1></address1>
    <address2></address2>
    <cityVillage>Mirebalais</cityVillage>
    <stateProvince>Centre</stateProvince>
    <country>Haiti</country>
    <address3></address3>
    <childLocations id="35"/>
    <tags id="36"/>
  </org.openmrs.Location>
  <org.openmrs.Location id="37" uuid="c741e25d-eb07-4efc-89e4-38ac73948ae1">
    <name>Cerca-la-Source</name>
    <description>Cerca-la-Source (MoH code 64101)</description>
    <creator/>
    <dateCreated id="38">2012-07-16 14:57:36</dateCreated>
    <retired>false</retired>
    <attributes id="39"/>
    <locationId>10</locationId>
    <address1></address1>
    <address2></address2>
    <cityVillage>Cerca La Source</cityVillage>
    <stateProvince>Centre</stateProvince>
    <country>Haiti</country>
    <address3></address3>
    <childLocations id="40"/>
    <tags id="41"/>
  </org.openmrs.Location>
  <org.openmrs.Location id="42" uuid="23e7bb0d-51f9-4d5f-b34b-2fbbfeea1960">
    <name>Lacolline</name>
    <description>Lacolline</description>
    <creator/>
    <dateCreated id="43">2012-01-24 14:53:28</dateCreated>
    <retired>false</retired>
    <attributes id="44"/>
    <locationId>7</locationId>
    <address1></address1>
    <address2></address2>
    <cityVillage></cityVillage>
    <stateProvince></stateProvince>
    <country>Haiti</country>
    <address3></address3>
    <childLocations id="45"/>
    <tags id="46"/>
  </org.openmrs.Location>
  <org.openmrs.Location id="47" uuid="c488ed05-f259-4f7b-a9d4-8f56736da691">
    <name>Promotion Objectif Zerosida POZ</name>
    <description>Promotion Objectif Zerosida (POZ) (MoH code 54202).  HIV clinic in Saint-Marc.</description>
    <creator/>
    <dateCreated id="48">2012-07-16 15:08:30</dateCreated>
    <retired>false</retired>
    <attributes id="49"/>
    <locationId>16</locationId>
    <address1></address1>
    <address2></address2>
    <cityVillage>Saint-Marc</cityVillage>
    <stateProvince>Artibonite</stateProvince>
    <country>Haiti</country>
    <address3></address3>
    <childLocations id="50"/>
    <tags id="51"/>
  </org.openmrs.Location>
  <org.openmrs.Location id="52" uuid="6c1c2579-7d16-4d39-bca2-e77141ff435f">
    <name>Verrettes</name>
    <description>Verrettes (MoH code 53206)</description>
    <creator/>
    <dateCreated id="53">2012-07-16 15:03:46</dateCreated>
    <retired>false</retired>
    <attributes id="54"/>
    <locationId>15</locationId>
    <address1></address1>
    <address2></address2>
    <cityVillage>Verrettes</cityVillage>
    <stateProvince>Artibonite</stateProvince>
    <country>Haiti</country>
    <address3></address3>
    <childLocations id="55"/>
    <tags id="56"/>
  </org.openmrs.Location>
  <org.openmrs.Location id="57" uuid="328f68e4-0370-102d-b0e3-001ec94a0cc1">
    <name>Cange</name>
    <description>Cange Pavillion Thomas J. White</description>
    <creator/>
    <dateCreated id="58">2009-06-11 12:38:21</dateCreated>
    <retired>false</retired>
    <attributes id="59"/>
    <locationId>2</locationId>
    <address1></address1>
    <address2></address2>
    <cityVillage></cityVillage>
    <stateProvince>Centre</stateProvince>
    <country>Haiti</country>
    <postalCode></postalCode>
    <latitude></latitude>
    <longitude></longitude>
    <address3></address3>
    <childLocations id="60"/>
    <tags id="61"/>
  </org.openmrs.Location>
</list>
