<?xml version="1.0" encoding="UTF-8"?>
<package id="1" uuid="b5f180a5-6fc8-43a4-ac98-e063f82c9feb">
  <dateCreated id="2">2012-08-02 15:18:31</dateCreated>
  <name>Mirebalais Core Metadata</name>
  <description>Core metadata to support Mirebalais Hospital</description>
  <openmrsVersion>1.9.0 SNAPSHOT Build 28094</openmrsVersion>
  <version>1</version>
  <groupUuid>93fb4477-843f-4184-9486-1cb879a302da</groupUuid>
  <modules id="3">
    <entry>
      <string>uilibrary</string>
      <string>1.4-SNAPSHOT</string>
    </entry>
    <entry>
      <string>validation</string>
      <string>1.0.1</string>
    </entry>
    <entry>
      <string>uiframework</string>
      <string>1.7</string>
    </entry>
    <entry>
      <string>htmlformentry</string>
      <string>1.9.3</string>
    </entry>
    <entry>
      <string>htmlformentry19ext</string>
      <string>0.9</string>
    </entry>
    <entry>
      <string>metadatasharing</string>
      <string>1.0.8</string>
    </entry>
    <entry>
      <string>logic</string>
      <string>0.5.2</string>
    </entry>
    <entry>
      <string>serialization.xstream</string>
      <string>0.2.5</string>
    </entry>
  </modules>
  <items class="linked-hash-set" id="4">
    <org.openmrs.module.metadatasharing.Item id="5" uuid="3ccf4f04-26fe-102b-80cb-0017a47871b2">
      <id>309</id>
      <classname>org.openmrs.Concept</classname>
      <dateChanged id="6">2005-02-17 00:25:06</dateChanged>
      <retired>false</retired>
    </org.openmrs.module.metadatasharing.Item>
    <org.openmrs.module.metadatasharing.Item id="7" uuid="3ccc6186-26fe-102b-80cb-0017a47871b2">
      <id>12</id>
      <classname>org.openmrs.Concept</classname>
      <dateChanged id="8">2008-11-13 08:34:31</dateChanged>
      <retired>false</retired>
    </org.openmrs.module.metadatasharing.Item>
    <org.openmrs.module.metadatasharing.Item id="9" uuid="3cd498d8-26fe-102b-80cb-0017a47871b2">
      <id>846</id>
      <classname>org.openmrs.Concept</classname>
      <dateChanged id="10">2005-02-18 14:46:34</dateChanged>
      <retired>false</retired>
    </org.openmrs.module.metadatasharing.Item>
  </items>
  <relatedItems class="linked-hash-set" id="11">
    <org.openmrs.module.metadatasharing.Item id="12" uuid="8d4a48b6-c2cc-11de-8d13-0010c6dffd0f">
      <id>2</id>
      <classname>org.openmrs.ConceptDatatype</classname>
      <dateChanged id="13">2004-02-02 00:00:00</dateChanged>
      <retired>false</retired>
    </org.openmrs.module.metadatasharing.Item>
    <org.openmrs.module.metadatasharing.Item id="14" uuid="8d4907b2-c2cc-11de-8d13-0010c6dffd0f">
      <id>1</id>
      <classname>org.openmrs.ConceptClass</classname>
      <dateChanged id="15">2004-02-02 00:00:00</dateChanged>
      <retired>false</retired>
    </org.openmrs.module.metadatasharing.Item>
    <org.openmrs.module.metadatasharing.Item id="16" uuid="f58ce6bc-d5db-102d-ad2a-000c29c2a5d7">
      <id>10188</id>
      <classname>org.openmrs.ConceptName</classname>
      <dateChanged id="17">2010-06-29 13:03:14</dateChanged>
    </org.openmrs.module.metadatasharing.Item>
    <org.openmrs.module.metadatasharing.Item id="18" uuid="3e0cf39e-26fe-102b-80cb-0017a47871b2">
      <id>321</id>
      <classname>org.openmrs.ConceptName</classname>
      <dateChanged id="19">2004-01-01 00:00:00</dateChanged>
    </org.openmrs.module.metadatasharing.Item>
    <org.openmrs.module.metadatasharing.Item id="20" uuid="956d22aa-07d4-102c-b5fa-0017a47871b2">
      <id>7924</id>
      <classname>org.openmrs.ConceptName</classname>
      <dateChanged id="21">2005-02-16 23:58:39</dateChanged>
    </org.openmrs.module.metadatasharing.Item>
    <org.openmrs.module.metadatasharing.Item id="22" uuid="3d3900ca-26fe-102b-80cb-0017a47871b2">
      <id>27</id>
      <classname>org.openmrs.ConceptAnswer</classname>
      <dateChanged id="23">2005-02-17 00:25:06</dateChanged>
    </org.openmrs.module.metadatasharing.Item>
    <org.openmrs.module.metadatasharing.Item id="24" uuid="3cd750a0-26fe-102b-80cb-0017a47871b2">
      <id>1115</id>
      <classname>org.openmrs.Concept</classname>
      <dateChanged id="25">2005-01-12 00:00:00</dateChanged>
      <retired>false</retired>
    </org.openmrs.module.metadatasharing.Item>
    <org.openmrs.module.metadatasharing.Item id="26" uuid="8d4a4c94-c2cc-11de-8d13-0010c6dffd0f">
      <id>4</id>
      <classname>org.openmrs.ConceptDatatype</classname>
      <dateChanged id="27">2004-02-02 05:00:00</dateChanged>
      <retired>false</retired>
    </org.openmrs.module.metadatasharing.Item>
    <org.openmrs.module.metadatasharing.Item id="28" uuid="8d492774-c2cc-11de-8d13-0010c6dffd0f">
      <id>11</id>
      <classname>org.openmrs.ConceptClass</classname>
      <dateChanged id="29">2004-03-02 05:00:00</dateChanged>
      <retired>false</retired>
    </org.openmrs.module.metadatasharing.Item>
    <org.openmrs.module.metadatasharing.Item id="30" uuid="f5d7fe72-d5db-102d-ad2a-000c29c2a5d7">
      <id>10633</id>
      <classname>org.openmrs.ConceptName</classname>
      <dateChanged id="31">2010-06-29 13:03:16</dateChanged>
    </org.openmrs.module.metadatasharing.Item>
    <org.openmrs.module.metadatasharing.Item id="32" uuid="3e157fbe-26fe-102b-80cb-0017a47871b2">
      <id>1153</id>
      <classname>org.openmrs.ConceptName</classname>
      <dateChanged id="33">2005-01-12 00:00:00</dateChanged>
    </org.openmrs.module.metadatasharing.Item>
    <org.openmrs.module.metadatasharing.Item id="34" uuid="ece4b10e-07fe-102c-b5fa-0017a47871b2">
      <id>1127</id>
      <classname>org.openmrs.ConceptDescription</classname>
      <dateChanged id="35">2005-01-12 00:00:00</dateChanged>
    </org.openmrs.module.metadatasharing.Item>
    <org.openmrs.module.metadatasharing.Item id="36" uuid="b20d5d26-4864-102e-96e9-000c29c2a5d7">
      <id>1117</id>
      <classname>org.openmrs.ConceptMap</classname>
      <dateChanged id="37">2012-06-21 16:49:52</dateChanged>
    </org.openmrs.module.metadatasharing.Item>
    <org.openmrs.module.metadatasharing.Item id="38" uuid="35543629-7d8c-11e1-909d-c80aa9edcf4e">
      <id>1</id>
      <classname>org.openmrs.ConceptMapType</classname>
      <dateChanged id="39">2012-06-21 00:00:00</dateChanged>
      <retired>false</retired>
    </org.openmrs.module.metadatasharing.Item>
    <org.openmrs.module.metadatasharing.Item id="40" uuid="23cc0cb9-194d-3901-9aa9-a7adfceff6c4">
      <id>1117</id>
      <classname>org.openmrs.ConceptReferenceTerm</classname>
      <dateChanged id="41">2010-11-23 00:00:00</dateChanged>
      <retired>false</retired>
    </org.openmrs.module.metadatasharing.Item>
    <org.openmrs.module.metadatasharing.Item id="42" uuid="fb9aaaf1-65e2-4c18-b53c-16b575f2f385">
      <id>5</id>
      <classname>org.openmrs.ConceptSource</classname>
      <dateChanged id="43">2010-11-23 13:56:26</dateChanged>
      <retired>false</retired>
    </org.openmrs.module.metadatasharing.Item>
    <org.openmrs.module.metadatasharing.Item id="44" uuid="7568ae54-4943-102e-96e9-000c29c2a5d7">
      <id>6983</id>
      <classname>org.openmrs.ConceptMap</classname>
      <dateChanged id="45">2012-06-21 16:49:52</dateChanged>
    </org.openmrs.module.metadatasharing.Item>
    <org.openmrs.module.metadatasharing.Item id="46" uuid="cfd0c0cf-fab5-335f-bf80-271a62a67f13">
      <id>6983</id>
      <classname>org.openmrs.ConceptReferenceTerm</classname>
      <dateChanged id="47">2010-11-24 00:00:00</dateChanged>
      <retired>false</retired>
    </org.openmrs.module.metadatasharing.Item>
    <org.openmrs.module.metadatasharing.Item id="48" uuid="3d3901ec-26fe-102b-80cb-0017a47871b2">
      <id>28</id>
      <classname>org.openmrs.ConceptAnswer</classname>
      <dateChanged id="49">2005-02-17 00:25:06</dateChanged>
    </org.openmrs.module.metadatasharing.Item>
    <org.openmrs.module.metadatasharing.Item id="50" uuid="3cd75230-26fe-102b-80cb-0017a47871b2">
      <id>1116</id>
      <classname>org.openmrs.Concept</classname>
      <dateChanged id="51">2012-06-21 20:29:25</dateChanged>
      <retired>false</retired>
    </org.openmrs.module.metadatasharing.Item>
    <org.openmrs.module.metadatasharing.Item id="52" uuid="f5d81c22-d5db-102d-ad2a-000c29c2a5d7">
      <id>10634</id>
      <classname>org.openmrs.ConceptName</classname>
      <dateChanged id="53">2012-06-21 20:29:25</dateChanged>
    </org.openmrs.module.metadatasharing.Item>
    <org.openmrs.module.metadatasharing.Item id="54" uuid="0b8c55e4-15f5-102d-96e4-000c29c2a5d7">
      <id>8275</id>
      <classname>org.openmrs.ConceptName</classname>
      <dateChanged id="55">2009-02-06 10:35:39</dateChanged>
    </org.openmrs.module.metadatasharing.Item>
    <org.openmrs.module.metadatasharing.Item id="56" uuid="3e158130-26fe-102b-80cb-0017a47871b2">
      <id>8274</id>
      <classname>org.openmrs.ConceptName</classname>
      <dateChanged id="57">2009-02-06 10:35:39</dateChanged>
    </org.openmrs.module.metadatasharing.Item>
    <org.openmrs.module.metadatasharing.Item id="58" uuid="ece4b276-07fe-102c-b5fa-0017a47871b2">
      <id>1128</id>
      <classname>org.openmrs.ConceptDescription</classname>
      <dateChanged id="59">2005-01-12 00:00:00</dateChanged>
    </org.openmrs.module.metadatasharing.Item>
    <org.openmrs.module.metadatasharing.Item id="60" uuid="b20d5e98-4864-102e-96e9-000c29c2a5d7">
      <id>1118</id>
      <classname>org.openmrs.ConceptMap</classname>
      <dateChanged id="61">2012-06-21 16:49:52</dateChanged>
    </org.openmrs.module.metadatasharing.Item>
    <org.openmrs.module.metadatasharing.Item id="62" uuid="7326d346-a4f5-3597-8c96-27d664fe3406">
      <id>1118</id>
      <classname>org.openmrs.ConceptReferenceTerm</classname>
      <dateChanged id="63">2010-11-23 00:00:00</dateChanged>
      <retired>false</retired>
    </org.openmrs.module.metadatasharing.Item>
    <org.openmrs.module.metadatasharing.Item id="64" uuid="ecda1316-07fe-102c-b5fa-0017a47871b2">
      <id>317</id>
      <classname>org.openmrs.ConceptDescription</classname>
      <dateChanged id="65">2004-01-01 00:00:00</dateChanged>
    </org.openmrs.module.metadatasharing.Item>
    <org.openmrs.module.metadatasharing.Item id="66" uuid="b1df5d7c-4864-102e-96e9-000c29c2a5d7">
      <id>311</id>
      <classname>org.openmrs.ConceptMap</classname>
      <dateChanged id="67">2012-06-21 16:49:52</dateChanged>
    </org.openmrs.module.metadatasharing.Item>
    <org.openmrs.module.metadatasharing.Item id="68" uuid="7fc4bc49-f763-3d15-b6b8-3fb50026af75">
      <id>311</id>
      <classname>org.openmrs.ConceptReferenceTerm</classname>
      <dateChanged id="69">2010-11-23 00:00:00</dateChanged>
      <retired>false</retired>
    </org.openmrs.module.metadatasharing.Item>
    <org.openmrs.module.metadatasharing.Item id="70" uuid="748ee0f9-4943-102e-96e9-000c29c2a5d7">
      <id>6274</id>
      <classname>org.openmrs.ConceptMap</classname>
      <dateChanged id="71">2012-06-21 16:49:52</dateChanged>
    </org.openmrs.module.metadatasharing.Item>
    <org.openmrs.module.metadatasharing.Item id="72" uuid="a685c3f7-749d-38ce-be60-d5e5f5fd4c7c">
      <id>6274</id>
      <classname>org.openmrs.ConceptReferenceTerm</classname>
      <dateChanged id="73">2010-11-24 00:00:00</dateChanged>
      <retired>false</retired>
    </org.openmrs.module.metadatasharing.Item>
    <org.openmrs.module.metadatasharing.Item id="74" uuid="f560a62e-d5db-102d-ad2a-000c29c2a5d7">
      <id>10010</id>
      <classname>org.openmrs.ConceptName</classname>
      <dateChanged id="75">2010-06-29 13:03:13</dateChanged>
    </org.openmrs.module.metadatasharing.Item>
    <org.openmrs.module.metadatasharing.Item id="76" uuid="956cdda4-07d4-102c-b5fa-0017a47871b2">
      <id>7909</id>
      <classname>org.openmrs.ConceptName</classname>
      <dateChanged id="77">2004-10-20 00:00:00</dateChanged>
    </org.openmrs.module.metadatasharing.Item>
    <org.openmrs.module.metadatasharing.Item id="78" uuid="93f24cc0-07d4-102c-b5fa-0017a47871b2">
      <id>6619</id>
      <classname>org.openmrs.ConceptName</classname>
      <dateChanged id="79">2005-01-07 00:00:00</dateChanged>
    </org.openmrs.module.metadatasharing.Item>
    <org.openmrs.module.metadatasharing.Item id="80" uuid="3e09a824-26fe-102b-80cb-0017a47871b2">
      <id>13</id>
      <classname>org.openmrs.ConceptName</classname>
      <dateChanged id="81">2004-01-01 00:00:00</dateChanged>
    </org.openmrs.module.metadatasharing.Item>
    <org.openmrs.module.metadatasharing.Item id="82" uuid="93f3dc2a-07d4-102c-b5fa-0017a47871b2">
      <id>6717</id>
      <classname>org.openmrs.ConceptName</classname>
      <dateChanged id="83">2004-10-20 00:00:00</dateChanged>
    </org.openmrs.module.metadatasharing.Item>
    <org.openmrs.module.metadatasharing.Item id="84" uuid="3d38cf1a-26fe-102b-80cb-0017a47871b2">
      <id>1</id>
      <classname>org.openmrs.ConceptAnswer</classname>
      <dateChanged id="85">2005-01-26 00:00:00</dateChanged>
    </org.openmrs.module.metadatasharing.Item>
    <org.openmrs.module.metadatasharing.Item id="86" uuid="3d38d262-26fe-102b-80cb-0017a47871b2">
      <id>2</id>
      <classname>org.openmrs.ConceptAnswer</classname>
      <dateChanged id="87">2005-01-26 00:00:00</dateChanged>
    </org.openmrs.module.metadatasharing.Item>
    <org.openmrs.module.metadatasharing.Item id="88" uuid="3cd771ac-26fe-102b-80cb-0017a47871b2">
      <id>1136</id>
      <classname>org.openmrs.Concept</classname>
      <dateChanged id="89">2012-06-21 20:46:39</dateChanged>
      <retired>false</retired>
    </org.openmrs.module.metadatasharing.Item>
    <org.openmrs.module.metadatasharing.Item id="90" uuid="8d4918b0-c2cc-11de-8d13-0010c6dffd0f">
      <id>4</id>
      <classname>org.openmrs.ConceptClass</classname>
      <dateChanged id="91">2004-02-02 05:00:00</dateChanged>
      <retired>false</retired>
    </org.openmrs.module.metadatasharing.Item>
    <org.openmrs.module.metadatasharing.Item id="92" uuid="5c972abe-4e9c-11e1-a634-aa00ff7759d2">
      <id>15656</id>
      <classname>org.openmrs.ConceptName</classname>
      <dateChanged id="93">2012-06-21 20:46:39</dateChanged>
    </org.openmrs.module.metadatasharing.Item>
    <org.openmrs.module.metadatasharing.Item id="94" uuid="95633b0a-07d4-102c-b5fa-0017a47871b2">
      <id>7439</id>
      <classname>org.openmrs.ConceptName</classname>
      <dateChanged id="95">2012-06-21 20:46:39</dateChanged>
    </org.openmrs.module.metadatasharing.Item>
    <org.openmrs.module.metadatasharing.Item id="96" uuid="95633f1a-07d4-102c-b5fa-0017a47871b2">
      <id>7440</id>
      <classname>org.openmrs.ConceptName</classname>
      <dateChanged id="97">2012-06-21 20:46:39</dateChanged>
    </org.openmrs.module.metadatasharing.Item>
    <org.openmrs.module.metadatasharing.Item id="98" uuid="0b8eeed0-15f5-102d-96e4-000c29c2a5d7">
      <id>8464</id>
      <classname>org.openmrs.ConceptName</classname>
      <dateChanged id="99">2009-02-10 14:39:58</dateChanged>
    </org.openmrs.module.metadatasharing.Item>
    <org.openmrs.module.metadatasharing.Item id="100" uuid="0b8eefca-15f5-102d-96e4-000c29c2a5d7">
      <id>8465</id>
      <classname>org.openmrs.ConceptName</classname>
      <dateChanged id="101">2012-06-21 20:46:39</dateChanged>
    </org.openmrs.module.metadatasharing.Item>
    <org.openmrs.module.metadatasharing.Item id="102" uuid="693ec090-63d8-450b-8b6a-449f58b0066b">
      <id>20</id>
      <classname>org.openmrs.ConceptNameTag</classname>
      <dateChanged id="103">2009-02-05 13:45:25</dateChanged>
    </org.openmrs.module.metadatasharing.Item>
    <org.openmrs.module.metadatasharing.Item id="104" uuid="5c96a008-4e9c-11e1-a634-aa00ff7759d2">
      <id>15591</id>
      <classname>org.openmrs.ConceptName</classname>
      <dateChanged id="105">2012-02-03 19:22:07</dateChanged>
    </org.openmrs.module.metadatasharing.Item>
    <org.openmrs.module.metadatasharing.Item id="106" uuid="2881da2c-76a4-40ea-8112-f820c148500f">
      <id>16002</id>
      <classname>org.openmrs.ConceptName</classname>
      <dateChanged id="107">2012-06-21 20:46:39</dateChanged>
    </org.openmrs.module.metadatasharing.Item>
    <org.openmrs.module.metadatasharing.Item id="108" uuid="3e15a61a-26fe-102b-80cb-0017a47871b2">
      <id>1174</id>
      <classname>org.openmrs.ConceptName</classname>
      <dateChanged id="109">2005-01-26 00:00:00</dateChanged>
    </org.openmrs.module.metadatasharing.Item>
    <org.openmrs.module.metadatasharing.Item id="110" uuid="ac5cc784-5681-4ba7-a629-6620338d235c">
      <id>16003</id>
      <classname>org.openmrs.ConceptName</classname>
      <dateChanged id="111">2012-06-21 20:46:39</dateChanged>
    </org.openmrs.module.metadatasharing.Item>
    <org.openmrs.module.metadatasharing.Item id="112" uuid="5c969dd8-4e9c-11e1-a634-aa00ff7759d2">
      <id>15590</id>
      <classname>org.openmrs.ConceptName</classname>
      <dateChanged id="113">2012-06-21 20:46:39</dateChanged>
    </org.openmrs.module.metadatasharing.Item>
    <org.openmrs.module.metadatasharing.Item id="114" uuid="69868365-a03d-4c62-81b0-0675c6d8589f">
      <id>16005</id>
      <classname>org.openmrs.ConceptName</classname>
      <dateChanged id="115">2005-01-26 00:00:00</dateChanged>
    </org.openmrs.module.metadatasharing.Item>
    <org.openmrs.module.metadatasharing.Item id="116" uuid="95632e4e-07d4-102c-b5fa-0017a47871b2">
      <id>7436</id>
      <classname>org.openmrs.ConceptName</classname>
      <dateChanged id="117">2012-06-21 20:46:39</dateChanged>
    </org.openmrs.module.metadatasharing.Item>
    <org.openmrs.module.metadatasharing.Item id="118" uuid="f5db25a2-d5db-102d-ad2a-000c29c2a5d7">
      <id>10654</id>
      <classname>org.openmrs.ConceptName</classname>
      <dateChanged id="119">2012-06-21 20:46:39</dateChanged>
    </org.openmrs.module.metadatasharing.Item>
    <org.openmrs.module.metadatasharing.Item id="120" uuid="f88e231e-7d2c-4827-980c-e5524312d62c">
      <id>16004</id>
      <classname>org.openmrs.ConceptName</classname>
      <dateChanged id="121">2012-06-21 20:46:39</dateChanged>
    </org.openmrs.module.metadatasharing.Item>
    <org.openmrs.module.metadatasharing.Item id="122" uuid="ece4d3c8-07fe-102c-b5fa-0017a47871b2">
      <id>1148</id>
      <classname>org.openmrs.ConceptDescription</classname>
      <dateChanged id="123">2012-02-17 19:02:59</dateChanged>
    </org.openmrs.module.metadatasharing.Item>
    <org.openmrs.module.metadatasharing.Item id="124" uuid="0022d656-2fcd-48bb-bdd8-dba672fe771f">
      <id>13903</id>
      <classname>org.openmrs.ConceptMap</classname>
      <dateChanged id="125">2012-02-03 17:35:19</dateChanged>
    </org.openmrs.module.metadatasharing.Item>
    <org.openmrs.module.metadatasharing.Item id="126" uuid="43ac5109-7d8c-11e1-909d-c80aa9edcf4e">
      <id>2</id>
      <classname>org.openmrs.ConceptMapType</classname>
      <dateChanged id="127">2012-06-21 00:00:00</dateChanged>
      <retired>false</retired>
    </org.openmrs.module.metadatasharing.Item>
    <org.openmrs.module.metadatasharing.Item id="128" uuid="2e223ad2-bbe1-3c5e-9b89-81e71ba7ff77">
      <id>13903</id>
      <classname>org.openmrs.ConceptReferenceTerm</classname>
      <dateChanged id="129">2012-02-03 00:00:00</dateChanged>
      <retired>false</retired>
    </org.openmrs.module.metadatasharing.Item>
    <org.openmrs.module.metadatasharing.Item id="130" uuid="3f65bd34-26fe-102b-80cb-0017a47871b2">
      <id>3</id>
      <classname>org.openmrs.ConceptSource</classname>
      <dateChanged id="131">2010-04-25 15:13:15</dateChanged>
      <retired>false</retired>
    </org.openmrs.module.metadatasharing.Item>
    <org.openmrs.module.metadatasharing.Item id="132" uuid="b20d946c-4864-102e-96e9-000c29c2a5d7">
      <id>1138</id>
      <classname>org.openmrs.ConceptMap</classname>
      <dateChanged id="133">2012-06-21 16:49:52</dateChanged>
    </org.openmrs.module.metadatasharing.Item>
    <org.openmrs.module.metadatasharing.Item id="134" uuid="4e5f3413-e2c2-3bdf-b0c9-a271a7d34873">
      <id>1138</id>
      <classname>org.openmrs.ConceptReferenceTerm</classname>
      <dateChanged id="135">2010-11-23 00:00:00</dateChanged>
      <retired>false</retired>
    </org.openmrs.module.metadatasharing.Item>
    <org.openmrs.module.metadatasharing.Item id="136" uuid="7568c7d6-4943-102e-96e9-000c29c2a5d7">
      <id>7000</id>
      <classname>org.openmrs.ConceptMap</classname>
      <dateChanged id="137">2012-06-21 16:49:52</dateChanged>
    </org.openmrs.module.metadatasharing.Item>
    <org.openmrs.module.metadatasharing.Item id="138" uuid="b2265cdb-adbb-3493-bfa6-c8acb84bd829">
      <id>7000</id>
      <classname>org.openmrs.ConceptReferenceTerm</classname>
      <dateChanged id="139">2010-11-24 00:00:00</dateChanged>
      <retired>false</retired>
    </org.openmrs.module.metadatasharing.Item>
    <org.openmrs.module.metadatasharing.Item id="140" uuid="3d38d474-26fe-102b-80cb-0017a47871b2">
      <id>3</id>
      <classname>org.openmrs.ConceptAnswer</classname>
      <dateChanged id="141">2005-01-26 00:00:00</dateChanged>
    </org.openmrs.module.metadatasharing.Item>
    <org.openmrs.module.metadatasharing.Item id="142" uuid="3cd7733c-26fe-102b-80cb-0017a47871b2">
      <id>1137</id>
      <classname>org.openmrs.Concept</classname>
      <dateChanged id="143">2005-01-26 00:00:00</dateChanged>
      <retired>false</retired>
    </org.openmrs.module.metadatasharing.Item>
    <org.openmrs.module.metadatasharing.Item id="144" uuid="8d491a9a-c2cc-11de-8d13-0010c6dffd0f">
      <id>5</id>
      <classname>org.openmrs.ConceptClass</classname>
      <dateChanged id="145">2004-03-02 00:00:00</dateChanged>
      <retired>false</retired>
    </org.openmrs.module.metadatasharing.Item>
    <org.openmrs.module.metadatasharing.Item id="146" uuid="3e15abd8-26fe-102b-80cb-0017a47871b2">
      <id>1175</id>
      <classname>org.openmrs.ConceptName</classname>
      <dateChanged id="147">2005-01-26 00:00:00</dateChanged>
    </org.openmrs.module.metadatasharing.Item>
    <org.openmrs.module.metadatasharing.Item id="148" uuid="f5db4514-d5db-102d-ad2a-000c29c2a5d7">
      <id>10655</id>
      <classname>org.openmrs.ConceptName</classname>
      <dateChanged id="149">2010-06-29 13:03:16</dateChanged>
    </org.openmrs.module.metadatasharing.Item>
    <org.openmrs.module.metadatasharing.Item id="150" uuid="ece4d5bc-07fe-102c-b5fa-0017a47871b2">
      <id>1149</id>
      <classname>org.openmrs.ConceptDescription</classname>
      <dateChanged id="151">2005-01-26 00:00:00</dateChanged>
    </org.openmrs.module.metadatasharing.Item>
    <org.openmrs.module.metadatasharing.Item id="152" uuid="7568cc0e-4943-102e-96e9-000c29c2a5d7">
      <id>7001</id>
      <classname>org.openmrs.ConceptMap</classname>
      <dateChanged id="153">2012-06-21 16:49:52</dateChanged>
    </org.openmrs.module.metadatasharing.Item>
    <org.openmrs.module.metadatasharing.Item id="154" uuid="b4d718ee-33a8-3f2d-b754-4ff19880c1c3">
      <id>7001</id>
      <classname>org.openmrs.ConceptReferenceTerm</classname>
      <dateChanged id="155">2010-11-24 00:00:00</dateChanged>
      <retired>false</retired>
    </org.openmrs.module.metadatasharing.Item>
    <org.openmrs.module.metadatasharing.Item id="156" uuid="b20d95f2-4864-102e-96e9-000c29c2a5d7">
      <id>1139</id>
      <classname>org.openmrs.ConceptMap</classname>
      <dateChanged id="157">2012-06-21 16:49:52</dateChanged>
    </org.openmrs.module.metadatasharing.Item>
    <org.openmrs.module.metadatasharing.Item id="158" uuid="e56c9594-62dc-30a7-878c-ce1ec7876672">
      <id>1139</id>
      <classname>org.openmrs.ConceptReferenceTerm</classname>
      <dateChanged id="159">2010-11-23 00:00:00</dateChanged>
      <retired>false</retired>
    </org.openmrs.module.metadatasharing.Item>
    <org.openmrs.module.metadatasharing.Item id="160" uuid="3d38d654-26fe-102b-80cb-0017a47871b2">
      <id>4</id>
      <classname>org.openmrs.ConceptAnswer</classname>
      <dateChanged id="161">2005-01-26 00:00:00</dateChanged>
    </org.openmrs.module.metadatasharing.Item>
    <org.openmrs.module.metadatasharing.Item id="162" uuid="3ce9d4be-26fe-102b-80cb-0017a47871b2">
      <id>5158</id>
      <classname>org.openmrs.Concept</classname>
      <dateChanged id="163">2005-01-26 00:00:00</dateChanged>
      <retired>false</retired>
    </org.openmrs.module.metadatasharing.Item>
    <org.openmrs.module.metadatasharing.Item id="164" uuid="93f69dde-07d4-102c-b5fa-0017a47871b2">
      <id>6883</id>
      <classname>org.openmrs.ConceptName</classname>
      <dateChanged id="165">2004-10-21 00:00:00</dateChanged>
    </org.openmrs.module.metadatasharing.Item>
    <org.openmrs.module.metadatasharing.Item id="166" uuid="3e3c13cc-26fe-102b-80cb-0017a47871b2">
      <id>3525</id>
      <classname>org.openmrs.ConceptName</classname>
      <dateChanged id="167">2004-08-12 00:00:00</dateChanged>
    </org.openmrs.module.metadatasharing.Item>
    <org.openmrs.module.metadatasharing.Item id="168" uuid="f7551906-d5db-102d-ad2a-000c29c2a5d7">
      <id>13648</id>
      <classname>org.openmrs.ConceptName</classname>
      <dateChanged id="169">2010-06-29 13:05:29</dateChanged>
    </org.openmrs.module.metadatasharing.Item>
    <org.openmrs.module.metadatasharing.Item id="170" uuid="93eedca2-07d4-102c-b5fa-0017a47871b2">
      <id>6584</id>
      <classname>org.openmrs.ConceptName</classname>
      <dateChanged id="171">2005-01-26 00:00:00</dateChanged>
    </org.openmrs.module.metadatasharing.Item>
    <org.openmrs.module.metadatasharing.Item id="172" uuid="ecf88b2a-07fe-102c-b5fa-0017a47871b2">
      <id>2961</id>
      <classname>org.openmrs.ConceptDescription</classname>
      <dateChanged id="173">2004-08-12 00:00:00</dateChanged>
    </org.openmrs.module.metadatasharing.Item>
    <org.openmrs.module.metadatasharing.Item id="174" uuid="b29294c8-4864-102e-96e9-000c29c2a5d7">
      <id>4229</id>
      <classname>org.openmrs.ConceptMap</classname>
      <dateChanged id="175">2012-06-21 16:49:52</dateChanged>
    </org.openmrs.module.metadatasharing.Item>
    <org.openmrs.module.metadatasharing.Item id="176" uuid="c3e659f7-c35d-3300-91eb-4b51b4fbecf2">
      <id>4229</id>
      <classname>org.openmrs.ConceptReferenceTerm</classname>
      <dateChanged id="177">2010-11-23 00:00:00</dateChanged>
      <retired>false</retired>
    </org.openmrs.module.metadatasharing.Item>
    <org.openmrs.module.metadatasharing.Item id="178" uuid="75a468e0-4943-102e-96e9-000c29c2a5d7">
      <id>9952</id>
      <classname>org.openmrs.ConceptMap</classname>
      <dateChanged id="179">2012-06-21 16:49:52</dateChanged>
    </org.openmrs.module.metadatasharing.Item>
    <org.openmrs.module.metadatasharing.Item id="180" uuid="477f3fbf-6978-3db2-baae-cc2af9bb3b75">
      <id>9952</id>
      <classname>org.openmrs.ConceptReferenceTerm</classname>
      <dateChanged id="181">2010-11-24 00:00:00</dateChanged>
      <retired>false</retired>
    </org.openmrs.module.metadatasharing.Item>
    <org.openmrs.module.metadatasharing.Item id="182" uuid="3d38d83e-26fe-102b-80cb-0017a47871b2">
      <id>5</id>
      <classname>org.openmrs.ConceptAnswer</classname>
      <dateChanged id="183">2005-02-17 21:05:21</dateChanged>
    </org.openmrs.module.metadatasharing.Item>
    <org.openmrs.module.metadatasharing.Item id="184" uuid="3cee7fb4-26fe-102b-80cb-0017a47871b2">
      <id>5622</id>
      <classname>org.openmrs.Concept</classname>
      <dateChanged id="185">2012-06-21 18:44:18</dateChanged>
      <retired>false</retired>
    </org.openmrs.module.metadatasharing.Item>
    <org.openmrs.module.metadatasharing.Item id="186" uuid="f76ebd34-d5db-102d-ad2a-000c29c2a5d7">
      <id>13784</id>
      <classname>org.openmrs.ConceptName</classname>
      <dateChanged id="187">2010-06-29 13:05:30</dateChanged>
    </org.openmrs.module.metadatasharing.Item>
    <org.openmrs.module.metadatasharing.Item id="188" uuid="0b6f95da-15f5-102d-96e4-000c29c2a5d7">
      <id>3992</id>
      <classname>org.openmrs.ConceptName</classname>
      <dateChanged id="189">2006-06-07 17:27:54</dateChanged>
    </org.openmrs.module.metadatasharing.Item>
    <org.openmrs.module.metadatasharing.Item id="190" uuid="0b6f94ea-15f5-102d-96e4-000c29c2a5d7">
      <id>3991</id>
      <classname>org.openmrs.ConceptName</classname>
      <dateChanged id="191">2004-08-12 00:00:00</dateChanged>
    </org.openmrs.module.metadatasharing.Item>
    <org.openmrs.module.metadatasharing.Item id="192" uuid="0b40b634-15f5-102d-96e4-000c29c2a5d7">
      <id>3424</id>
      <classname>org.openmrs.ConceptDescription</classname>
      <dateChanged id="193">2012-06-21 18:44:18</dateChanged>
    </org.openmrs.module.metadatasharing.Item>
    <org.openmrs.module.metadatasharing.Item id="194" uuid="ed211c48-07fe-102c-b5fa-0017a47871b2">
      <id>3425</id>
      <classname>org.openmrs.ConceptDescription</classname>
      <dateChanged id="195">2012-01-25 22:19:06</dateChanged>
    </org.openmrs.module.metadatasharing.Item>
    <org.openmrs.module.metadatasharing.Item id="196" uuid="a567d7c3-7943-41e4-80d5-6090aedcb6b6">
      <id>13665</id>
      <classname>org.openmrs.ConceptMap</classname>
      <dateChanged id="197">2012-06-21 16:49:52</dateChanged>
    </org.openmrs.module.metadatasharing.Item>
    <org.openmrs.module.metadatasharing.Item id="198" uuid="68b6c991-c8b8-3310-9182-8133b938d47a">
      <id>13665</id>
      <classname>org.openmrs.ConceptReferenceTerm</classname>
      <dateChanged id="199">2010-12-01 00:00:00</dateChanged>
      <retired>false</retired>
    </org.openmrs.module.metadatasharing.Item>
    <org.openmrs.module.metadatasharing.Item id="200" uuid="ddb6b595-0b85-4a80-9243-efe4ba404eef">
      <id>4</id>
      <classname>org.openmrs.ConceptSource</classname>
      <dateChanged id="201">2010-09-28 10:32:54</dateChanged>
      <retired>false</retired>
    </org.openmrs.module.metadatasharing.Item>
    <org.openmrs.module.metadatasharing.Item id="202" uuid="b299b5b4-4864-102e-96e9-000c29c2a5d7">
      <id>4693</id>
      <classname>org.openmrs.ConceptMap</classname>
      <dateChanged id="203">2012-06-21 16:49:52</dateChanged>
    </org.openmrs.module.metadatasharing.Item>
    <org.openmrs.module.metadatasharing.Item id="204" uuid="a2b5fae6-22c8-3da7-ab40-afdb28f8b6bd">
      <id>4693</id>
      <classname>org.openmrs.ConceptReferenceTerm</classname>
      <dateChanged id="205">2010-11-23 00:00:00</dateChanged>
      <retired>false</retired>
    </org.openmrs.module.metadatasharing.Item>
    <org.openmrs.module.metadatasharing.Item id="206" uuid="75aa9616-4943-102e-96e9-000c29c2a5d7">
      <id>10382</id>
      <classname>org.openmrs.ConceptMap</classname>
      <dateChanged id="207">2012-06-21 16:49:52</dateChanged>
    </org.openmrs.module.metadatasharing.Item>
    <org.openmrs.module.metadatasharing.Item id="208" uuid="7033a763-c711-3688-aa6c-39669fde989e">
      <id>10382</id>
      <classname>org.openmrs.ConceptReferenceTerm</classname>
      <dateChanged id="209">2010-11-24 00:00:00</dateChanged>
      <retired>false</retired>
    </org.openmrs.module.metadatasharing.Item>
    <org.openmrs.module.metadatasharing.Item id="210" uuid="3d38da28-26fe-102b-80cb-0017a47871b2">
      <id>6</id>
      <classname>org.openmrs.ConceptAnswer</classname>
      <dateChanged id="211">2005-01-26 00:00:00</dateChanged>
    </org.openmrs.module.metadatasharing.Item>
    <org.openmrs.module.metadatasharing.Item id="212" uuid="3cf2e4d2-26fe-102b-80cb-0017a47871b2">
      <id>6049</id>
      <classname>org.openmrs.Concept</classname>
      <dateChanged id="213">2005-01-26 00:00:00</dateChanged>
      <retired>false</retired>
    </org.openmrs.module.metadatasharing.Item>
    <org.openmrs.module.metadatasharing.Item id="214" uuid="f77a7214-d5db-102d-ad2a-000c29c2a5d7">
      <id>13861</id>
      <classname>org.openmrs.ConceptName</classname>
      <dateChanged id="215">2010-06-29 13:05:30</dateChanged>
    </org.openmrs.module.metadatasharing.Item>
    <org.openmrs.module.metadatasharing.Item id="216" uuid="3e451e0e-26fe-102b-80cb-0017a47871b2">
      <id>4428</id>
      <classname>org.openmrs.ConceptName</classname>
      <dateChanged id="217">2004-08-12 00:00:00</dateChanged>
    </org.openmrs.module.metadatasharing.Item>
    <org.openmrs.module.metadatasharing.Item id="218" uuid="ed1e3dde-07fe-102c-b5fa-0017a47871b2">
      <id>3850</id>
      <classname>org.openmrs.ConceptDescription</classname>
      <dateChanged id="219">2004-08-12 00:00:00</dateChanged>
    </org.openmrs.module.metadatasharing.Item>
    <org.openmrs.module.metadatasharing.Item id="220" uuid="b29cd5be-4864-102e-96e9-000c29c2a5d7">
      <id>5120</id>
      <classname>org.openmrs.ConceptMap</classname>
      <dateChanged id="221">2012-06-21 16:49:52</dateChanged>
    </org.openmrs.module.metadatasharing.Item>
    <org.openmrs.module.metadatasharing.Item id="222" uuid="a783d225-da19-3ae5-a84c-94aa337d82c2">
      <id>5120</id>
      <classname>org.openmrs.ConceptReferenceTerm</classname>
      <dateChanged id="223">2010-11-23 00:00:00</dateChanged>
      <retired>false</retired>
    </org.openmrs.module.metadatasharing.Item>
    <org.openmrs.module.metadatasharing.Item id="224" uuid="75acc58a-4943-102e-96e9-000c29c2a5d7">
      <id>10740</id>
      <classname>org.openmrs.ConceptMap</classname>
      <dateChanged id="225">2012-06-21 16:49:52</dateChanged>
    </org.openmrs.module.metadatasharing.Item>
    <org.openmrs.module.metadatasharing.Item id="226" uuid="f09d11c1-4f1e-3817-b398-b21af3fa0742">
      <id>10740</id>
      <classname>org.openmrs.ConceptReferenceTerm</classname>
      <dateChanged id="227">2010-11-24 00:00:00</dateChanged>
      <retired>false</retired>
    </org.openmrs.module.metadatasharing.Item>
    <org.openmrs.module.metadatasharing.Item id="228" uuid="3d38dc30-26fe-102b-80cb-0017a47871b2">
      <id>7</id>
      <classname>org.openmrs.ConceptAnswer</classname>
      <dateChanged id="229">2005-01-26 00:00:00</dateChanged>
    </org.openmrs.module.metadatasharing.Item>
    <org.openmrs.module.metadatasharing.Item id="230" uuid="3cf2e734-26fe-102b-80cb-0017a47871b2">
      <id>6050</id>
      <classname>org.openmrs.Concept</classname>
      <dateChanged id="231">2005-01-26 00:00:00</dateChanged>
      <retired>false</retired>
    </org.openmrs.module.metadatasharing.Item>
    <org.openmrs.module.metadatasharing.Item id="232" uuid="f77a8dbc-d5db-102d-ad2a-000c29c2a5d7">
      <id>13862</id>
      <classname>org.openmrs.ConceptName</classname>
      <dateChanged id="233">2010-06-29 13:05:30</dateChanged>
    </org.openmrs.module.metadatasharing.Item>
    <org.openmrs.module.metadatasharing.Item id="234" uuid="3e451fb2-26fe-102b-80cb-0017a47871b2">
      <id>4429</id>
      <classname>org.openmrs.ConceptName</classname>
      <dateChanged id="235">2004-08-12 00:00:00</dateChanged>
    </org.openmrs.module.metadatasharing.Item>
    <org.openmrs.module.metadatasharing.Item id="236" uuid="ed1e3f46-07fe-102c-b5fa-0017a47871b2">
      <id>3851</id>
      <classname>org.openmrs.ConceptDescription</classname>
      <dateChanged id="237">2004-08-12 00:00:00</dateChanged>
    </org.openmrs.module.metadatasharing.Item>
    <org.openmrs.module.metadatasharing.Item id="238" uuid="75acc6f2-4943-102e-96e9-000c29c2a5d7">
      <id>10741</id>
      <classname>org.openmrs.ConceptMap</classname>
      <dateChanged id="239">2012-06-21 16:49:52</dateChanged>
    </org.openmrs.module.metadatasharing.Item>
    <org.openmrs.module.metadatasharing.Item id="240" uuid="bf8083d0-213c-347f-8e38-3b452c0f2476">
      <id>10741</id>
      <classname>org.openmrs.ConceptReferenceTerm</classname>
      <dateChanged id="241">2010-11-24 00:00:00</dateChanged>
      <retired>false</retired>
    </org.openmrs.module.metadatasharing.Item>
    <org.openmrs.module.metadatasharing.Item id="242" uuid="b29cd730-4864-102e-96e9-000c29c2a5d7">
      <id>5121</id>
      <classname>org.openmrs.ConceptMap</classname>
      <dateChanged id="243">2012-06-21 16:49:52</dateChanged>
    </org.openmrs.module.metadatasharing.Item>
    <org.openmrs.module.metadatasharing.Item id="244" uuid="4f3fbf2d-603a-3347-8e52-d6baae0dcf24">
      <id>5121</id>
      <classname>org.openmrs.ConceptReferenceTerm</classname>
      <dateChanged id="245">2010-11-23 00:00:00</dateChanged>
      <retired>false</retired>
    </org.openmrs.module.metadatasharing.Item>
    <org.openmrs.module.metadatasharing.Item id="246" uuid="3d38de10-26fe-102b-80cb-0017a47871b2">
      <id>8</id>
      <classname>org.openmrs.ConceptAnswer</classname>
      <dateChanged id="247">2005-01-26 00:00:00</dateChanged>
    </org.openmrs.module.metadatasharing.Item>
    <org.openmrs.module.metadatasharing.Item id="248" uuid="3cf2ebda-26fe-102b-80cb-0017a47871b2">
      <id>6052</id>
      <classname>org.openmrs.Concept</classname>
      <dateChanged id="249">2005-01-26 00:00:00</dateChanged>
      <retired>false</retired>
    </org.openmrs.module.metadatasharing.Item>
    <org.openmrs.module.metadatasharing.Item id="250" uuid="3e4522aa-26fe-102b-80cb-0017a47871b2">
      <id>4431</id>
      <classname>org.openmrs.ConceptName</classname>
      <dateChanged id="251">2004-08-12 00:00:00</dateChanged>
    </org.openmrs.module.metadatasharing.Item>
    <org.openmrs.module.metadatasharing.Item id="252" uuid="f77aa702-d5db-102d-ad2a-000c29c2a5d7">
      <id>13863</id>
      <classname>org.openmrs.ConceptName</classname>
      <dateChanged id="253">2010-06-29 13:05:30</dateChanged>
    </org.openmrs.module.metadatasharing.Item>
    <org.openmrs.module.metadatasharing.Item id="254" uuid="ed1e42c0-07fe-102c-b5fa-0017a47871b2">
      <id>3853</id>
      <classname>org.openmrs.ConceptDescription</classname>
      <dateChanged id="255">2004-08-12 00:00:00</dateChanged>
    </org.openmrs.module.metadatasharing.Item>
    <org.openmrs.module.metadatasharing.Item id="256" uuid="b29cda14-4864-102e-96e9-000c29c2a5d7">
      <id>5123</id>
      <classname>org.openmrs.ConceptMap</classname>
      <dateChanged id="257">2012-06-21 16:49:52</dateChanged>
    </org.openmrs.module.metadatasharing.Item>
    <org.openmrs.module.metadatasharing.Item id="258" uuid="35080876-7048-302d-809c-8b1e9dcfff10">
      <id>5123</id>
      <classname>org.openmrs.ConceptReferenceTerm</classname>
      <dateChanged id="259">2010-11-23 00:00:00</dateChanged>
      <retired>false</retired>
    </org.openmrs.module.metadatasharing.Item>
    <org.openmrs.module.metadatasharing.Item id="260" uuid="75acc9f4-4943-102e-96e9-000c29c2a5d7">
      <id>10743</id>
      <classname>org.openmrs.ConceptMap</classname>
      <dateChanged id="261">2012-06-21 16:49:52</dateChanged>
    </org.openmrs.module.metadatasharing.Item>
    <org.openmrs.module.metadatasharing.Item id="262" uuid="906b7aed-7577-39c5-b635-1ef62c565723">
      <id>10743</id>
      <classname>org.openmrs.ConceptReferenceTerm</classname>
      <dateChanged id="263">2010-11-24 00:00:00</dateChanged>
      <retired>false</retired>
    </org.openmrs.module.metadatasharing.Item>
    <org.openmrs.module.metadatasharing.Item id="264" uuid="3d48d36a-26fe-102b-80cb-0017a47871b2">
      <id>2363</id>
      <classname>org.openmrs.ConceptAnswer</classname>
      <dateChanged id="265">2007-05-19 14:54:59</dateChanged>
    </org.openmrs.module.metadatasharing.Item>
    <org.openmrs.module.metadatasharing.Item id="266" uuid="3cd75550-26fe-102b-80cb-0017a47871b2">
      <id>1118</id>
      <classname>org.openmrs.Concept</classname>
      <dateChanged id="267">2009-02-06 10:38:08</dateChanged>
      <retired>false</retired>
    </org.openmrs.module.metadatasharing.Item>
    <org.openmrs.module.metadatasharing.Item id="268" uuid="0b8c59b8-15f5-102d-96e4-000c29c2a5d7">
      <id>8283</id>
      <classname>org.openmrs.ConceptName</classname>
      <dateChanged id="269">2009-02-06 10:38:08</dateChanged>
    </org.openmrs.module.metadatasharing.Item>
    <org.openmrs.module.metadatasharing.Item id="270" uuid="3e15840a-26fe-102b-80cb-0017a47871b2">
      <id>8282</id>
      <classname>org.openmrs.ConceptName</classname>
      <dateChanged id="271">2009-02-06 10:38:08</dateChanged>
    </org.openmrs.module.metadatasharing.Item>
    <org.openmrs.module.metadatasharing.Item id="272" uuid="f5d852dc-d5db-102d-ad2a-000c29c2a5d7">
      <id>10636</id>
      <classname>org.openmrs.ConceptName</classname>
      <dateChanged id="273">2010-06-29 13:03:16</dateChanged>
    </org.openmrs.module.metadatasharing.Item>
    <org.openmrs.module.metadatasharing.Item id="274" uuid="ece4b53c-07fe-102c-b5fa-0017a47871b2">
      <id>1130</id>
      <classname>org.openmrs.ConceptDescription</classname>
      <dateChanged id="275">2005-01-12 00:00:00</dateChanged>
    </org.openmrs.module.metadatasharing.Item>
    <org.openmrs.module.metadatasharing.Item id="276" uuid="b20d617c-4864-102e-96e9-000c29c2a5d7">
      <id>1120</id>
      <classname>org.openmrs.ConceptMap</classname>
      <dateChanged id="277">2012-06-21 16:49:52</dateChanged>
    </org.openmrs.module.metadatasharing.Item>
    <org.openmrs.module.metadatasharing.Item id="278" uuid="d30ce28d-7236-30a9-aaec-5b21c3c413d3">
      <id>1120</id>
      <classname>org.openmrs.ConceptReferenceTerm</classname>
      <dateChanged id="279">2010-11-23 00:00:00</dateChanged>
      <retired>false</retired>
    </org.openmrs.module.metadatasharing.Item>
    <org.openmrs.module.metadatasharing.Item id="280" uuid="3d4c8fc8-26fe-102b-80cb-0017a47871b2">
      <id>3057</id>
      <classname>org.openmrs.ConceptAnswer</classname>
      <dateChanged id="281">2007-06-26 12:14:32</dateChanged>
    </org.openmrs.module.metadatasharing.Item>
    <org.openmrs.module.metadatasharing.Item id="282" uuid="3ce439be-26fe-102b-80cb-0017a47871b2">
      <id>2468</id>
      <classname>org.openmrs.Concept</classname>
      <dateChanged id="283">2007-06-26 12:08:09</dateChanged>
      <retired>false</retired>
    </org.openmrs.module.metadatasharing.Item>
    <org.openmrs.module.metadatasharing.Item id="284" uuid="8d492b2a-c2cc-11de-8d13-0010c6dffd0f">
      <id>13</id>
      <classname>org.openmrs.ConceptClass</classname>
      <dateChanged id="285">2004-10-04 00:00:00</dateChanged>
      <retired>false</retired>
    </org.openmrs.module.metadatasharing.Item>
    <org.openmrs.module.metadatasharing.Item id="286" uuid="3e257cf2-26fe-102b-80cb-0017a47871b2">
      <id>2652</id>
      <classname>org.openmrs.ConceptName</classname>
      <dateChanged id="287">2007-06-26 12:06:34</dateChanged>
    </org.openmrs.module.metadatasharing.Item>
    <org.openmrs.module.metadatasharing.Item id="288" uuid="f6983ebc-d5db-102d-ad2a-000c29c2a5d7">
      <id>11968</id>
      <classname>org.openmrs.ConceptName</classname>
      <dateChanged id="289">2010-06-29 13:04:01</dateChanged>
    </org.openmrs.module.metadatasharing.Item>
    <org.openmrs.module.metadatasharing.Item id="290" uuid="ecf2b13c-07fe-102c-b5fa-0017a47871b2">
      <id>2310</id>
      <classname>org.openmrs.ConceptDescription</classname>
      <dateChanged id="291">2007-06-26 12:06:34</dateChanged>
    </org.openmrs.module.metadatasharing.Item>
    <org.openmrs.module.metadatasharing.Item id="292" uuid="b2561be2-4864-102e-96e9-000c29c2a5d7">
      <id>2470</id>
      <classname>org.openmrs.ConceptMap</classname>
      <dateChanged id="293">2012-06-21 16:49:52</dateChanged>
    </org.openmrs.module.metadatasharing.Item>
    <org.openmrs.module.metadatasharing.Item id="294" uuid="b33297df-71e5-3f90-bbb1-4ffc65ce9627">
      <id>2470</id>
      <classname>org.openmrs.ConceptReferenceTerm</classname>
      <dateChanged id="295">2010-11-23 00:00:00</dateChanged>
      <retired>false</retired>
    </org.openmrs.module.metadatasharing.Item>
    <org.openmrs.module.metadatasharing.Item id="296" uuid="75958460-4943-102e-96e9-000c29c2a5d7">
      <id>8282</id>
      <classname>org.openmrs.ConceptMap</classname>
      <dateChanged id="297">2012-06-21 16:49:52</dateChanged>
    </org.openmrs.module.metadatasharing.Item>
    <org.openmrs.module.metadatasharing.Item id="298" uuid="ef425629-45a7-3a9a-a3d8-c195b9186d07">
      <id>8282</id>
      <classname>org.openmrs.ConceptReferenceTerm</classname>
      <dateChanged id="299">2010-11-24 00:00:00</dateChanged>
      <retired>false</retired>
    </org.openmrs.module.metadatasharing.Item>
    <org.openmrs.module.metadatasharing.Item id="300" uuid="3d4c9108-26fe-102b-80cb-0017a47871b2">
      <id>3058</id>
      <classname>org.openmrs.ConceptAnswer</classname>
      <dateChanged id="301">2007-06-26 12:14:32</dateChanged>
    </org.openmrs.module.metadatasharing.Item>
    <org.openmrs.module.metadatasharing.Item id="302" uuid="3cce4c76-26fe-102b-80cb-0017a47871b2">
      <id>161</id>
      <classname>org.openmrs.Concept</classname>
      <dateChanged id="303">2012-02-03 20:50:55</dateChanged>
      <retired>false</retired>
    </org.openmrs.module.metadatasharing.Item>
    <org.openmrs.module.metadatasharing.Item id="304" uuid="f5845cae-d5db-102d-ad2a-000c29c2a5d7">
      <id>10110</id>
      <classname>org.openmrs.ConceptName</classname>
      <dateChanged id="305">2010-06-29 13:03:14</dateChanged>
    </org.openmrs.module.metadatasharing.Item>
    <org.openmrs.module.metadatasharing.Item id="306" uuid="93ebfbae-07d4-102c-b5fa-0017a47871b2">
      <id>6399</id>
      <classname>org.openmrs.ConceptName</classname>
      <dateChanged id="307">2005-02-08 00:00:00</dateChanged>
    </org.openmrs.module.metadatasharing.Item>
    <org.openmrs.module.metadatasharing.Item id="308" uuid="489b2e19-aed2-4855-92e6-7dce0cce38a9">
      <id>14575</id>
      <classname>org.openmrs.ConceptName</classname>
      <dateChanged id="309">2011-05-18 15:03:48</dateChanged>
    </org.openmrs.module.metadatasharing.Item>
    <org.openmrs.module.metadatasharing.Item id="310" uuid="3e0b6006-26fe-102b-80cb-0017a47871b2">
      <id>167</id>
      <classname>org.openmrs.ConceptName</classname>
      <dateChanged id="311">2004-01-01 00:00:00</dateChanged>
    </org.openmrs.module.metadatasharing.Item>
    <org.openmrs.module.metadatasharing.Item id="312" uuid="5c96ebc6-4e9c-11e1-a634-aa00ff7759d2">
      <id>15626</id>
      <classname>org.openmrs.ConceptName</classname>
      <dateChanged id="313">2012-02-03 19:22:07</dateChanged>
    </org.openmrs.module.metadatasharing.Item>
    <org.openmrs.module.metadatasharing.Item id="314" uuid="ecd87c54-07fe-102c-b5fa-0017a47871b2">
      <id>166</id>
      <classname>org.openmrs.ConceptDescription</classname>
      <dateChanged id="315">2012-02-03 20:50:55</dateChanged>
    </org.openmrs.module.metadatasharing.Item>
    <org.openmrs.module.metadatasharing.Item id="316" uuid="702bc004-9d27-41e9-ae46-31d7c8a18f43">
      <id>11635</id>
      <classname>org.openmrs.ConceptMap</classname>
      <dateChanged id="317">2012-06-21 16:49:52</dateChanged>
    </org.openmrs.module.metadatasharing.Item>
    <org.openmrs.module.metadatasharing.Item id="318" uuid="4eae883f-2981-3a0f-8260-58f7918bca58">
      <id>11635</id>
      <classname>org.openmrs.ConceptReferenceTerm</classname>
      <dateChanged id="319">2010-12-07 00:00:00</dateChanged>
      <retired>false</retired>
    </org.openmrs.module.metadatasharing.Item>
    <org.openmrs.module.metadatasharing.Item id="320" uuid="b1d27fb2-4864-102e-96e9-000c29c2a5d7">
      <id>163</id>
      <classname>org.openmrs.ConceptMap</classname>
      <dateChanged id="321">2012-06-21 16:49:52</dateChanged>
    </org.openmrs.module.metadatasharing.Item>
    <org.openmrs.module.metadatasharing.Item id="322" uuid="1ddaa272-5703-38bd-94ed-a6c96e2ececc">
      <id>163</id>
      <classname>org.openmrs.ConceptReferenceTerm</classname>
      <dateChanged id="323">2010-11-23 00:00:00</dateChanged>
      <retired>false</retired>
    </org.openmrs.module.metadatasharing.Item>
    <org.openmrs.module.metadatasharing.Item id="324" uuid="526316c7-a013-4ea2-bc8c-b9f25644c3a1">
      <id>12200</id>
      <classname>org.openmrs.ConceptMap</classname>
      <dateChanged id="325">2011-05-18 15:03:32</dateChanged>
    </org.openmrs.module.metadatasharing.Item>
    <org.openmrs.module.metadatasharing.Item id="326" uuid="15d358cb-5dc8-3903-a09f-455ca7d8f91b">
      <id>12200</id>
      <classname>org.openmrs.ConceptReferenceTerm</classname>
      <dateChanged id="327">2011-05-18 00:00:00</dateChanged>
      <retired>false</retired>
    </org.openmrs.module.metadatasharing.Item>
    <org.openmrs.module.metadatasharing.Item id="328" uuid="3d4c923e-26fe-102b-80cb-0017a47871b2">
      <id>3059</id>
      <classname>org.openmrs.ConceptAnswer</classname>
      <dateChanged id="329">2007-06-26 12:14:32</dateChanged>
    </org.openmrs.module.metadatasharing.Item>
    <org.openmrs.module.metadatasharing.Item id="330" uuid="3ce43842-26fe-102b-80cb-0017a47871b2">
      <id>2467</id>
      <classname>org.openmrs.Concept</classname>
      <dateChanged id="331">2007-06-26 12:05:36</dateChanged>
      <retired>false</retired>
    </org.openmrs.module.metadatasharing.Item>
    <org.openmrs.module.metadatasharing.Item id="332" uuid="3e257b80-26fe-102b-80cb-0017a47871b2">
      <id>2651</id>
      <classname>org.openmrs.ConceptName</classname>
      <dateChanged id="333">2007-06-26 12:05:36</dateChanged>
    </org.openmrs.module.metadatasharing.Item>
    <org.openmrs.module.metadatasharing.Item id="334" uuid="f69823f0-d5db-102d-ad2a-000c29c2a5d7">
      <id>11967</id>
      <classname>org.openmrs.ConceptName</classname>
      <dateChanged id="335">2010-06-29 13:04:01</dateChanged>
    </org.openmrs.module.metadatasharing.Item>
    <org.openmrs.module.metadatasharing.Item id="336" uuid="ecf2ae62-07fe-102c-b5fa-0017a47871b2">
      <id>2309</id>
      <classname>org.openmrs.ConceptDescription</classname>
      <dateChanged id="337">2007-06-26 12:05:36</dateChanged>
    </org.openmrs.module.metadatasharing.Item>
    <org.openmrs.module.metadatasharing.Item id="338" uuid="75958302-4943-102e-96e9-000c29c2a5d7">
      <id>8281</id>
      <classname>org.openmrs.ConceptMap</classname>
      <dateChanged id="339">2012-06-21 16:49:52</dateChanged>
    </org.openmrs.module.metadatasharing.Item>
    <org.openmrs.module.metadatasharing.Item id="340" uuid="e8bbdc38-b67a-3866-95e9-cd4f6a757fde">
      <id>8281</id>
      <classname>org.openmrs.ConceptReferenceTerm</classname>
      <dateChanged id="341">2010-11-24 00:00:00</dateChanged>
      <retired>false</retired>
    </org.openmrs.module.metadatasharing.Item>
    <org.openmrs.module.metadatasharing.Item id="342" uuid="b2561a7a-4864-102e-96e9-000c29c2a5d7">
      <id>2469</id>
      <classname>org.openmrs.ConceptMap</classname>
      <dateChanged id="343">2012-06-21 16:49:52</dateChanged>
    </org.openmrs.module.metadatasharing.Item>
    <org.openmrs.module.metadatasharing.Item id="344" uuid="125154e9-abc7-32b8-8e3f-352ece944553">
      <id>2469</id>
      <classname>org.openmrs.ConceptReferenceTerm</classname>
      <dateChanged id="345">2010-11-23 00:00:00</dateChanged>
      <retired>false</retired>
    </org.openmrs.module.metadatasharing.Item>
    <org.openmrs.module.metadatasharing.Item id="346" uuid="3d4c937e-26fe-102b-80cb-0017a47871b2">
      <id>3060</id>
      <classname>org.openmrs.ConceptAnswer</classname>
      <dateChanged id="347">2007-06-26 12:14:32</dateChanged>
    </org.openmrs.module.metadatasharing.Item>
    <org.openmrs.module.metadatasharing.Item id="348" uuid="3ce43b3a-26fe-102b-80cb-0017a47871b2">
      <id>2469</id>
      <classname>org.openmrs.Concept</classname>
      <dateChanged id="349">2012-06-21 18:07:46</dateChanged>
      <retired>true</retired>
    </org.openmrs.module.metadatasharing.Item>
    <org.openmrs.module.metadatasharing.Item id="350" uuid="3e257e64-26fe-102b-80cb-0017a47871b2">
      <id>2653</id>
      <classname>org.openmrs.ConceptName</classname>
      <dateChanged id="351">2007-06-26 12:08:57</dateChanged>
    </org.openmrs.module.metadatasharing.Item>
    <org.openmrs.module.metadatasharing.Item id="352" uuid="f69858b6-d5db-102d-ad2a-000c29c2a5d7">
      <id>11969</id>
      <classname>org.openmrs.ConceptName</classname>
      <dateChanged id="353">2010-06-29 13:04:01</dateChanged>
    </org.openmrs.module.metadatasharing.Item>
    <org.openmrs.module.metadatasharing.Item id="354" uuid="ecf2bbf0-07fe-102c-b5fa-0017a47871b2">
      <id>2311</id>
      <classname>org.openmrs.ConceptDescription</classname>
      <dateChanged id="355">2007-06-26 12:08:57</dateChanged>
    </org.openmrs.module.metadatasharing.Item>
    <org.openmrs.module.metadatasharing.Item id="356" uuid="759585d2-4943-102e-96e9-000c29c2a5d7">
      <id>8283</id>
      <classname>org.openmrs.ConceptMap</classname>
      <dateChanged id="357">2012-06-21 16:49:52</dateChanged>
    </org.openmrs.module.metadatasharing.Item>
    <org.openmrs.module.metadatasharing.Item id="358" uuid="dc1852c4-a488-369b-bf54-8dc200f51f7d">
      <id>8283</id>
      <classname>org.openmrs.ConceptReferenceTerm</classname>
      <dateChanged id="359">2010-11-24 00:00:00</dateChanged>
      <retired>false</retired>
    </org.openmrs.module.metadatasharing.Item>
    <org.openmrs.module.metadatasharing.Item id="360" uuid="b2561d54-4864-102e-96e9-000c29c2a5d7">
      <id>2471</id>
      <classname>org.openmrs.ConceptMap</classname>
      <dateChanged id="361">2012-06-21 16:49:52</dateChanged>
    </org.openmrs.module.metadatasharing.Item>
    <org.openmrs.module.metadatasharing.Item id="362" uuid="0a0bb349-4351-389f-b4a7-65c4e463a793">
      <id>2471</id>
      <classname>org.openmrs.ConceptReferenceTerm</classname>
      <dateChanged id="363">2010-11-23 00:00:00</dateChanged>
      <retired>false</retired>
    </org.openmrs.module.metadatasharing.Item>
    <org.openmrs.module.metadatasharing.Item id="364" uuid="3d4e2db0-26fe-102b-80cb-0017a47871b2">
      <id>3240</id>
      <classname>org.openmrs.ConceptAnswer</classname>
      <dateChanged id="365">2007-08-07 14:06:16</dateChanged>
    </org.openmrs.module.metadatasharing.Item>
    <org.openmrs.module.metadatasharing.Item id="366" uuid="3cd774d6-26fe-102b-80cb-0017a47871b2">
      <id>1138</id>
      <classname>org.openmrs.Concept</classname>
      <dateChanged id="367">2011-09-12 21:55:58</dateChanged>
      <retired>false</retired>
    </org.openmrs.module.metadatasharing.Item>
    <org.openmrs.module.metadatasharing.Item id="368" uuid="3e15ad40-26fe-102b-80cb-0017a47871b2">
      <id>1176</id>
      <classname>org.openmrs.ConceptName</classname>
      <dateChanged id="369">2005-01-26 00:00:00</dateChanged>
    </org.openmrs.module.metadatasharing.Item>
    <org.openmrs.module.metadatasharing.Item id="370" uuid="0b90a3f6-15f5-102d-96e4-000c29c2a5d7">
      <id>8781</id>
      <classname>org.openmrs.ConceptName</classname>
      <dateChanged id="371">2009-03-17 12:11:09</dateChanged>
    </org.openmrs.module.metadatasharing.Item>
    <org.openmrs.module.metadatasharing.Item id="372" uuid="0b90a20c-15f5-102d-96e4-000c29c2a5d7">
      <id>8779</id>
      <classname>org.openmrs.ConceptName</classname>
      <dateChanged id="373">2009-03-17 12:11:09</dateChanged>
    </org.openmrs.module.metadatasharing.Item>
    <org.openmrs.module.metadatasharing.Item id="374" uuid="f5db5e1e-d5db-102d-ad2a-000c29c2a5d7">
      <id>10656</id>
      <classname>org.openmrs.ConceptName</classname>
      <dateChanged id="375">2010-06-29 13:03:16</dateChanged>
    </org.openmrs.module.metadatasharing.Item>
    <org.openmrs.module.metadatasharing.Item id="376" uuid="0b90a2fc-15f5-102d-96e4-000c29c2a5d7">
      <id>8780</id>
      <classname>org.openmrs.ConceptName</classname>
      <dateChanged id="377">2009-03-17 12:11:09</dateChanged>
    </org.openmrs.module.metadatasharing.Item>
    <org.openmrs.module.metadatasharing.Item id="378" uuid="ece4d7ba-07fe-102c-b5fa-0017a47871b2">
      <id>1150</id>
      <classname>org.openmrs.ConceptDescription</classname>
      <dateChanged id="379">2011-09-12 21:55:58</dateChanged>
    </org.openmrs.module.metadatasharing.Item>
    <org.openmrs.module.metadatasharing.Item id="380" uuid="137309ABBBBBBBBBBBBBBBBBBBBBBBBBBBBB">
      <id>13190</id>
      <classname>org.openmrs.ConceptMap</classname>
      <dateChanged id="381">2012-06-21 16:49:52</dateChanged>
    </org.openmrs.module.metadatasharing.Item>
    <org.openmrs.module.metadatasharing.Item id="382" uuid="becc690c-fdd3-3161-9c3a-b363633f0e1a">
      <id>13190</id>
      <classname>org.openmrs.ConceptReferenceTerm</classname>
      <dateChanged id="383">2010-12-22 00:00:00</dateChanged>
      <retired>false</retired>
    </org.openmrs.module.metadatasharing.Item>
    <org.openmrs.module.metadatasharing.Item id="384" uuid="1ADDDDDDDDDDDDDDDDDDDDDDDDDDDDDDDDDD">
      <id>6</id>
      <classname>org.openmrs.ConceptSource</classname>
      <dateChanged id="385">2009-11-20 01:19:16</dateChanged>
      <retired>false</retired>
    </org.openmrs.module.metadatasharing.Item>
    <org.openmrs.module.metadatasharing.Item id="386" uuid="134811ABBBBBBBBBBBBBBBBBBBBBBBBBBBBB">
      <id>13191</id>
      <classname>org.openmrs.ConceptMap</classname>
      <dateChanged id="387">2012-06-21 16:49:52</dateChanged>
    </org.openmrs.module.metadatasharing.Item>
    <org.openmrs.module.metadatasharing.Item id="388" uuid="9da0de3f-64b6-3e12-b4c2-a2ae4de083a3">
      <id>13191</id>
      <classname>org.openmrs.ConceptReferenceTerm</classname>
      <dateChanged id="389">2010-10-24 00:00:00</dateChanged>
      <retired>false</retired>
    </org.openmrs.module.metadatasharing.Item>
    <org.openmrs.module.metadatasharing.Item id="390" uuid="13ADDDDDDDDDDDDDDDDDDDDDDDDDDDDDDDDD">
      <id>10</id>
      <classname>org.openmrs.ConceptSource</classname>
      <dateChanged id="391">2010-10-24 17:02:38</dateChanged>
      <retired>false</retired>
    </org.openmrs.module.metadatasharing.Item>
    <org.openmrs.module.metadatasharing.Item id="392" uuid="7568cd80-4943-102e-96e9-000c29c2a5d7">
      <id>7002</id>
      <classname>org.openmrs.ConceptMap</classname>
      <dateChanged id="393">2012-06-21 16:49:52</dateChanged>
    </org.openmrs.module.metadatasharing.Item>
    <org.openmrs.module.metadatasharing.Item id="394" uuid="e6db530a-bce2-3ba6-bba1-9c5e89cfff51">
      <id>7002</id>
      <classname>org.openmrs.ConceptReferenceTerm</classname>
      <dateChanged id="395">2010-11-24 00:00:00</dateChanged>
      <retired>false</retired>
    </org.openmrs.module.metadatasharing.Item>
    <org.openmrs.module.metadatasharing.Item id="396" uuid="47e853a8-1b29-45f2-a70a-c986102a093f">
      <id>13189</id>
      <classname>org.openmrs.ConceptMap</classname>
      <dateChanged id="397">2012-06-21 16:49:52</dateChanged>
    </org.openmrs.module.metadatasharing.Item>
    <org.openmrs.module.metadatasharing.Item id="398" uuid="de622cae-a147-39f1-b4b7-3ac61f87a9e9">
      <id>13189</id>
      <classname>org.openmrs.ConceptReferenceTerm</classname>
      <dateChanged id="399">2011-09-12 00:00:00</dateChanged>
      <retired>false</retired>
    </org.openmrs.module.metadatasharing.Item>
    <org.openmrs.module.metadatasharing.Item id="400" uuid="6be790e7-579e-489b-a3dc-7516018c66de">
      <id>13</id>
      <classname>org.openmrs.ConceptSource</classname>
      <dateChanged id="401">2011-09-07 17:01:38</dateChanged>
      <retired>false</retired>
    </org.openmrs.module.metadatasharing.Item>
    <org.openmrs.module.metadatasharing.Item id="402" uuid="b20d976e-4864-102e-96e9-000c29c2a5d7">
      <id>1140</id>
      <classname>org.openmrs.ConceptMap</classname>
      <dateChanged id="403">2012-06-21 16:49:52</dateChanged>
    </org.openmrs.module.metadatasharing.Item>
    <org.openmrs.module.metadatasharing.Item id="404" uuid="baae493a-8ee0-36a5-a204-e0962160652b">
      <id>1140</id>
      <classname>org.openmrs.ConceptReferenceTerm</classname>
      <dateChanged id="405">2010-11-23 00:00:00</dateChanged>
      <retired>false</retired>
    </org.openmrs.module.metadatasharing.Item>
    <org.openmrs.module.metadatasharing.Item id="406" uuid="3d4e2ef0-26fe-102b-80cb-0017a47871b2">
      <id>3241</id>
      <classname>org.openmrs.ConceptAnswer</classname>
      <dateChanged id="407">2007-08-07 14:06:16</dateChanged>
    </org.openmrs.module.metadatasharing.Item>
    <org.openmrs.module.metadatasharing.Item id="408" uuid="3d4e3026-26fe-102b-80cb-0017a47871b2">
      <id>3242</id>
      <classname>org.openmrs.ConceptAnswer</classname>
      <dateChanged id="409">2007-08-07 14:06:16</dateChanged>
    </org.openmrs.module.metadatasharing.Item>
    <org.openmrs.module.metadatasharing.Item id="410" uuid="3cd6fac4-26fe-102b-80cb-0017a47871b2">
      <id>1067</id>
      <classname>org.openmrs.Concept</classname>
      <dateChanged id="411">2012-06-21 20:29:46</dateChanged>
      <retired>false</retired>
    </org.openmrs.module.metadatasharing.Item>
    <org.openmrs.module.metadatasharing.Item id="412" uuid="0b8bdd6c-15f5-102d-96e4-000c29c2a5d7">
      <id>8176</id>
      <classname>org.openmrs.ConceptName</classname>
      <dateChanged id="413">2009-02-05 15:56:14</dateChanged>
    </org.openmrs.module.metadatasharing.Item>
    <org.openmrs.module.metadatasharing.Item id="414" uuid="3e1518f8-26fe-102b-80cb-0017a47871b2">
      <id>8175</id>
      <classname>org.openmrs.ConceptName</classname>
      <dateChanged id="415">2009-02-05 15:56:14</dateChanged>
    </org.openmrs.module.metadatasharing.Item>
    <org.openmrs.module.metadatasharing.Item id="416" uuid="0b8bde66-15f5-102d-96e4-000c29c2a5d7">
      <id>8177</id>
      <classname>org.openmrs.ConceptName</classname>
      <dateChanged id="417">2009-02-05 15:56:14</dateChanged>
    </org.openmrs.module.metadatasharing.Item>
    <org.openmrs.module.metadatasharing.Item id="418" uuid="0b8bdf56-15f5-102d-96e4-000c29c2a5d7">
      <id>8178</id>
      <classname>org.openmrs.ConceptName</classname>
      <dateChanged id="419">2009-02-05 15:56:14</dateChanged>
    </org.openmrs.module.metadatasharing.Item>
    <org.openmrs.module.metadatasharing.Item id="420" uuid="f5cb3a66-d5db-102d-ad2a-000c29c2a5d7">
      <id>10585</id>
      <classname>org.openmrs.ConceptName</classname>
      <dateChanged id="421">2012-06-21 20:29:46</dateChanged>
    </org.openmrs.module.metadatasharing.Item>
    <org.openmrs.module.metadatasharing.Item id="422" uuid="ece43b8e-07fe-102c-b5fa-0017a47871b2">
      <id>1078</id>
      <classname>org.openmrs.ConceptDescription</classname>
      <dateChanged id="423">2005-01-06 00:00:00</dateChanged>
    </org.openmrs.module.metadatasharing.Item>
    <org.openmrs.module.metadatasharing.Item id="424" uuid="5a0076f0-1fc0-4c91-8d92-0541eab81216">
      <id>4747</id>
      <classname>org.openmrs.ConceptDescription</classname>
      <dateChanged id="425">2009-02-05 15:56:14</dateChanged>
    </org.openmrs.module.metadatasharing.Item>
    <org.openmrs.module.metadatasharing.Item id="426" uuid="b20d1438-4864-102e-96e9-000c29c2a5d7">
      <id>1069</id>
      <classname>org.openmrs.ConceptMap</classname>
      <dateChanged id="427">2012-06-21 16:49:52</dateChanged>
    </org.openmrs.module.metadatasharing.Item>
    <org.openmrs.module.metadatasharing.Item id="428" uuid="161a8ca4-26c9-3702-86ae-19762e7b7a86">
      <id>1069</id>
      <classname>org.openmrs.ConceptReferenceTerm</classname>
      <dateChanged id="429">2010-11-23 00:00:00</dateChanged>
      <retired>false</retired>
    </org.openmrs.module.metadatasharing.Item>
    <org.openmrs.module.metadatasharing.Item id="430" uuid="fe4792ee-5b68-102e-96e9-000c29c2a5d7">
      <id>11733</id>
      <classname>org.openmrs.ConceptMap</classname>
      <dateChanged id="431">2012-06-21 16:49:52</dateChanged>
    </org.openmrs.module.metadatasharing.Item>
    <org.openmrs.module.metadatasharing.Item id="432" uuid="7ea67a83-68e9-3f41-b394-280da1a6d50e">
      <id>11733</id>
      <classname>org.openmrs.ConceptReferenceTerm</classname>
      <dateChanged id="433">2010-12-17 00:00:00</dateChanged>
      <retired>false</retired>
    </org.openmrs.module.metadatasharing.Item>
    <org.openmrs.module.metadatasharing.Item id="434" uuid="3d4e944e-26fe-102b-80cb-0017a47871b2">
      <id>3323</id>
      <classname>org.openmrs.ConceptAnswer</classname>
      <dateChanged id="435">2007-08-17 11:08:46</dateChanged>
    </org.openmrs.module.metadatasharing.Item>
    <org.openmrs.module.metadatasharing.Item id="436" uuid="3ce603a2-26fe-102b-80cb-0017a47871b2">
      <id>2618</id>
      <classname>org.openmrs.Concept</classname>
      <dateChanged id="437">2012-01-24 22:14:28</dateChanged>
      <retired>false</retired>
    </org.openmrs.module.metadatasharing.Item>
    <org.openmrs.module.metadatasharing.Item id="438" uuid="5c97364e-4e9c-11e1-a634-aa00ff7759d2">
      <id>15662</id>
      <classname>org.openmrs.ConceptName</classname>
      <dateChanged id="439">2012-02-03 19:22:07</dateChanged>
    </org.openmrs.module.metadatasharing.Item>
    <org.openmrs.module.metadatasharing.Item id="440" uuid="f6a84a50-d5db-102d-ad2a-000c29c2a5d7">
      <id>12118</id>
      <classname>org.openmrs.ConceptName</classname>
      <dateChanged id="441">2010-06-29 13:04:02</dateChanged>
    </org.openmrs.module.metadatasharing.Item>
    <org.openmrs.module.metadatasharing.Item id="442" uuid="93f2fa62-07d4-102c-b5fa-0017a47871b2">
      <id>6664</id>
      <classname>org.openmrs.ConceptName</classname>
      <dateChanged id="443">2007-08-17 11:06:29</dateChanged>
    </org.openmrs.module.metadatasharing.Item>
    <org.openmrs.module.metadatasharing.Item id="444" uuid="3e276166-26fe-102b-80cb-0017a47871b2">
      <id>2810</id>
      <classname>org.openmrs.ConceptName</classname>
      <dateChanged id="445">2007-08-17 11:06:29</dateChanged>
    </org.openmrs.module.metadatasharing.Item>
    <org.openmrs.module.metadatasharing.Item id="446" uuid="ecf44754-07fe-102c-b5fa-0017a47871b2">
      <id>2410</id>
      <classname>org.openmrs.ConceptDescription</classname>
      <dateChanged id="447">2012-01-24 22:14:28</dateChanged>
    </org.openmrs.module.metadatasharing.Item>
    <org.openmrs.module.metadatasharing.Item id="448" uuid="75995b30-4943-102e-96e9-000c29c2a5d7">
      <id>8432</id>
      <classname>org.openmrs.ConceptMap</classname>
      <dateChanged id="449">2012-06-21 16:49:52</dateChanged>
    </org.openmrs.module.metadatasharing.Item>
    <org.openmrs.module.metadatasharing.Item id="450" uuid="687a0989-6669-3aa7-b053-5c1b9ec6d375">
      <id>8432</id>
      <classname>org.openmrs.ConceptReferenceTerm</classname>
      <dateChanged id="451">2010-11-24 00:00:00</dateChanged>
      <retired>false</retired>
    </org.openmrs.module.metadatasharing.Item>
    <org.openmrs.module.metadatasharing.Item id="452" uuid="b1eae44b-ff90-4424-be98-c0dfa32af845">
      <id>13673</id>
      <classname>org.openmrs.ConceptMap</classname>
      <dateChanged id="453">2012-01-24 22:14:28</dateChanged>
    </org.openmrs.module.metadatasharing.Item>
    <org.openmrs.module.metadatasharing.Item id="454" uuid="c68e9a39-6a75-3564-9ada-5de647272367">
      <id>13673</id>
      <classname>org.openmrs.ConceptReferenceTerm</classname>
      <dateChanged id="455">2012-01-24 00:00:00</dateChanged>
      <retired>false</retired>
    </org.openmrs.module.metadatasharing.Item>
    <org.openmrs.module.metadatasharing.Item id="456" uuid="b25781ee-4864-102e-96e9-000c29c2a5d7">
      <id>2620</id>
      <classname>org.openmrs.ConceptMap</classname>
      <dateChanged id="457">2012-06-21 16:49:52</dateChanged>
    </org.openmrs.module.metadatasharing.Item>
    <org.openmrs.module.metadatasharing.Item id="458" uuid="6583f55a-3ebf-32e8-a735-90ff9b634de9">
      <id>2620</id>
      <classname>org.openmrs.ConceptReferenceTerm</classname>
      <dateChanged id="459">2010-11-23 00:00:00</dateChanged>
      <retired>false</retired>
    </org.openmrs.module.metadatasharing.Item>
    <org.openmrs.module.metadatasharing.Item id="460" uuid="0b1f0ae8-15f5-102d-96e4-000c29c2a5d7">
      <id>4918</id>
      <classname>org.openmrs.ConceptAnswer</classname>
      <dateChanged id="461">2008-06-30 09:01:36</dateChanged>
    </org.openmrs.module.metadatasharing.Item>
    <org.openmrs.module.metadatasharing.Item id="462" uuid="3cdefc92-26fe-102b-80cb-0017a47871b2">
      <id>1903</id>
      <classname>org.openmrs.Concept</classname>
      <dateChanged id="463">2011-03-21 14:58:18</dateChanged>
      <retired>false</retired>
    </org.openmrs.module.metadatasharing.Item>
    <org.openmrs.module.metadatasharing.Item id="464" uuid="3d7297ae-26fe-102b-80cb-0017a47871b2">
      <id>18</id>
      <classname>org.openmrs.ConceptClass</classname>
      <dateChanged id="465">2006-08-16 02:04:43</dateChanged>
      <retired>false</retired>
    </org.openmrs.module.metadatasharing.Item>
    <org.openmrs.module.metadatasharing.Item id="466" uuid="93b806dc-07d4-102c-b5fa-0017a47871b2">
      <id>5719</id>
      <classname>org.openmrs.ConceptName</classname>
      <dateChanged id="467">2007-04-30 22:16:01</dateChanged>
    </org.openmrs.module.metadatasharing.Item>
    <org.openmrs.module.metadatasharing.Item id="468" uuid="0b6342d0-15f5-102d-96e4-000c29c2a5d7">
      <id>2070</id>
      <classname>org.openmrs.ConceptName</classname>
      <dateChanged id="469">2007-04-30 22:16:01</dateChanged>
    </org.openmrs.module.metadatasharing.Item>
    <org.openmrs.module.metadatasharing.Item id="470" uuid="f64f77a4-d5db-102d-ad2a-000c29c2a5d7">
      <id>11401</id>
      <classname>org.openmrs.ConceptName</classname>
      <dateChanged id="471">2010-06-29 13:04:00</dateChanged>
    </org.openmrs.module.metadatasharing.Item>
    <org.openmrs.module.metadatasharing.Item id="472" uuid="7578d19e-4943-102e-96e9-000c29c2a5d7">
      <id>7723</id>
      <classname>org.openmrs.ConceptMap</classname>
      <dateChanged id="473">2012-06-21 16:49:52</dateChanged>
    </org.openmrs.module.metadatasharing.Item>
    <org.openmrs.module.metadatasharing.Item id="474" uuid="f2925017-e27c-3eff-8a71-7edd44cc14d8">
      <id>7723</id>
      <classname>org.openmrs.ConceptReferenceTerm</classname>
      <dateChanged id="475">2010-11-24 00:00:00</dateChanged>
      <retired>false</retired>
    </org.openmrs.module.metadatasharing.Item>
    <org.openmrs.module.metadatasharing.Item id="476" uuid="b21e7624-4864-102e-96e9-000c29c2a5d7">
      <id>1905</id>
      <classname>org.openmrs.ConceptMap</classname>
      <dateChanged id="477">2012-06-21 16:49:52</dateChanged>
    </org.openmrs.module.metadatasharing.Item>
    <org.openmrs.module.metadatasharing.Item id="478" uuid="d48facb8-4257-347e-a2c3-874232aaac61">
      <id>1905</id>
      <classname>org.openmrs.ConceptReferenceTerm</classname>
      <dateChanged id="479">2010-11-23 00:00:00</dateChanged>
      <retired>false</retired>
    </org.openmrs.module.metadatasharing.Item>
    <org.openmrs.module.metadatasharing.Item id="480" uuid="0b1f0bc4-15f5-102d-96e4-000c29c2a5d7">
      <id>4919</id>
      <classname>org.openmrs.ConceptAnswer</classname>
      <dateChanged id="481">2008-06-30 09:01:36</dateChanged>
    </org.openmrs.module.metadatasharing.Item>
    <org.openmrs.module.metadatasharing.Item id="482" uuid="3cdef832-26fe-102b-80cb-0017a47871b2">
      <id>1900</id>
      <classname>org.openmrs.Concept</classname>
      <dateChanged id="483">2011-03-21 14:58:18</dateChanged>
      <retired>false</retired>
    </org.openmrs.module.metadatasharing.Item>
    <org.openmrs.module.metadatasharing.Item id="484" uuid="0b633fa6-15f5-102d-96e4-000c29c2a5d7">
      <id>2067</id>
      <classname>org.openmrs.ConceptName</classname>
      <dateChanged id="485">2007-04-30 22:12:13</dateChanged>
    </org.openmrs.module.metadatasharing.Item>
    <org.openmrs.module.metadatasharing.Item id="486" uuid="f64f1228-d5db-102d-ad2a-000c29c2a5d7">
      <id>11398</id>
      <classname>org.openmrs.ConceptName</classname>
      <dateChanged id="487">2010-06-29 13:04:00</dateChanged>
    </org.openmrs.module.metadatasharing.Item>
    <org.openmrs.module.metadatasharing.Item id="488" uuid="93b7fa98-07d4-102c-b5fa-0017a47871b2">
      <id>5716</id>
      <classname>org.openmrs.ConceptName</classname>
      <dateChanged id="489">2007-04-30 22:12:13</dateChanged>
    </org.openmrs.module.metadatasharing.Item>
    <org.openmrs.module.metadatasharing.Item id="490" uuid="b21e7142-4864-102e-96e9-000c29c2a5d7">
      <id>1902</id>
      <classname>org.openmrs.ConceptMap</classname>
      <dateChanged id="491">2012-06-21 16:49:52</dateChanged>
    </org.openmrs.module.metadatasharing.Item>
    <org.openmrs.module.metadatasharing.Item id="492" uuid="7661ecdb-cbeb-3992-8e4c-fe990bc76eb2">
      <id>1902</id>
      <classname>org.openmrs.ConceptReferenceTerm</classname>
      <dateChanged id="493">2010-11-23 00:00:00</dateChanged>
      <retired>false</retired>
    </org.openmrs.module.metadatasharing.Item>
    <org.openmrs.module.metadatasharing.Item id="494" uuid="7578ccbc-4943-102e-96e9-000c29c2a5d7">
      <id>7720</id>
      <classname>org.openmrs.ConceptMap</classname>
      <dateChanged id="495">2012-06-21 16:49:52</dateChanged>
    </org.openmrs.module.metadatasharing.Item>
    <org.openmrs.module.metadatasharing.Item id="496" uuid="555d552d-6836-3d24-a9fb-889d17324f05">
      <id>7720</id>
      <classname>org.openmrs.ConceptReferenceTerm</classname>
      <dateChanged id="497">2010-11-24 00:00:00</dateChanged>
      <retired>false</retired>
    </org.openmrs.module.metadatasharing.Item>
    <org.openmrs.module.metadatasharing.Item id="498" uuid="0b1f0ca0-15f5-102d-96e4-000c29c2a5d7">
      <id>4920</id>
      <classname>org.openmrs.ConceptAnswer</classname>
      <dateChanged id="499">2008-06-30 09:01:36</dateChanged>
    </org.openmrs.module.metadatasharing.Item>
    <org.openmrs.module.metadatasharing.Item id="500" uuid="3cdf0106-26fe-102b-80cb-0017a47871b2">
      <id>1906</id>
      <classname>org.openmrs.Concept</classname>
      <dateChanged id="501">2007-04-30 22:19:59</dateChanged>
      <retired>false</retired>
    </org.openmrs.module.metadatasharing.Item>
    <org.openmrs.module.metadatasharing.Item id="502" uuid="0b6345aa-15f5-102d-96e4-000c29c2a5d7">
      <id>2073</id>
      <classname>org.openmrs.ConceptName</classname>
      <dateChanged id="503">2007-04-30 22:19:59</dateChanged>
    </org.openmrs.module.metadatasharing.Item>
    <org.openmrs.module.metadatasharing.Item id="504" uuid="f64fd578-d5db-102d-ad2a-000c29c2a5d7">
      <id>11404</id>
      <classname>org.openmrs.ConceptName</classname>
      <dateChanged id="505">2010-06-29 13:04:00</dateChanged>
    </org.openmrs.module.metadatasharing.Item>
    <org.openmrs.module.metadatasharing.Item id="506" uuid="93b816ae-07d4-102c-b5fa-0017a47871b2">
      <id>5722</id>
      <classname>org.openmrs.ConceptName</classname>
      <dateChanged id="507">2007-04-30 22:19:59</dateChanged>
    </org.openmrs.module.metadatasharing.Item>
    <org.openmrs.module.metadatasharing.Item id="508" uuid="b21e7aca-4864-102e-96e9-000c29c2a5d7">
      <id>1908</id>
      <classname>org.openmrs.ConceptMap</classname>
      <dateChanged id="509">2012-06-21 16:49:52</dateChanged>
    </org.openmrs.module.metadatasharing.Item>
    <org.openmrs.module.metadatasharing.Item id="510" uuid="6b916fe5-561b-3d45-998f-e004a0c8f9f4">
      <id>1908</id>
      <classname>org.openmrs.ConceptReferenceTerm</classname>
      <dateChanged id="511">2010-11-23 00:00:00</dateChanged>
      <retired>false</retired>
    </org.openmrs.module.metadatasharing.Item>
    <org.openmrs.module.metadatasharing.Item id="512" uuid="7578d5fe-4943-102e-96e9-000c29c2a5d7">
      <id>7726</id>
      <classname>org.openmrs.ConceptMap</classname>
      <dateChanged id="513">2012-06-21 16:49:52</dateChanged>
    </org.openmrs.module.metadatasharing.Item>
    <org.openmrs.module.metadatasharing.Item id="514" uuid="4ded6bbe-39b2-37aa-8409-d613fe30cd8f">
      <id>7726</id>
      <classname>org.openmrs.ConceptReferenceTerm</classname>
      <dateChanged id="515">2010-11-24 00:00:00</dateChanged>
      <retired>false</retired>
    </org.openmrs.module.metadatasharing.Item>
    <org.openmrs.module.metadatasharing.Item id="516" uuid="0b1f0d7c-15f5-102d-96e4-000c29c2a5d7">
      <id>4921</id>
      <classname>org.openmrs.ConceptAnswer</classname>
      <dateChanged id="517">2008-06-30 09:04:42</dateChanged>
    </org.openmrs.module.metadatasharing.Item>
    <org.openmrs.module.metadatasharing.Item id="518" uuid="1b8d3cfc-1a36-4a8e-8dbd-47da53a54bee">
      <id>3399</id>
      <classname>org.openmrs.Concept</classname>
      <dateChanged id="519">2008-06-30 09:04:20</dateChanged>
      <retired>false</retired>
    </org.openmrs.module.metadatasharing.Item>
    <org.openmrs.module.metadatasharing.Item id="520" uuid="0b76e09c-15f5-102d-96e4-000c29c2a5d7">
      <id>4751</id>
      <classname>org.openmrs.ConceptName</classname>
      <dateChanged id="521">2008-06-30 09:04:20</dateChanged>
    </org.openmrs.module.metadatasharing.Item>
    <org.openmrs.module.metadatasharing.Item id="522" uuid="f703dcee-d5db-102d-ad2a-000c29c2a5d7">
      <id>12910</id>
      <classname>org.openmrs.ConceptName</classname>
      <dateChanged id="523">2010-06-29 13:04:47</dateChanged>
    </org.openmrs.module.metadatasharing.Item>
    <org.openmrs.module.metadatasharing.Item id="524" uuid="0b820d6e-15f5-102d-96e4-000c29c2a5d7">
      <id>6535</id>
      <classname>org.openmrs.ConceptName</classname>
      <dateChanged id="525">2008-06-30 09:04:20</dateChanged>
    </org.openmrs.module.metadatasharing.Item>
    <org.openmrs.module.metadatasharing.Item id="526" uuid="ed24dea0-07fe-102c-b5fa-0017a47871b2">
      <id>4138</id>
      <classname>org.openmrs.ConceptDescription</classname>
      <dateChanged id="527">2008-06-30 09:04:20</dateChanged>
    </org.openmrs.module.metadatasharing.Item>
    <org.openmrs.module.metadatasharing.Item id="528" uuid="759f2650-4943-102e-96e9-000c29c2a5d7">
      <id>9188</id>
      <classname>org.openmrs.ConceptMap</classname>
      <dateChanged id="529">2012-06-21 16:49:52</dateChanged>
    </org.openmrs.module.metadatasharing.Item>
    <org.openmrs.module.metadatasharing.Item id="530" uuid="26666149-9179-3d39-b586-ce7fac4f8d10">
      <id>9188</id>
      <classname>org.openmrs.ConceptReferenceTerm</classname>
      <dateChanged id="531">2010-11-24 00:00:00</dateChanged>
      <retired>false</retired>
    </org.openmrs.module.metadatasharing.Item>
    <org.openmrs.module.metadatasharing.Item id="532" uuid="b25d6af0-4864-102e-96e9-000c29c2a5d7">
      <id>3401</id>
      <classname>org.openmrs.ConceptMap</classname>
      <dateChanged id="533">2012-06-21 16:49:52</dateChanged>
    </org.openmrs.module.metadatasharing.Item>
    <org.openmrs.module.metadatasharing.Item id="534" uuid="0d6d2700-e3ac-35f2-a20a-eee39701352d">
      <id>3401</id>
      <classname>org.openmrs.ConceptReferenceTerm</classname>
      <dateChanged id="535">2010-11-23 00:00:00</dateChanged>
      <retired>false</retired>
    </org.openmrs.module.metadatasharing.Item>
    <org.openmrs.module.metadatasharing.Item id="536" uuid="0b1f0e58-15f5-102d-96e4-000c29c2a5d7">
      <id>4922</id>
      <classname>org.openmrs.ConceptAnswer</classname>
      <dateChanged id="537">2008-06-30 09:04:42</dateChanged>
    </org.openmrs.module.metadatasharing.Item>
    <org.openmrs.module.metadatasharing.Item id="538" uuid="c01fdf9e-b32b-4f18-b1ee-97db3e7dbd78">
      <id>3398</id>
      <classname>org.openmrs.Concept</classname>
      <dateChanged id="539">2008-06-30 09:03:47</dateChanged>
      <retired>false</retired>
    </org.openmrs.module.metadatasharing.Item>
    <org.openmrs.module.metadatasharing.Item id="540" uuid="0b76deee-15f5-102d-96e4-000c29c2a5d7">
      <id>4750</id>
      <classname>org.openmrs.ConceptName</classname>
      <dateChanged id="541">2008-06-30 09:03:47</dateChanged>
    </org.openmrs.module.metadatasharing.Item>
    <org.openmrs.module.metadatasharing.Item id="542" uuid="f703c3e4-d5db-102d-ad2a-000c29c2a5d7">
      <id>12909</id>
      <classname>org.openmrs.ConceptName</classname>
      <dateChanged id="543">2010-06-29 13:04:47</dateChanged>
    </org.openmrs.module.metadatasharing.Item>
    <org.openmrs.module.metadatasharing.Item id="544" uuid="ed24dcac-07fe-102c-b5fa-0017a47871b2">
      <id>4137</id>
      <classname>org.openmrs.ConceptDescription</classname>
      <dateChanged id="545">2008-06-30 09:03:47</dateChanged>
    </org.openmrs.module.metadatasharing.Item>
    <org.openmrs.module.metadatasharing.Item id="546" uuid="b25d6974-4864-102e-96e9-000c29c2a5d7">
      <id>3400</id>
      <classname>org.openmrs.ConceptMap</classname>
      <dateChanged id="547">2012-06-21 16:49:52</dateChanged>
    </org.openmrs.module.metadatasharing.Item>
    <org.openmrs.module.metadatasharing.Item id="548" uuid="ade43ea9-ebbf-3f03-a4a0-22750b6ab20c">
      <id>3400</id>
      <classname>org.openmrs.ConceptReferenceTerm</classname>
      <dateChanged id="549">2010-11-23 00:00:00</dateChanged>
      <retired>false</retired>
    </org.openmrs.module.metadatasharing.Item>
    <org.openmrs.module.metadatasharing.Item id="550" uuid="759f24f2-4943-102e-96e9-000c29c2a5d7">
      <id>9187</id>
      <classname>org.openmrs.ConceptMap</classname>
      <dateChanged id="551">2012-06-21 16:49:52</dateChanged>
    </org.openmrs.module.metadatasharing.Item>
    <org.openmrs.module.metadatasharing.Item id="552" uuid="0b14ee97-e858-3bd8-b047-7873741ffe48">
      <id>9187</id>
      <classname>org.openmrs.ConceptReferenceTerm</classname>
      <dateChanged id="553">2010-11-24 00:00:00</dateChanged>
      <retired>false</retired>
    </org.openmrs.module.metadatasharing.Item>
    <org.openmrs.module.metadatasharing.Item id="554" uuid="ecd66220-07fe-102c-b5fa-0017a47871b2">
      <id>13</id>
      <classname>org.openmrs.ConceptDescription</classname>
      <dateChanged id="555">2004-01-01 00:00:00</dateChanged>
    </org.openmrs.module.metadatasharing.Item>
    <org.openmrs.module.metadatasharing.Item id="556" uuid="737fcbc2-4943-102e-96e9-000c29c2a5d7">
      <id>6017</id>
      <classname>org.openmrs.ConceptMap</classname>
      <dateChanged id="557">2012-06-21 16:49:52</dateChanged>
    </org.openmrs.module.metadatasharing.Item>
    <org.openmrs.module.metadatasharing.Item id="558" uuid="e5b47653-f2ad-3485-915b-10ed923cab16">
      <id>6017</id>
      <classname>org.openmrs.ConceptReferenceTerm</classname>
      <dateChanged id="559">2010-11-24 00:00:00</dateChanged>
      <retired>false</retired>
    </org.openmrs.module.metadatasharing.Item>
    <org.openmrs.module.metadatasharing.Item id="560" uuid="b1c12d8e-4864-102e-96e9-000c29c2a5d7">
      <id>14</id>
      <classname>org.openmrs.ConceptMap</classname>
      <dateChanged id="561">2012-06-21 16:49:52</dateChanged>
    </org.openmrs.module.metadatasharing.Item>
    <org.openmrs.module.metadatasharing.Item id="562" uuid="d170f1d7-d16c-3c78-9f43-daa873008308">
      <id>14</id>
      <classname>org.openmrs.ConceptReferenceTerm</classname>
      <dateChanged id="563">2010-11-23 00:00:00</dateChanged>
      <retired>false</retired>
    </org.openmrs.module.metadatasharing.Item>
    <org.openmrs.module.metadatasharing.Item id="564" uuid="3e127062-26fe-102b-80cb-0017a47871b2">
      <id>865</id>
      <classname>org.openmrs.ConceptName</classname>
      <dateChanged id="565">2004-05-05 00:00:00</dateChanged>
    </org.openmrs.module.metadatasharing.Item>
    <org.openmrs.module.metadatasharing.Item id="566" uuid="94aa6abc-07d4-102c-b5fa-0017a47871b2">
      <id>6999</id>
      <classname>org.openmrs.ConceptName</classname>
      <dateChanged id="567">2005-02-18 14:46:34</dateChanged>
    </org.openmrs.module.metadatasharing.Item>
    <org.openmrs.module.metadatasharing.Item id="568" uuid="f5acf664-d5db-102d-ad2a-000c29c2a5d7">
      <id>10391</id>
      <classname>org.openmrs.ConceptName</classname>
      <dateChanged id="569">2010-06-29 13:03:15</dateChanged>
    </org.openmrs.module.metadatasharing.Item>
    <org.openmrs.module.metadatasharing.Item id="570" uuid="3d3917a4-26fe-102b-80cb-0017a47871b2">
      <id>47</id>
      <classname>org.openmrs.ConceptAnswer</classname>
      <dateChanged id="571">2005-02-18 14:45:07</dateChanged>
    </org.openmrs.module.metadatasharing.Item>
    <org.openmrs.module.metadatasharing.Item id="572" uuid="3d3918f8-26fe-102b-80cb-0017a47871b2">
      <id>48</id>
      <classname>org.openmrs.ConceptAnswer</classname>
      <dateChanged id="573">2005-02-18 14:45:07</dateChanged>
    </org.openmrs.module.metadatasharing.Item>
    <org.openmrs.module.metadatasharing.Item id="574" uuid="ece11648-07fe-102c-b5fa-0017a47871b2">
      <id>854</id>
      <classname>org.openmrs.ConceptDescription</classname>
      <dateChanged id="575">2004-05-05 00:00:00</dateChanged>
    </org.openmrs.module.metadatasharing.Item>
    <org.openmrs.module.metadatasharing.Item id="576" uuid="b20a2c78-4864-102e-96e9-000c29c2a5d7">
      <id>848</id>
      <classname>org.openmrs.ConceptMap</classname>
      <dateChanged id="577">2012-06-21 16:49:52</dateChanged>
    </org.openmrs.module.metadatasharing.Item>
    <org.openmrs.module.metadatasharing.Item id="578" uuid="2855ee3b-389a-3f3a-91d2-3159bbde2090">
      <id>848</id>
      <classname>org.openmrs.ConceptReferenceTerm</classname>
      <dateChanged id="579">2010-11-23 00:00:00</dateChanged>
      <retired>false</retired>
    </org.openmrs.module.metadatasharing.Item>
    <org.openmrs.module.metadatasharing.Item id="580" uuid="7533a18c-4943-102e-96e9-000c29c2a5d7">
      <id>6762</id>
      <classname>org.openmrs.ConceptMap</classname>
      <dateChanged id="581">2012-06-21 16:49:52</dateChanged>
    </org.openmrs.module.metadatasharing.Item>
    <org.openmrs.module.metadatasharing.Item id="582" uuid="c8809f32-6435-3fac-94c4-2a3fdfd60638">
      <id>6762</id>
      <classname>org.openmrs.ConceptReferenceTerm</classname>
      <dateChanged id="583">2010-11-24 00:00:00</dateChanged>
      <retired>false</retired>
    </org.openmrs.module.metadatasharing.Item>
  </relatedItems>
</package>
