<?xml version="1.0" encoding="UTF-8"?>
<package id="1" uuid="c8299d61-7f65-4c39-b5dd-f2a82950b994">
  <dateCreated id="2">2012-10-23 17:47:04</dateCreated>
  <name>Mirebalais Hospital locations</name>
  <description>Good experiment for locations</description>
  <openmrsVersion>1.9.2 SNAPSHOT Build 29053</openmrsVersion>
  <version>3</version>
  <groupUuid>32d52080-13fa-413e-a23e-6ff9a23c7a69</groupUuid>
  <modules id="3">
    <entry>
      <string>uilibrary</string>
      <string>1.4-SNAPSHOT</string>
    </entry>
    <entry>
      <string>uiframework</string>
      <string>1.7</string>
    </entry>
    <entry>
      <string>validation</string>
      <string>1.0.1</string>
    </entry>
    <entry>
      <string>htmlformentry</string>
      <string>1.10.0</string>
    </entry>
    <entry>
      <string>metadatasharing</string>
      <string>1.1-SNAPSHOT</string>
    </entry>
    <entry>
      <string>logic</string>
      <string>0.5.2</string>
    </entry>
    <entry>
      <string>serialization.xstream</string>
      <string>0.2.7</string>
    </entry>
  </modules>
  <items class="linked-hash-set" id="4">
    <org.openmrs.module.metadatasharing.Item id="5" uuid="a084f714-a536-473b-94e6-ec317b152b43">
      <id>55</id>
      <classname>org.openmrs.Location</classname>
      <dateChanged id="6">2012-07-16 14:59:16</dateChanged>
      <retired>false</retired>
    </org.openmrs.module.metadatasharing.Item>
  </items>
  <relatedItems class="linked-hash-set" id="7">
    <org.openmrs.module.metadatasharing.Item id="8" uuid="f3a5586e-f06c-4dfb-96b0-6f3451a35e90">
      <id>63</id>
      <classname>org.openmrs.Location</classname>
      <dateChanged id="9">2012-09-24 17:10:31</dateChanged>
      <retired>false</retired>
    </org.openmrs.module.metadatasharing.Item>
    <org.openmrs.module.metadatasharing.Item id="10" uuid="199e7d87-92a0-4398-a0f8-11d012178164">
      <id>61</id>
      <classname>org.openmrs.Location</classname>
      <dateChanged id="11">2012-09-24 17:07:04</dateChanged>
      <retired>false</retired>
    </org.openmrs.module.metadatasharing.Item>
    <org.openmrs.module.metadatasharing.Item id="12" uuid="9b2066a2-7087-47f6-9b3a-b001037432a3">
      <id>62</id>
      <classname>org.openmrs.Location</classname>
      <dateChanged id="13">2012-09-24 17:08:58</dateChanged>
      <retired>false</retired>
    </org.openmrs.module.metadatasharing.Item>
    <org.openmrs.module.metadatasharing.Item id="14" uuid="71c99f93-bc0c-4a44-b573-a7ac096ff636">
      <id>1</id>
      <classname>org.openmrs.LocationTag</classname>
      <dateChanged id="15">2012-10-09 19:01:33</dateChanged>
      <retired>false</retired>
    </org.openmrs.module.metadatasharing.Item>
    <org.openmrs.module.metadatasharing.Item id="16" uuid="0967d73d-f3c9-492b-abed-356478610a94">
      <id>2</id>
      <classname>org.openmrs.LocationTag</classname>
      <dateChanged id="17">2012-10-23 16:13:45</dateChanged>
      <retired>false</retired>
    </org.openmrs.module.metadatasharing.Item>
  </relatedItems>
</package>
