<?xml version="1.0" encoding="UTF-8"?>
<list id="1">
  <org.openmrs.Location id="2" uuid="272bd989-a8ee-4a16-b5aa-55bad4e84f5c">
    <name>Antepartum ward</name>
    <description>Antepartum ward at Mirebalais Hospital (Before giving birth)</description>
    <creator/>
    <dateCreated id="3">2012-11-13 19:03:36</dateCreated>
    <retired>false</retired>
    <attributes id="4"/>
    <locationId>77</locationId>
    <parentLocation id="5" resolves-to="org.openmrs.Location" uuid="a084f714-a536-473b-94e6-ec317b152b43">
      <name>Mirebalais Hospital</name>
      <description>Mirebalais (MoH code 62101)</description>
      <creator/>
      <dateCreated id="7">2012-07-16 14:59:16</dateCreated>
      <retired>false</retired>
      <attributes id="8">
        <org.openmrs.LocationAttribute id="9" uuid="19cddbbe-fe82-448f-b2ab-95c4b73bc6f5">
          <creator/>
          <dateCreated id="10">2012-12-07 20:46:44</dateCreated>
          <voided>false</voided>
          <owner class="org.openmrs.Location" reference="5"/>
          <attributeType class="org.openmrs.LocationAttributeType" id="11" uuid="a5fb5770-409a-11e2-a25f-0800200c9a66">
            <name>Name to print on ID card</name>
            <description>The name to use when printing a location on an id card</description>
            <creator/>
            <dateCreated id="12">2012-12-07 15:22:34</dateCreated>
            <retired>false</retired>
            <minOccurs>0</minOccurs>
            <maxOccurs>1</maxOccurs>
            <datatypeClassname>org.openmrs.customdatatype.datatype.FreeTextDatatype</datatypeClassname>
            <locationAttributeTypeId>1</locationAttributeTypeId>
          </attributeType>
          <valueReference>Mirebalais</valueReference>
          <locationAttributeId>1</locationAttributeId>
        </org.openmrs.LocationAttribute>
      </attributes>
      <locationId>55</locationId>
      <cityVillage>Mirebalais</cityVillage>
      <stateProvince>Centre</stateProvince>
      <country>Haiti</country>
      <childLocations id="13">
        <org.openmrs.Location id="14" uuid="53cd4959-5f4d-4ddc-9971-7fc27e0b7946">
          <name>Main laboratory</name>
          <description>Main laboratory at Mirebalais Hospital</description>
          <creator/>
          <dateCreated id="15">2012-11-13 19:05:53</dateCreated>
          <retired>false</retired>
          <attributes id="16"/>
          <locationId>83</locationId>
          <parentLocation reference="5"/>
          <childLocations id="17"/>
          <tags id="18">
            <org.openmrs.LocationTag id="19" uuid="b8bbf83e-645f-451f-8efe-a0db56f09676">
              <name>Login Location</name>
              <description>When a user logs in and chooses a session location, they may only choose one with this tag</description>
              <creator/>
              <dateCreated id="20">2012-11-03 21:39:44</dateCreated>
              <retired>false</retired>
              <locationTagId>3</locationTagId>
            </org.openmrs.LocationTag>
          </tags>
        </org.openmrs.Location>
        <org.openmrs.Location id="21" uuid="950852f3-8a96-4d82-a5f8-a68a92043164">
          <name>Postpartum ward</name>
          <description>Postpartum ward at Mirebalais Hospital (After giving birth)</description>
          <creator/>
          <dateCreated id="22">2012-11-13 19:04:06</dateCreated>
          <retired>false</retired>
          <attributes id="23"/>
          <locationId>78</locationId>
          <parentLocation reference="5"/>
          <childLocations id="24"/>
          <tags id="25">
            <org.openmrs.LocationTag reference="19"/>
          </tags>
        </org.openmrs.Location>
        <org.openmrs.Location id="26" uuid="9b2066a2-7087-47f6-9b3a-b001037432a3">
          <name>Womens clinic</name>
          <description>Women&apos;s Outpatient clinic at Mirebalais Hospital (Sante Fanm).</description>
          <creator/>
          <dateCreated id="27">2012-09-24 17:08:58</dateCreated>
          <retired>false</retired>
          <attributes id="28"/>
          <locationId>62</locationId>
          <parentLocation reference="5"/>
          <childLocations id="29"/>
          <tags id="30">
            <org.openmrs.LocationTag reference="19"/>
          </tags>
        </org.openmrs.Location>
        <org.openmrs.Location id="31" uuid="cfe92278-0181-4315-ab7d-1731753120f0">
          <name>Radiology</name>
          <description>Radiology at Mirebalais Hospital</description>
          <creator/>
          <dateCreated id="32">2012-11-13 19:14:22</dateCreated>
          <retired>false</retired>
          <attributes id="33"/>
          <locationId>85</locationId>
          <parentLocation reference="5"/>
          <childLocations id="34"/>
          <tags id="35">
            <org.openmrs.LocationTag reference="19"/>
          </tags>
        </org.openmrs.Location>
        <org.openmrs.Location id="36" uuid="f3a5586e-f06c-4dfb-96b0-6f3451a35e90">
          <name>Emergency</name>
          <description>Emergency room at Mirebalais Hospital (Ijans)</description>
          <creator/>
          <dateCreated id="37">2012-09-24 17:10:31</dateCreated>
          <retired>false</retired>
          <attributes id="38"/>
          <locationId>63</locationId>
          <parentLocation reference="5"/>
          <childLocations id="39"/>
          <tags id="40">
            <org.openmrs.LocationTag reference="19"/>
          </tags>
        </org.openmrs.Location>
        <org.openmrs.Location id="41" uuid="109a13a9-029d-498d-b66e-bab5eb396996">
          <name>Pre-op/PACU</name>
          <description>Pre-op/PACU at Mirebalais Hospital (Before surgery, and Post-Anesthesia Care Unit)</description>
          <creator/>
          <dateCreated id="42">2012-11-13 19:02:22</dateCreated>
          <retired>false</retired>
          <attributes id="43"/>
          <locationId>74</locationId>
          <parentLocation reference="5"/>
          <childLocations id="44"/>
          <tags id="45">
            <org.openmrs.LocationTag reference="19"/>
          </tags>
        </org.openmrs.Location>
        <org.openmrs.Location id="46" uuid="199e7d87-92a0-4398-a0f8-11d012178164">
          <name>Outpatient clinic</name>
          <description>The outpatient clinic at Mirebalais Hospital (Klinik Extern).</description>
          <creator/>
          <dateCreated id="47">2012-09-24 17:07:04</dateCreated>
          <retired>false</retired>
          <attributes id="48"/>
          <locationId>61</locationId>
          <parentLocation reference="5"/>
          <childLocations id="49"/>
          <tags id="50">
            <org.openmrs.LocationTag reference="19"/>
          </tags>
        </org.openmrs.Location>
        <org.openmrs.Location id="51" uuid="29437276-aeae-4ea8-8219-720886cdc87f">
          <name>Isolation</name>
          <description>Isolation at Mirebalais Hospital</description>
          <creator/>
          <dateCreated id="52">2012-11-13 19:05:26</dateCreated>
          <retired>false</retired>
          <attributes id="53"/>
          <locationId>82</locationId>
          <parentLocation reference="5"/>
          <childLocations id="54"/>
          <tags id="55">
            <org.openmrs.LocationTag reference="19"/>
          </tags>
        </org.openmrs.Location>
        <org.openmrs.Location id="56" uuid="4f2d9af1-7eec-4228-bbd6-7b0774c6c267">
          <name>Dental</name>
          <description>Dental clinic at Mirebalais Hospital (Dental Clinic).</description>
          <creator/>
          <dateCreated id="57">2012-11-13 15:14:40</dateCreated>
          <retired>false</retired>
          <attributes id="58"/>
          <locationId>65</locationId>
          <parentLocation reference="5"/>
          <childLocations id="59"/>
          <tags id="60">
            <org.openmrs.LocationTag reference="19"/>
          </tags>
        </org.openmrs.Location>
        <org.openmrs.Location id="61" uuid="3b6f010b-5d44-4ded-85b3-70ea7ba79fd5">
          <name>Men’s Internal Medicine A</name>
          <description>Men’s Internal Medicine A at Mirebalais Hospital (1st Inpatient ward for men)</description>
          <creator/>
          <dateCreated id="62">2012-11-13 18:54:56</dateCreated>
          <retired>false</retired>
          <attributes id="63"/>
          <locationId>66</locationId>
          <parentLocation reference="5"/>
          <childLocations id="64"/>
          <tags id="65">
            <org.openmrs.LocationTag reference="19"/>
          </tags>
        </org.openmrs.Location>
        <org.openmrs.Location id="66" uuid="a296d225-0312-4ce5-836c-cb2d8e952f47">
          <name>Men’s Internal Medicine B</name>
          <description>Men’s Internal Medicine B at Mirebalais Hospital (2nd Inpatient ward for men)</description>
          <creator/>
          <dateCreated id="67">2012-11-13 18:56:58</dateCreated>
          <retired>false</retired>
          <attributes id="68"/>
          <locationId>67</locationId>
          <parentLocation reference="5"/>
          <childLocations id="69"/>
          <tags id="70">
            <org.openmrs.LocationTag reference="19"/>
          </tags>
        </org.openmrs.Location>
        <org.openmrs.Location id="71" uuid="e752ec51-5633-489f-aef1-01f285c03f38">
          <name>Pediatrics B</name>
          <description>Pediatrics B at Mirebalais Hospital (2nd Inpatient ward for children)</description>
          <creator/>
          <dateCreated id="72">2012-11-13 19:01:13</dateCreated>
          <retired>false</retired>
          <attributes id="73"/>
          <locationId>71</locationId>
          <parentLocation reference="5"/>
          <childLocations id="74"/>
          <tags id="75">
            <org.openmrs.LocationTag reference="19"/>
          </tags>
        </org.openmrs.Location>
        <org.openmrs.Location id="76" uuid="8e4e930b-e801-44c5-8895-e7ef6feb6d73">
          <name>Women’s Internal Medicine A</name>
          <description>Women’s Internal Medicine A at Mirebalais Hospital (1st Inpatient ward for women)</description>
          <creator/>
          <dateCreated id="77">2012-11-13 19:00:00</dateCreated>
          <retired>false</retired>
          <attributes id="78"/>
          <locationId>68</locationId>
          <parentLocation reference="5"/>
          <childLocations id="79"/>
          <tags id="80">
            <org.openmrs.LocationTag reference="19"/>
          </tags>
        </org.openmrs.Location>
        <org.openmrs.Location id="81" uuid="7d6cc39d-a600-496f-a320-fd4985f07f0b">
          <name>Surgical Ward</name>
          <description>Surgical Ward at Mirebalais Hospital(Surgery)</description>
          <creator/>
          <dateCreated id="82">2012-11-13 19:02:01</dateCreated>
          <retired>false</retired>
          <attributes id="83"/>
          <locationId>73</locationId>
          <parentLocation reference="5"/>
          <childLocations id="84"/>
          <tags id="85">
            <org.openmrs.LocationTag reference="19"/>
          </tags>
        </org.openmrs.Location>
        <org.openmrs.Location id="86" uuid="ec9d2302-b525-45ce-bebe-42ea1d38b251">
          <name>Post-op GYN</name>
          <description>Post-op GYN at Mirebalais Hospital(Recovery after surgery related to gynecology)</description>
          <creator/>
          <dateCreated id="87">2012-11-13 19:04:27</dateCreated>
          <retired>false</retired>
          <attributes id="88"/>
          <locationId>79</locationId>
          <parentLocation reference="5"/>
          <childLocations id="89"/>
          <tags id="90">
            <org.openmrs.LocationTag reference="19"/>
          </tags>
        </org.openmrs.Location>
        <org.openmrs.Location id="91" uuid="dce85b2e-6946-4798-9037-d00f123df7bd">
          <name>Community Health</name>
          <description>Community Health clinic at Mirebalais Hospital (Community Health clinic).</description>
          <creator/>
          <dateCreated id="92">2012-11-13 14:14:25</dateCreated>
          <retired>false</retired>
          <attributes id="93"/>
          <locationId>64</locationId>
          <parentLocation reference="5"/>
          <childLocations id="94"/>
          <tags id="95">
            <org.openmrs.LocationTag reference="19"/>
          </tags>
        </org.openmrs.Location>
        <org.openmrs.Location id="96" uuid="e4ae2d28-d57c-42ba-b7aa-f6fcac421b2c">
          <name>Pediatrics A</name>
          <description>Pediatrics A at Mirebalais Hospital (1st Inpatient ward for children)</description>
          <creator/>
          <dateCreated id="97">2012-11-13 19:00:46</dateCreated>
          <retired>false</retired>
          <attributes id="98"/>
          <locationId>70</locationId>
          <parentLocation reference="5"/>
          <childLocations id="99"/>
          <tags id="100">
            <org.openmrs.LocationTag reference="19"/>
          </tags>
        </org.openmrs.Location>
        <org.openmrs.Location id="101" uuid="62a9500e-a1a5-4235-844f-3a8cc0765d53">
          <name>NICU</name>
          <description>NICU at Mirebalais Hospital (Neonatal Intensive Care Unit)</description>
          <creator/>
          <dateCreated id="102">2012-11-13 19:03:14</dateCreated>
          <retired>false</retired>
          <attributes id="103"/>
          <locationId>76</locationId>
          <parentLocation reference="5"/>
          <childLocations id="104"/>
          <tags id="105">
            <org.openmrs.LocationTag reference="19"/>
          </tags>
        </org.openmrs.Location>
        <org.openmrs.Location id="106" uuid="195d0af1-3887-4a28-a542-b832099fe3ee">
          <name>Women’s Internal Medicine B</name>
          <description>Women’s Internal Medicine B at Mirebalais Hospital (2nd Inpatient ward for women)</description>
          <creator/>
          <dateCreated id="107">2012-11-13 19:00:21</dateCreated>
          <retired>false</retired>
          <attributes id="108"/>
          <locationId>69</locationId>
          <parentLocation reference="5"/>
          <childLocations id="109"/>
          <tags id="110">
            <org.openmrs.LocationTag reference="19"/>
          </tags>
        </org.openmrs.Location>
        <org.openmrs.Location id="111" uuid="41736d90-12f9-4c16-b5a1-5af170b7bf2a">
          <name>Operating Rooms</name>
          <description>Operating Rooms at Mirebalais Hospital (all six operating rooms)</description>
          <creator/>
          <dateCreated id="112">2012-11-13 19:02:50</dateCreated>
          <retired>false</retired>
          <attributes id="113"/>
          <locationId>75</locationId>
          <parentLocation reference="5"/>
          <childLocations id="114"/>
          <tags id="115">
            <org.openmrs.LocationTag reference="19"/>
          </tags>
        </org.openmrs.Location>
        <org.openmrs.Location id="116" uuid="b6fcd85f-5995-43c9-875f-3bb2299087ff">
          <name>ICU</name>
          <description>ICU at Mirebalais Hospital (Intensive Care Unit)</description>
          <creator/>
          <dateCreated id="117">2012-11-13 19:01:37</dateCreated>
          <retired>false</retired>
          <attributes id="118"/>
          <locationId>72</locationId>
          <parentLocation reference="5"/>
          <childLocations id="119"/>
          <tags id="120">
            <org.openmrs.LocationTag reference="19"/>
          </tags>
        </org.openmrs.Location>
        <org.openmrs.Location id="121" uuid="dcfefcb7-163b-47e5-84ae-f715cf3e0e92">
          <name>Labor and Delivery</name>
          <description>Labor and Delivery at Mirebalais Hospital (Births)</description>
          <creator/>
          <dateCreated id="122">2012-11-13 19:04:45</dateCreated>
          <retired>false</retired>
          <attributes id="123"/>
          <locationId>80</locationId>
          <parentLocation reference="5"/>
          <childLocations id="124"/>
          <tags id="125">
            <org.openmrs.LocationTag reference="19"/>
          </tags>
        </org.openmrs.Location>
        <org.openmrs.Location id="126" uuid="0198d2c3-9c08-45b6-88df-cbb60446ef00">
          <name>Women’s Outpatient Laboratory</name>
          <description>Women’s Outpatient Laboratory at Mirebalais Hospital</description>
          <creator/>
          <dateCreated id="127">2012-11-13 19:06:18</dateCreated>
          <retired>false</retired>
          <attributes id="128"/>
          <locationId>84</locationId>
          <parentLocation reference="5"/>
          <childLocations id="129"/>
          <tags id="130">
            <org.openmrs.LocationTag reference="19"/>
          </tags>
        </org.openmrs.Location>
        <org.openmrs.Location reference="2"/>
      </childLocations>
      <tags id="131">
        <org.openmrs.LocationTag id="132" uuid="71c99f93-bc0c-4a44-b573-a7ac096ff636">
          <name>Medical Record Location</name>
          <description>Notes that this location is a valid identifier location for an identifier that references a paper medical record</description>
          <creator/>
          <dateCreated id="133">2012-10-09 19:01:33</dateCreated>
          <retired>false</retired>
          <locationTagId>1</locationTagId>
        </org.openmrs.LocationTag>
        <org.openmrs.LocationTag id="134" uuid="0967d73d-f3c9-492b-abed-356478610a94">
          <name>Visit Location</name>
          <description>Visits are only allowed to happen at locations tagged with this location tag or at locations that descend from a location tagged with this tag.</description>
          <creator/>
          <dateCreated id="135">2012-10-23 16:13:45</dateCreated>
          <retired>false</retired>
          <locationTagId>2</locationTagId>
        </org.openmrs.LocationTag>
      </tags>
    </parentLocation>
    <childLocations id="136"/>
    <tags id="137">
      <org.openmrs.LocationTag reference="19"/>
    </tags>
  </org.openmrs.Location>
  <org.openmrs.Location reference="5"/>
  <org.openmrs.Location reference="76"/>
  <org.openmrs.Location reference="21"/>
  <org.openmrs.Location reference="121"/>
  <org.openmrs.Location reference="81"/>
  <org.openmrs.Location reference="56"/>
  <org.openmrs.Location reference="14"/>
  <org.openmrs.Location reference="41"/>
  <org.openmrs.Location reference="116"/>
  <org.openmrs.Location reference="91"/>
  <org.openmrs.Location reference="86"/>
  <org.openmrs.Location reference="51"/>
  <org.openmrs.Location reference="106"/>
  <org.openmrs.Location reference="26"/>
  <org.openmrs.Location reference="61"/>
  <org.openmrs.Location reference="31"/>
  <org.openmrs.Location reference="111"/>
  <org.openmrs.Location reference="66"/>
  <org.openmrs.Location reference="36"/>
  <org.openmrs.Location reference="46"/>
  <org.openmrs.Location reference="101"/>
  <org.openmrs.Location id="138" uuid="d65eb8cf-d781-4ea8-9d9a-2b3e03c6074c">
    <name>Women’s Triage</name>
    <description>Women’s Triage at Mirebalais Hospital</description>
    <creator/>
    <dateCreated id="139">2012-11-13 19:05:07</dateCreated>
    <retired>false</retired>
    <attributes id="140"/>
    <locationId>81</locationId>
    <childLocations id="141"/>
    <tags id="142">
      <org.openmrs.LocationTag reference="19"/>
    </tags>
  </org.openmrs.Location>
  <org.openmrs.Location reference="96"/>
  <org.openmrs.Location reference="71"/>
  <org.openmrs.Location reference="126"/>
</list>
