<?xml version="1.0" encoding="UTF-8"?>
<package id="1" uuid="5075cd97-43f7-4c45-bda3-bbb1e0a51a42">
  <dateCreated id="2">2012-10-30 19:47:37</dateCreated>
  <name>Roles_and_privileges</name>
  <description>Roles of LacollineProvider, Outpatient Application User, Outpatient Application User - Supervisor, and Report User.</description>
  <openmrsVersion>1.9.2 SNAPSHOT Build 29053</openmrsVersion>
  <version>4</version>
  <groupUuid>f12f5fb8-80a8-40d0-a20e-24af2642ce4c</groupUuid>
  <modules id="3">
    <entry>
      <string>uilibrary</string>
      <string>1.4-SNAPSHOT</string>
    </entry>
    <entry>
      <string>uiframework</string>
      <string>1.7</string>
    </entry>
    <entry>
      <string>validation</string>
      <string>1.0.1</string>
    </entry>
    <entry>
      <string>htmlformentry</string>
      <string>1.10.0</string>
    </entry>
    <entry>
      <string>metadatasharing</string>
      <string>1.1-SNAPSHOT</string>
    </entry>
    <entry>
      <string>logic</string>
      <string>0.5.2</string>
    </entry>
    <entry>
      <string>serialization.xstream</string>
      <string>0.2.7</string>
    </entry>
  </modules>
  <items class="linked-hash-set" id="4">
    <org.openmrs.module.metadatasharing.Item id="5" uuid="cbfe0b9d-9923-404c-941b-f048adc8cdc0">
      <id>2</id>
      <classname>org.openmrs.EncounterRole</classname>
      <dateChanged id="6">2012-10-24 20:31:51</dateChanged>
      <retired>false</retired>
    </org.openmrs.module.metadatasharing.Item>
    <org.openmrs.module.metadatasharing.Item id="7" uuid="2107293d-d104-40d2-a7bf-d5c40e3f012e">
      <classname>org.openmrs.Role</classname>
      <retired>false</retired>
    </org.openmrs.module.metadatasharing.Item>
    <org.openmrs.module.metadatasharing.Item id="8" uuid="b9acdea9-47ce-4539-b8c0-29b7fc0846fa">
      <classname>org.openmrs.Role</classname>
      <retired>false</retired>
    </org.openmrs.module.metadatasharing.Item>
    <org.openmrs.module.metadatasharing.Item id="9" uuid="95aa33ce-2715-4f49-9d1e-22c2163f7f5d">
      <classname>org.openmrs.Role</classname>
      <retired>false</retired>
    </org.openmrs.module.metadatasharing.Item>
    <org.openmrs.module.metadatasharing.Item id="10" uuid="7d86495c-8729-4a86-87c3-8b120741c5ee">
      <classname>org.openmrs.Role</classname>
      <retired>false</retired>
    </org.openmrs.module.metadatasharing.Item>
    <org.openmrs.module.metadatasharing.Item id="11" uuid="ed54f8d7-c1ab-429b-82fb-21f36823a011">
      <classname>org.openmrs.Role</classname>
      <retired>false</retired>
    </org.openmrs.module.metadatasharing.Item>
  </items>
  <relatedItems class="linked-hash-set" id="12">
    <org.openmrs.module.metadatasharing.Item id="13" uuid="15144194-15f5-102d-96e4-000c29c2a5d7">
      <classname>org.openmrs.Privilege</classname>
      <retired>false</retired>
    </org.openmrs.module.metadatasharing.Item>
    <org.openmrs.module.metadatasharing.Item id="14" uuid="151459ea-15f5-102d-96e4-000c29c2a5d7">
      <classname>org.openmrs.Privilege</classname>
      <retired>false</retired>
    </org.openmrs.module.metadatasharing.Item>
    <org.openmrs.module.metadatasharing.Item id="15" uuid="15145706-15f5-102d-96e4-000c29c2a5d7">
      <classname>org.openmrs.Privilege</classname>
      <retired>false</retired>
    </org.openmrs.module.metadatasharing.Item>
    <org.openmrs.module.metadatasharing.Item id="16" uuid="1514526a-15f5-102d-96e4-000c29c2a5d7">
      <classname>org.openmrs.Privilege</classname>
      <retired>false</retired>
    </org.openmrs.module.metadatasharing.Item>
    <org.openmrs.module.metadatasharing.Item id="17" uuid="15145ada-15f5-102d-96e4-000c29c2a5d7">
      <classname>org.openmrs.Privilege</classname>
      <retired>false</retired>
    </org.openmrs.module.metadatasharing.Item>
    <org.openmrs.module.metadatasharing.Item id="18" uuid="1514443c-15f5-102d-96e4-000c29c2a5d7">
      <classname>org.openmrs.Privilege</classname>
      <retired>false</retired>
    </org.openmrs.module.metadatasharing.Item>
    <org.openmrs.module.metadatasharing.Item id="19" uuid="8d94f280-c2cc-11de-8d13-0010c6dffd0f">
      <classname>org.openmrs.Role</classname>
      <retired>false</retired>
    </org.openmrs.module.metadatasharing.Item>
    <org.openmrs.module.metadatasharing.Item id="20" uuid="158bf6d0-15f5-102d-96e4-000c29c2a5d7">
      <classname>org.openmrs.Role</classname>
      <retired>false</retired>
    </org.openmrs.module.metadatasharing.Item>
    <org.openmrs.module.metadatasharing.Item id="21" uuid="158bf8ba-15f5-102d-96e4-000c29c2a5d7">
      <classname>org.openmrs.Role</classname>
      <retired>false</retired>
    </org.openmrs.module.metadatasharing.Item>
    <org.openmrs.module.metadatasharing.Item id="22" uuid="158bfcb6-15f5-102d-96e4-000c29c2a5d7">
      <classname>org.openmrs.Role</classname>
      <retired>false</retired>
    </org.openmrs.module.metadatasharing.Item>
    <org.openmrs.module.metadatasharing.Item id="23" uuid="341cbb9e-0370-102d-b0e3-001ec94a0cc1">
      <classname>org.openmrs.Role</classname>
      <retired>false</retired>
    </org.openmrs.module.metadatasharing.Item>
    <org.openmrs.module.metadatasharing.Item id="24" uuid="1513c8d6-15f5-102d-96e4-000c29c2a5d7">
      <classname>org.openmrs.Privilege</classname>
      <retired>false</retired>
    </org.openmrs.module.metadatasharing.Item>
    <org.openmrs.module.metadatasharing.Item id="25" uuid="1513adec-15f5-102d-96e4-000c29c2a5d7">
      <classname>org.openmrs.Privilege</classname>
      <retired>false</retired>
    </org.openmrs.module.metadatasharing.Item>
    <org.openmrs.module.metadatasharing.Item id="26" uuid="15144bd0-15f5-102d-96e4-000c29c2a5d7">
      <classname>org.openmrs.Privilege</classname>
      <retired>false</retired>
    </org.openmrs.module.metadatasharing.Item>
    <org.openmrs.module.metadatasharing.Item id="27" uuid="1513d542-15f5-102d-96e4-000c29c2a5d7">
      <classname>org.openmrs.Privilege</classname>
      <retired>false</retired>
    </org.openmrs.module.metadatasharing.Item>
    <org.openmrs.module.metadatasharing.Item id="28" uuid="1513c700-15f5-102d-96e4-000c29c2a5d7">
      <classname>org.openmrs.Privilege</classname>
      <retired>false</retired>
    </org.openmrs.module.metadatasharing.Item>
    <org.openmrs.module.metadatasharing.Item id="29" uuid="1513a8b0-15f5-102d-96e4-000c29c2a5d7">
      <classname>org.openmrs.Privilege</classname>
      <retired>false</retired>
    </org.openmrs.module.metadatasharing.Item>
    <org.openmrs.module.metadatasharing.Item id="30" uuid="1513a158-15f5-102d-96e4-000c29c2a5d7">
      <classname>org.openmrs.Privilege</classname>
      <retired>false</retired>
    </org.openmrs.module.metadatasharing.Item>
    <org.openmrs.module.metadatasharing.Item id="31" uuid="15140080-15f5-102d-96e4-000c29c2a5d7">
      <classname>org.openmrs.Privilege</classname>
      <retired>false</retired>
    </org.openmrs.module.metadatasharing.Item>
    <org.openmrs.module.metadatasharing.Item id="32" uuid="151478d0-15f5-102d-96e4-000c29c2a5d7">
      <classname>org.openmrs.Privilege</classname>
      <retired>false</retired>
    </org.openmrs.module.metadatasharing.Item>
    <org.openmrs.module.metadatasharing.Item id="33" uuid="15144608-15f5-102d-96e4-000c29c2a5d7">
      <classname>org.openmrs.Privilege</classname>
      <retired>false</retired>
    </org.openmrs.module.metadatasharing.Item>
    <org.openmrs.module.metadatasharing.Item id="34" uuid="15146250-15f5-102d-96e4-000c29c2a5d7">
      <classname>org.openmrs.Privilege</classname>
      <retired>false</retired>
    </org.openmrs.module.metadatasharing.Item>
    <org.openmrs.module.metadatasharing.Item id="35" uuid="1513d7ea-15f5-102d-96e4-000c29c2a5d7">
      <classname>org.openmrs.Privilege</classname>
      <retired>false</retired>
    </org.openmrs.module.metadatasharing.Item>
    <org.openmrs.module.metadatasharing.Item id="36" uuid="15142a6a-15f5-102d-96e4-000c29c2a5d7">
      <classname>org.openmrs.Privilege</classname>
      <retired>false</retired>
    </org.openmrs.module.metadatasharing.Item>
    <org.openmrs.module.metadatasharing.Item id="37" uuid="15142876-15f5-102d-96e4-000c29c2a5d7">
      <classname>org.openmrs.Privilege</classname>
      <retired>false</retired>
    </org.openmrs.module.metadatasharing.Item>
    <org.openmrs.module.metadatasharing.Item id="38" uuid="1513a98c-15f5-102d-96e4-000c29c2a5d7">
      <classname>org.openmrs.Privilege</classname>
      <retired>false</retired>
    </org.openmrs.module.metadatasharing.Item>
    <org.openmrs.module.metadatasharing.Item id="39" uuid="15142c22-15f5-102d-96e4-000c29c2a5d7">
      <classname>org.openmrs.Privilege</classname>
      <retired>false</retired>
    </org.openmrs.module.metadatasharing.Item>
    <org.openmrs.module.metadatasharing.Item id="40" uuid="15142eca-15f5-102d-96e4-000c29c2a5d7">
      <classname>org.openmrs.Privilege</classname>
      <retired>false</retired>
    </org.openmrs.module.metadatasharing.Item>
    <org.openmrs.module.metadatasharing.Item id="41" uuid="15147ac4-15f5-102d-96e4-000c29c2a5d7">
      <classname>org.openmrs.Privilege</classname>
      <retired>false</retired>
    </org.openmrs.module.metadatasharing.Item>
    <org.openmrs.module.metadatasharing.Item id="42" uuid="1513f1ee-15f5-102d-96e4-000c29c2a5d7">
      <classname>org.openmrs.Privilege</classname>
      <retired>false</retired>
    </org.openmrs.module.metadatasharing.Item>
    <org.openmrs.module.metadatasharing.Item id="43" uuid="15139c76-15f5-102d-96e4-000c29c2a5d7">
      <classname>org.openmrs.Privilege</classname>
      <retired>false</retired>
    </org.openmrs.module.metadatasharing.Item>
    <org.openmrs.module.metadatasharing.Item id="44" uuid="1513f856-15f5-102d-96e4-000c29c2a5d7">
      <classname>org.openmrs.Privilege</classname>
      <retired>false</retired>
    </org.openmrs.module.metadatasharing.Item>
    <org.openmrs.module.metadatasharing.Item id="45" uuid="151446ee-15f5-102d-96e4-000c29c2a5d7">
      <classname>org.openmrs.Privilege</classname>
      <retired>false</retired>
    </org.openmrs.module.metadatasharing.Item>
    <org.openmrs.module.metadatasharing.Item id="46" uuid="15144e78-15f5-102d-96e4-000c29c2a5d7">
      <classname>org.openmrs.Privilege</classname>
      <retired>false</retired>
    </org.openmrs.module.metadatasharing.Item>
    <org.openmrs.module.metadatasharing.Item id="47" uuid="1513fb08-15f5-102d-96e4-000c29c2a5d7">
      <classname>org.openmrs.Privilege</classname>
      <retired>false</retired>
    </org.openmrs.module.metadatasharing.Item>
    <org.openmrs.module.metadatasharing.Item id="48" uuid="1513fce8-15f5-102d-96e4-000c29c2a5d7">
      <classname>org.openmrs.Privilege</classname>
      <retired>false</retired>
    </org.openmrs.module.metadatasharing.Item>
    <org.openmrs.module.metadatasharing.Item id="49" uuid="15144aea-15f5-102d-96e4-000c29c2a5d7">
      <classname>org.openmrs.Privilege</classname>
      <retired>false</retired>
    </org.openmrs.module.metadatasharing.Item>
    <org.openmrs.module.metadatasharing.Item id="50" uuid="1514452c-15f5-102d-96e4-000c29c2a5d7">
      <classname>org.openmrs.Privilege</classname>
      <retired>false</retired>
    </org.openmrs.module.metadatasharing.Item>
    <org.openmrs.module.metadatasharing.Item id="51" uuid="1513a612-15f5-102d-96e4-000c29c2a5d7">
      <classname>org.openmrs.Privilege</classname>
      <retired>false</retired>
    </org.openmrs.module.metadatasharing.Item>
    <org.openmrs.module.metadatasharing.Item id="52" uuid="15144cb6-15f5-102d-96e4-000c29c2a5d7">
      <classname>org.openmrs.Privilege</classname>
      <retired>false</retired>
    </org.openmrs.module.metadatasharing.Item>
    <org.openmrs.module.metadatasharing.Item id="53" uuid="151475e2-15f5-102d-96e4-000c29c2a5d7">
      <classname>org.openmrs.Privilege</classname>
      <retired>false</retired>
    </org.openmrs.module.metadatasharing.Item>
    <org.openmrs.module.metadatasharing.Item id="54" uuid="1513c44e-15f5-102d-96e4-000c29c2a5d7">
      <classname>org.openmrs.Privilege</classname>
      <retired>false</retired>
    </org.openmrs.module.metadatasharing.Item>
    <org.openmrs.module.metadatasharing.Item id="55" uuid="1513a068-15f5-102d-96e4-000c29c2a5d7">
      <classname>org.openmrs.Privilege</classname>
      <retired>false</retired>
    </org.openmrs.module.metadatasharing.Item>
    <org.openmrs.module.metadatasharing.Item id="56" uuid="1513d45c-15f5-102d-96e4-000c29c2a5d7">
      <classname>org.openmrs.Privilege</classname>
      <retired>false</retired>
    </org.openmrs.module.metadatasharing.Item>
    <org.openmrs.module.metadatasharing.Item id="57" uuid="1513974e-15f5-102d-96e4-000c29c2a5d7">
      <classname>org.openmrs.Privilege</classname>
      <retired>false</retired>
    </org.openmrs.module.metadatasharing.Item>
    <org.openmrs.module.metadatasharing.Item id="58" uuid="15144f5e-15f5-102d-96e4-000c29c2a5d7">
      <classname>org.openmrs.Privilege</classname>
      <retired>false</retired>
    </org.openmrs.module.metadatasharing.Item>
    <org.openmrs.module.metadatasharing.Item id="59" uuid="151421d2-15f5-102d-96e4-000c29c2a5d7">
      <classname>org.openmrs.Privilege</classname>
      <retired>false</retired>
    </org.openmrs.module.metadatasharing.Item>
    <org.openmrs.module.metadatasharing.Item id="60" uuid="15144d92-15f5-102d-96e4-000c29c2a5d7">
      <classname>org.openmrs.Privilege</classname>
      <retired>false</retired>
    </org.openmrs.module.metadatasharing.Item>
    <org.openmrs.module.metadatasharing.Item id="61" uuid="1513ff9a-15f5-102d-96e4-000c29c2a5d7">
      <classname>org.openmrs.Privilege</classname>
      <retired>false</retired>
    </org.openmrs.module.metadatasharing.Item>
    <org.openmrs.module.metadatasharing.Item id="62" uuid="1513d0c4-15f5-102d-96e4-000c29c2a5d7">
      <classname>org.openmrs.Privilege</classname>
      <retired>false</retired>
    </org.openmrs.module.metadatasharing.Item>
    <org.openmrs.module.metadatasharing.Item id="63" uuid="1513c9bc-15f5-102d-96e4-000c29c2a5d7">
      <classname>org.openmrs.Privilege</classname>
      <retired>false</retired>
    </org.openmrs.module.metadatasharing.Item>
    <org.openmrs.module.metadatasharing.Item id="64" uuid="1513c26e-15f5-102d-96e4-000c29c2a5d7">
      <classname>org.openmrs.Privilege</classname>
      <retired>false</retired>
    </org.openmrs.module.metadatasharing.Item>
    <org.openmrs.module.metadatasharing.Item id="65" uuid="1513aedc-15f5-102d-96e4-000c29c2a5d7">
      <classname>org.openmrs.Privilege</classname>
      <retired>false</retired>
    </org.openmrs.module.metadatasharing.Item>
    <org.openmrs.module.metadatasharing.Item id="66" uuid="1513cc64-15f5-102d-96e4-000c29c2a5d7">
      <classname>org.openmrs.Privilege</classname>
      <retired>false</retired>
    </org.openmrs.module.metadatasharing.Item>
    <org.openmrs.module.metadatasharing.Item id="67" uuid="15145bc0-15f5-102d-96e4-000c29c2a5d7">
      <classname>org.openmrs.Privilege</classname>
      <retired>false</retired>
    </org.openmrs.module.metadatasharing.Item>
    <org.openmrs.module.metadatasharing.Item id="68" uuid="1513fdc4-15f5-102d-96e4-000c29c2a5d7">
      <classname>org.openmrs.Privilege</classname>
      <retired>false</retired>
    </org.openmrs.module.metadatasharing.Item>
    <org.openmrs.module.metadatasharing.Item id="69" uuid="151416a6-15f5-102d-96e4-000c29c2a5d7">
      <classname>org.openmrs.Privilege</classname>
      <retired>false</retired>
    </org.openmrs.module.metadatasharing.Item>
    <org.openmrs.module.metadatasharing.Item id="70" uuid="15141a52-15f5-102d-96e4-000c29c2a5d7">
      <classname>org.openmrs.Privilege</classname>
      <retired>false</retired>
    </org.openmrs.module.metadatasharing.Item>
    <org.openmrs.module.metadatasharing.Item id="71" uuid="15140332-15f5-102d-96e4-000c29c2a5d7">
      <classname>org.openmrs.Privilege</classname>
      <retired>false</retired>
    </org.openmrs.module.metadatasharing.Item>
    <org.openmrs.module.metadatasharing.Item id="72" uuid="1513e974-15f5-102d-96e4-000c29c2a5d7">
      <classname>org.openmrs.Privilege</classname>
      <retired>false</retired>
    </org.openmrs.module.metadatasharing.Item>
    <org.openmrs.module.metadatasharing.Item id="73" uuid="1513caa2-15f5-102d-96e4-000c29c2a5d7">
      <classname>org.openmrs.Privilege</classname>
      <retired>false</retired>
    </org.openmrs.module.metadatasharing.Item>
    <org.openmrs.module.metadatasharing.Item id="74" uuid="15141dea-15f5-102d-96e4-000c29c2a5d7">
      <classname>org.openmrs.Privilege</classname>
      <retired>false</retired>
    </org.openmrs.module.metadatasharing.Item>
    <org.openmrs.module.metadatasharing.Item id="75" uuid="1513aa72-15f5-102d-96e4-000c29c2a5d7">
      <classname>org.openmrs.Privilege</classname>
      <retired>false</retired>
    </org.openmrs.module.metadatasharing.Item>
    <org.openmrs.module.metadatasharing.Item id="76" uuid="1513f3ec-15f5-102d-96e4-000c29c2a5d7">
      <classname>org.openmrs.Privilege</classname>
      <retired>false</retired>
    </org.openmrs.module.metadatasharing.Item>
    <org.openmrs.module.metadatasharing.Item id="77" uuid="15146340-15f5-102d-96e4-000c29c2a5d7">
      <classname>org.openmrs.Privilege</classname>
      <retired>false</retired>
    </org.openmrs.module.metadatasharing.Item>
    <org.openmrs.module.metadatasharing.Item id="78" uuid="15139e92-15f5-102d-96e4-000c29c2a5d7">
      <classname>org.openmrs.Privilege</classname>
      <retired>false</retired>
    </org.openmrs.module.metadatasharing.Item>
    <org.openmrs.module.metadatasharing.Item id="79" uuid="151474e8-15f5-102d-96e4-000c29c2a5d7">
      <classname>org.openmrs.Privilege</classname>
      <retired>false</retired>
    </org.openmrs.module.metadatasharing.Item>
    <org.openmrs.module.metadatasharing.Item id="80" uuid="15141c1e-15f5-102d-96e4-000c29c2a5d7">
      <classname>org.openmrs.Privilege</classname>
      <retired>false</retired>
    </org.openmrs.module.metadatasharing.Item>
    <org.openmrs.module.metadatasharing.Item id="81" uuid="15a9e05a-1c04-4463-9296-a98c8acc8b3d">
      <classname>org.openmrs.Privilege</classname>
      <retired>false</retired>
    </org.openmrs.module.metadatasharing.Item>
    <org.openmrs.module.metadatasharing.Item id="82" uuid="1514239e-15f5-102d-96e4-000c29c2a5d7">
      <classname>org.openmrs.Privilege</classname>
      <retired>false</retired>
    </org.openmrs.module.metadatasharing.Item>
    <org.openmrs.module.metadatasharing.Item id="83" uuid="15142498-15f5-102d-96e4-000c29c2a5d7">
      <classname>org.openmrs.Privilege</classname>
      <retired>false</retired>
    </org.openmrs.module.metadatasharing.Item>
    <org.openmrs.module.metadatasharing.Item id="84" uuid="1513c354-15f5-102d-96e4-000c29c2a5d7">
      <classname>org.openmrs.Privilege</classname>
      <retired>false</retired>
    </org.openmrs.module.metadatasharing.Item>
    <org.openmrs.module.metadatasharing.Item id="85" uuid="1513a6ee-15f5-102d-96e4-000c29c2a5d7">
      <classname>org.openmrs.Privilege</classname>
      <retired>false</retired>
    </org.openmrs.module.metadatasharing.Item>
    <org.openmrs.module.metadatasharing.Item id="86" uuid="1513c61a-15f5-102d-96e4-000c29c2a5d7">
      <classname>org.openmrs.Privilege</classname>
      <retired>false</retired>
    </org.openmrs.module.metadatasharing.Item>
    <org.openmrs.module.metadatasharing.Item id="87" uuid="151414da-15f5-102d-96e4-000c29c2a5d7">
      <classname>org.openmrs.Privilege</classname>
      <retired>false</retired>
    </org.openmrs.module.metadatasharing.Item>
    <org.openmrs.module.metadatasharing.Item id="88" uuid="151479ca-15f5-102d-96e4-000c29c2a5d7">
      <classname>org.openmrs.Privilege</classname>
      <retired>false</retired>
    </org.openmrs.module.metadatasharing.Item>
    <org.openmrs.module.metadatasharing.Item id="89" uuid="1513cf02-15f5-102d-96e4-000c29c2a5d7">
      <classname>org.openmrs.Privilege</classname>
      <retired>false</retired>
    </org.openmrs.module.metadatasharing.Item>
    <org.openmrs.module.metadatasharing.Item id="90" uuid="151415c0-15f5-102d-96e4-000c29c2a5d7">
      <classname>org.openmrs.Privilege</classname>
      <retired>false</retired>
    </org.openmrs.module.metadatasharing.Item>
    <org.openmrs.module.metadatasharing.Item id="91" uuid="1513ee60-15f5-102d-96e4-000c29c2a5d7">
      <classname>org.openmrs.Privilege</classname>
      <retired>false</retired>
    </org.openmrs.module.metadatasharing.Item>
    <org.openmrs.module.metadatasharing.Item id="92" uuid="15139f78-15f5-102d-96e4-000c29c2a5d7">
      <classname>org.openmrs.Privilege</classname>
      <retired>false</retired>
    </org.openmrs.module.metadatasharing.Item>
    <org.openmrs.module.metadatasharing.Item id="93" uuid="15141b38-15f5-102d-96e4-000c29c2a5d7">
      <classname>org.openmrs.Privilege</classname>
      <retired>false</retired>
    </org.openmrs.module.metadatasharing.Item>
    <org.openmrs.module.metadatasharing.Item id="94" uuid="1513c17e-15f5-102d-96e4-000c29c2a5d7">
      <classname>org.openmrs.Privilege</classname>
      <retired>false</retired>
    </org.openmrs.module.metadatasharing.Item>
    <org.openmrs.module.metadatasharing.Item id="95" uuid="1513f306-15f5-102d-96e4-000c29c2a5d7">
      <classname>org.openmrs.Privilege</classname>
      <retired>false</retired>
    </org.openmrs.module.metadatasharing.Item>
    <org.openmrs.module.metadatasharing.Item id="96" uuid="15142d08-15f5-102d-96e4-000c29c2a5d7">
      <classname>org.openmrs.Privilege</classname>
      <retired>false</retired>
    </org.openmrs.module.metadatasharing.Item>
    <org.openmrs.module.metadatasharing.Item id="97" uuid="1514560c-15f5-102d-96e4-000c29c2a5d7">
      <classname>org.openmrs.Privilege</classname>
      <retired>false</retired>
    </org.openmrs.module.metadatasharing.Item>
    <org.openmrs.module.metadatasharing.Item id="98" uuid="1513f69e-15f5-102d-96e4-000c29c2a5d7">
      <classname>org.openmrs.Privilege</classname>
      <retired>false</retired>
    </org.openmrs.module.metadatasharing.Item>
    <org.openmrs.module.metadatasharing.Item id="99" uuid="1513d70e-15f5-102d-96e4-000c29c2a5d7">
      <classname>org.openmrs.Privilege</classname>
      <retired>false</retired>
    </org.openmrs.module.metadatasharing.Item>
    <org.openmrs.module.metadatasharing.Item id="100" uuid="15142786-15f5-102d-96e4-000c29c2a5d7">
      <classname>org.openmrs.Privilege</classname>
      <retired>false</retired>
    </org.openmrs.module.metadatasharing.Item>
    <org.openmrs.module.metadatasharing.Item id="101" uuid="151476dc-15f5-102d-96e4-000c29c2a5d7">
      <classname>org.openmrs.Privilege</classname>
      <retired>false</retired>
    </org.openmrs.module.metadatasharing.Item>
    <org.openmrs.module.metadatasharing.Item id="102" uuid="15142696-15f5-102d-96e4-000c29c2a5d7">
      <classname>org.openmrs.Privilege</classname>
      <retired>false</retired>
    </org.openmrs.module.metadatasharing.Item>
    <org.openmrs.module.metadatasharing.Item id="103" uuid="1513ef46-15f5-102d-96e4-000c29c2a5d7">
      <classname>org.openmrs.Privilege</classname>
      <retired>false</retired>
    </org.openmrs.module.metadatasharing.Item>
    <org.openmrs.module.metadatasharing.Item id="104" uuid="15141962-15f5-102d-96e4-000c29c2a5d7">
      <classname>org.openmrs.Privilege</classname>
      <retired>false</retired>
    </org.openmrs.module.metadatasharing.Item>
    <org.openmrs.module.metadatasharing.Item id="105" uuid="1513f93c-15f5-102d-96e4-000c29c2a5d7">
      <classname>org.openmrs.Privilege</classname>
      <retired>false</retired>
    </org.openmrs.module.metadatasharing.Item>
    <org.openmrs.module.metadatasharing.Item id="106" uuid="151477d6-15f5-102d-96e4-000c29c2a5d7">
      <classname>org.openmrs.Privilege</classname>
      <retired>false</retired>
    </org.openmrs.module.metadatasharing.Item>
    <org.openmrs.module.metadatasharing.Item id="107" uuid="1513ab58-15f5-102d-96e4-000c29c2a5d7">
      <classname>org.openmrs.Privilege</classname>
      <retired>false</retired>
    </org.openmrs.module.metadatasharing.Item>
    <org.openmrs.module.metadatasharing.Item id="108" uuid="03be3a1b-f1e3-4456-afaf-297a14a6d31a">
      <classname>org.openmrs.Privilege</classname>
      <retired>false</retired>
    </org.openmrs.module.metadatasharing.Item>
    <org.openmrs.module.metadatasharing.Item id="109" uuid="1514259c-15f5-102d-96e4-000c29c2a5d7">
      <classname>org.openmrs.Privilege</classname>
      <retired>false</retired>
    </org.openmrs.module.metadatasharing.Item>
    <org.openmrs.module.metadatasharing.Item id="110" uuid="1513cd40-15f5-102d-96e4-000c29c2a5d7">
      <classname>org.openmrs.Privilege</classname>
      <retired>false</retired>
    </org.openmrs.module.metadatasharing.Item>
    <org.openmrs.module.metadatasharing.Item id="111" uuid="1513fa18-15f5-102d-96e4-000c29c2a5d7">
      <classname>org.openmrs.Privilege</classname>
      <retired>false</retired>
    </org.openmrs.module.metadatasharing.Item>
    <org.openmrs.module.metadatasharing.Item id="112" uuid="15142dee-15f5-102d-96e4-000c29c2a5d7">
      <classname>org.openmrs.Privilege</classname>
      <retired>false</retired>
    </org.openmrs.module.metadatasharing.Item>
    <org.openmrs.module.metadatasharing.Item id="113" uuid="151457f6-15f5-102d-96e4-000c29c2a5d7">
      <classname>org.openmrs.Privilege</classname>
      <retired>false</retired>
    </org.openmrs.module.metadatasharing.Item>
    <org.openmrs.module.metadatasharing.Item id="114" uuid="15144072-15f5-102d-96e4-000c29c2a5d7">
      <classname>org.openmrs.Privilege</classname>
      <retired>false</retired>
    </org.openmrs.module.metadatasharing.Item>
    <org.openmrs.module.metadatasharing.Item id="115" uuid="34190904-0370-102d-b0e3-001ec94a0cc1">
      <classname>org.openmrs.Privilege</classname>
      <retired>false</retired>
    </org.openmrs.module.metadatasharing.Item>
    <org.openmrs.module.metadatasharing.Item id="116" uuid="1513d29a-15f5-102d-96e4-000c29c2a5d7">
      <classname>org.openmrs.Privilege</classname>
      <retired>false</retired>
    </org.openmrs.module.metadatasharing.Item>
    <org.openmrs.module.metadatasharing.Item id="117" uuid="15141d04-15f5-102d-96e4-000c29c2a5d7">
      <classname>org.openmrs.Privilege</classname>
      <retired>false</retired>
    </org.openmrs.module.metadatasharing.Item>
    <org.openmrs.module.metadatasharing.Item id="118" uuid="1513a7d4-15f5-102d-96e4-000c29c2a5d7">
      <classname>org.openmrs.Privilege</classname>
      <retired>false</retired>
    </org.openmrs.module.metadatasharing.Item>
    <org.openmrs.module.metadatasharing.Item id="119" uuid="5b1fc603-73db-4173-b4c1-ea9f16292175">
      <classname>org.openmrs.Privilege</classname>
      <retired>false</retired>
    </org.openmrs.module.metadatasharing.Item>
    <org.openmrs.module.metadatasharing.Item id="120" uuid="15144360-15f5-102d-96e4-000c29c2a5d7">
      <classname>org.openmrs.Privilege</classname>
      <retired>false</retired>
    </org.openmrs.module.metadatasharing.Item>
    <org.openmrs.module.metadatasharing.Item id="121" uuid="15142970-15f5-102d-96e4-000c29c2a5d7">
      <classname>org.openmrs.Privilege</classname>
      <retired>false</retired>
    </org.openmrs.module.metadatasharing.Item>
    <org.openmrs.module.metadatasharing.Item id="122" uuid="15145404-15f5-102d-96e4-000c29c2a5d7">
      <classname>org.openmrs.Privilege</classname>
      <retired>false</retired>
    </org.openmrs.module.metadatasharing.Item>
    <org.openmrs.module.metadatasharing.Item id="123" uuid="15145508-15f5-102d-96e4-000c29c2a5d7">
      <classname>org.openmrs.Privilege</classname>
      <retired>false</retired>
    </org.openmrs.module.metadatasharing.Item>
    <org.openmrs.module.metadatasharing.Item id="124" uuid="1513ea5a-15f5-102d-96e4-000c29c2a5d7">
      <classname>org.openmrs.Privilege</classname>
      <retired>false</retired>
    </org.openmrs.module.metadatasharing.Item>
    <org.openmrs.module.metadatasharing.Item id="125" uuid="0bb2182a-d290-4adc-a382-38321973dab2">
      <classname>org.openmrs.Privilege</classname>
      <retired>false</retired>
    </org.openmrs.module.metadatasharing.Item>
    <org.openmrs.module.metadatasharing.Item id="126" uuid="15140166-15f5-102d-96e4-000c29c2a5d7">
      <classname>org.openmrs.Privilege</classname>
      <retired>false</retired>
    </org.openmrs.module.metadatasharing.Item>
    <org.openmrs.module.metadatasharing.Item id="127" uuid="1513f108-15f5-102d-96e4-000c29c2a5d7">
      <classname>org.openmrs.Privilege</classname>
      <retired>false</retired>
    </org.openmrs.module.metadatasharing.Item>
    <org.openmrs.module.metadatasharing.Item id="128" uuid="ea7eb9af-c0b4-4b3e-a144-9dc891de9e2e">
      <classname>org.openmrs.Privilege</classname>
      <retired>false</retired>
    </org.openmrs.module.metadatasharing.Item>
    <org.openmrs.module.metadatasharing.Item id="129" uuid="1513c7f0-15f5-102d-96e4-000c29c2a5d7">
      <classname>org.openmrs.Privilege</classname>
      <retired>false</retired>
    </org.openmrs.module.metadatasharing.Item>
    <org.openmrs.module.metadatasharing.Item id="130" uuid="1513a52c-15f5-102d-96e4-000c29c2a5d7">
      <classname>org.openmrs.Privilege</classname>
      <retired>false</retired>
    </org.openmrs.module.metadatasharing.Item>
    <org.openmrs.module.metadatasharing.Item id="131" uuid="1513d376-15f5-102d-96e4-000c29c2a5d7">
      <classname>org.openmrs.Privilege</classname>
      <retired>false</retired>
    </org.openmrs.module.metadatasharing.Item>
    <org.openmrs.module.metadatasharing.Item id="132" uuid="1513f022-15f5-102d-96e4-000c29c2a5d7">
      <classname>org.openmrs.Privilege</classname>
      <retired>false</retired>
    </org.openmrs.module.metadatasharing.Item>
    <org.openmrs.module.metadatasharing.Item id="133" uuid="1513cb7e-15f5-102d-96e4-000c29c2a5d7">
      <classname>org.openmrs.Privilege</classname>
      <retired>false</retired>
    </org.openmrs.module.metadatasharing.Item>
    <org.openmrs.module.metadatasharing.Item id="134" uuid="1513a3f6-15f5-102d-96e4-000c29c2a5d7">
      <classname>org.openmrs.Privilege</classname>
      <retired>false</retired>
    </org.openmrs.module.metadatasharing.Item>
    <org.openmrs.module.metadatasharing.Item id="135" uuid="c05cfd9d-c54b-4445-b450-425aa7a888ee">
      <classname>org.openmrs.Privilege</classname>
      <retired>false</retired>
    </org.openmrs.module.metadatasharing.Item>
    <org.openmrs.module.metadatasharing.Item id="136" uuid="1797d439-d5aa-4734-8376-ad555bc27194">
      <classname>org.openmrs.Privilege</classname>
      <retired>false</retired>
    </org.openmrs.module.metadatasharing.Item>
    <org.openmrs.module.metadatasharing.Item id="137" uuid="15142b46-15f5-102d-96e4-000c29c2a5d7">
      <classname>org.openmrs.Privilege</classname>
      <retired>false</retired>
    </org.openmrs.module.metadatasharing.Item>
    <org.openmrs.module.metadatasharing.Item id="138" uuid="1513a31a-15f5-102d-96e4-000c29c2a5d7">
      <classname>org.openmrs.Privilege</classname>
      <retired>false</retired>
    </org.openmrs.module.metadatasharing.Item>
    <org.openmrs.module.metadatasharing.Item id="139" uuid="151422b8-15f5-102d-96e4-000c29c2a5d7">
      <classname>org.openmrs.Privilege</classname>
      <retired>false</retired>
    </org.openmrs.module.metadatasharing.Item>
    <org.openmrs.module.metadatasharing.Item id="140" uuid="1513fbf8-15f5-102d-96e4-000c29c2a5d7">
      <classname>org.openmrs.Privilege</classname>
      <retired>false</retired>
    </org.openmrs.module.metadatasharing.Item>
    <org.openmrs.module.metadatasharing.Item id="141" uuid="1513ce26-15f5-102d-96e4-000c29c2a5d7">
      <classname>org.openmrs.Privilege</classname>
      <retired>false</retired>
    </org.openmrs.module.metadatasharing.Item>
    <org.openmrs.module.metadatasharing.Item id="142" uuid="1514427a-15f5-102d-96e4-000c29c2a5d7">
      <classname>org.openmrs.Privilege</classname>
      <retired>false</retired>
    </org.openmrs.module.metadatasharing.Item>
    <org.openmrs.module.metadatasharing.Item id="143" uuid="8d94f852-c2cc-11de-8d13-0010c6dffd0f">
      <classname>org.openmrs.Role</classname>
      <retired>false</retired>
    </org.openmrs.module.metadatasharing.Item>
    <org.openmrs.module.metadatasharing.Item id="144" uuid="83d0f2e8-7c3d-44d4-abb4-9de59162164a">
      <classname>org.openmrs.Role</classname>
      <retired>false</retired>
    </org.openmrs.module.metadatasharing.Item>
    <org.openmrs.module.metadatasharing.Item id="145" uuid="cee15cd4-58c7-4450-9817-2e3b1acb83be">
      <classname>org.openmrs.Role</classname>
      <retired>false</retired>
    </org.openmrs.module.metadatasharing.Item>
    <org.openmrs.module.metadatasharing.Item id="146" uuid="21031583-e2ae-4485-8d66-4a97f803ae7c">
      <classname>org.openmrs.Role</classname>
      <retired>false</retired>
    </org.openmrs.module.metadatasharing.Item>
    <org.openmrs.module.metadatasharing.Item id="147" uuid="158bfdd8-15f5-102d-96e4-000c29c2a5d7">
      <classname>org.openmrs.Role</classname>
      <retired>false</retired>
    </org.openmrs.module.metadatasharing.Item>
    <org.openmrs.module.metadatasharing.Item id="148" uuid="1513f5cc-15f5-102d-96e4-000c29c2a5d7">
      <classname>org.openmrs.Privilege</classname>
      <retired>false</retired>
    </org.openmrs.module.metadatasharing.Item>
    <org.openmrs.module.metadatasharing.Item id="149" uuid="1513ac34-15f5-102d-96e4-000c29c2a5d7">
      <classname>org.openmrs.Privilege</classname>
      <retired>false</retired>
    </org.openmrs.module.metadatasharing.Item>
    <org.openmrs.module.metadatasharing.Item id="150" uuid="151458f0-15f5-102d-96e4-000c29c2a5d7">
      <classname>org.openmrs.Privilege</classname>
      <retired>false</retired>
    </org.openmrs.module.metadatasharing.Item>
    <org.openmrs.module.metadatasharing.Item id="151" uuid="1513ad1a-15f5-102d-96e4-000c29c2a5d7">
      <classname>org.openmrs.Privilege</classname>
      <retired>false</retired>
    </org.openmrs.module.metadatasharing.Item>
    <org.openmrs.module.metadatasharing.Item id="152" uuid="341cbc98-0370-102d-b0e3-001ec94a0cc1">
      <classname>org.openmrs.Role</classname>
      <retired>false</retired>
    </org.openmrs.module.metadatasharing.Item>
    <org.openmrs.module.metadatasharing.Item id="153" uuid="c8957efb-8c8d-4015-871a-569f1a20f462">
      <classname>org.openmrs.Role</classname>
      <retired>false</retired>
    </org.openmrs.module.metadatasharing.Item>
    <org.openmrs.module.metadatasharing.Item id="154" uuid="d2fcc4d2-2700-102b-80cb-0017a47871b2">
      <classname>org.openmrs.Role</classname>
      <retired>false</retired>
    </org.openmrs.module.metadatasharing.Item>
    <org.openmrs.module.metadatasharing.Item id="155" uuid="158c02f6-15f5-102d-96e4-000c29c2a5d7">
      <classname>org.openmrs.Role</classname>
      <retired>false</retired>
    </org.openmrs.module.metadatasharing.Item>
    <org.openmrs.module.metadatasharing.Item id="156" uuid="158c053a-15f5-102d-96e4-000c29c2a5d7">
      <classname>org.openmrs.Role</classname>
      <retired>false</retired>
    </org.openmrs.module.metadatasharing.Item>
    <org.openmrs.module.metadatasharing.Item id="157" uuid="ca0825a0-362e-48a3-8656-7799a57886b5">
      <classname>org.openmrs.Role</classname>
      <retired>false</retired>
    </org.openmrs.module.metadatasharing.Item>
    <org.openmrs.module.metadatasharing.Item id="158" uuid="fd414c79-3838-44db-87be-935e940827c0">
      <classname>org.openmrs.Role</classname>
      <retired>false</retired>
    </org.openmrs.module.metadatasharing.Item>
    <org.openmrs.module.metadatasharing.Item id="159" uuid="a1d4bb3d-b3bf-4a49-85ee-4e247c84e05c">
      <classname>org.openmrs.Role</classname>
      <retired>false</retired>
    </org.openmrs.module.metadatasharing.Item>
    <org.openmrs.module.metadatasharing.Item id="160" uuid="093e8f10-5be6-4723-962c-38850be9c314">
      <classname>org.openmrs.Privilege</classname>
      <retired>false</retired>
    </org.openmrs.module.metadatasharing.Item>
    <org.openmrs.module.metadatasharing.Item id="161" uuid="6b1567b7-3f8c-441b-b8bb-28abad549d43">
      <classname>org.openmrs.Privilege</classname>
      <retired>false</retired>
    </org.openmrs.module.metadatasharing.Item>
    <org.openmrs.module.metadatasharing.Item id="162" uuid="44139560-c60c-47c9-ae56-7a8fa3a5b7ef">
      <classname>org.openmrs.Privilege</classname>
      <retired>false</retired>
    </org.openmrs.module.metadatasharing.Item>
    <org.openmrs.module.metadatasharing.Item id="163" uuid="c5a569ca-7d29-4d48-945c-6158c2507639">
      <classname>org.openmrs.Privilege</classname>
      <retired>false</retired>
    </org.openmrs.module.metadatasharing.Item>
    <org.openmrs.module.metadatasharing.Item id="164" uuid="f4c6f756-a62d-4720-a656-77b505f71493">
      <classname>org.openmrs.Privilege</classname>
      <retired>false</retired>
    </org.openmrs.module.metadatasharing.Item>
    <org.openmrs.module.metadatasharing.Item id="165" uuid="a47cbdd0-68e8-44e3-9510-7fd496528703">
      <classname>org.openmrs.Privilege</classname>
      <retired>false</retired>
    </org.openmrs.module.metadatasharing.Item>
    <org.openmrs.module.metadatasharing.Item id="166" uuid="98d6bd7c-c7c4-43ac-9427-e145da43584c">
      <classname>org.openmrs.Privilege</classname>
      <retired>false</retired>
    </org.openmrs.module.metadatasharing.Item>
    <org.openmrs.module.metadatasharing.Item id="167" uuid="c8c5482c-6da8-461d-9ee2-ffe9640c490e">
      <classname>org.openmrs.Privilege</classname>
      <retired>false</retired>
    </org.openmrs.module.metadatasharing.Item>
    <org.openmrs.module.metadatasharing.Item id="168" uuid="564df453-1ba9-45f0-8d22-563827f56d38">
      <classname>org.openmrs.Privilege</classname>
      <retired>false</retired>
    </org.openmrs.module.metadatasharing.Item>
    <org.openmrs.module.metadatasharing.Item id="169" uuid="1513afcc-15f5-102d-96e4-000c29c2a5d7">
      <classname>org.openmrs.Privilege</classname>
      <retired>false</retired>
    </org.openmrs.module.metadatasharing.Item>
    <org.openmrs.module.metadatasharing.Item id="170" uuid="f3d868ca-b0be-4285-8150-b1228fcb72ec">
      <classname>org.openmrs.Privilege</classname>
      <retired>false</retired>
    </org.openmrs.module.metadatasharing.Item>
    <org.openmrs.module.metadatasharing.Item id="171" uuid="398b5974-ca27-48ad-9e18-8a094d3a40ed">
      <classname>org.openmrs.Privilege</classname>
      <retired>false</retired>
    </org.openmrs.module.metadatasharing.Item>
    <org.openmrs.module.metadatasharing.Item id="172" uuid="fe61cc22-80f5-4432-8dfd-717d3647a390">
      <classname>org.openmrs.Privilege</classname>
      <retired>false</retired>
    </org.openmrs.module.metadatasharing.Item>
    <org.openmrs.module.metadatasharing.Item id="173" uuid="85170b09-5a17-4acb-b38f-f3f07ed046e4">
      <classname>org.openmrs.Privilege</classname>
      <retired>false</retired>
    </org.openmrs.module.metadatasharing.Item>
    <org.openmrs.module.metadatasharing.Item id="174" uuid="fe2a128c-59aa-49c0-84de-ff5c5c608c33">
      <classname>org.openmrs.Privilege</classname>
      <retired>false</retired>
    </org.openmrs.module.metadatasharing.Item>
    <org.openmrs.module.metadatasharing.Item id="175" uuid="8d1dd68a-e987-4bb0-89ec-4b5af2bf9286">
      <classname>org.openmrs.Privilege</classname>
      <retired>false</retired>
    </org.openmrs.module.metadatasharing.Item>
    <org.openmrs.module.metadatasharing.Item id="176" uuid="f40945eb-6626-40b1-93a6-52d8b14663c9">
      <classname>org.openmrs.Privilege</classname>
      <retired>false</retired>
    </org.openmrs.module.metadatasharing.Item>
    <org.openmrs.module.metadatasharing.Item id="177" uuid="f0edfbb3-aa48-43e6-a151-0834f02806dd">
      <classname>org.openmrs.Privilege</classname>
      <retired>false</retired>
    </org.openmrs.module.metadatasharing.Item>
    <org.openmrs.module.metadatasharing.Item id="178" uuid="ecddc1dd-1a06-4c58-9af6-1e2355fc9d2e">
      <classname>org.openmrs.Privilege</classname>
      <retired>false</retired>
    </org.openmrs.module.metadatasharing.Item>
    <org.openmrs.module.metadatasharing.Item id="179" uuid="cf581286-cd6a-472d-9994-d0639b44bb15">
      <classname>org.openmrs.Privilege</classname>
      <retired>false</retired>
    </org.openmrs.module.metadatasharing.Item>
    <org.openmrs.module.metadatasharing.Item id="180" uuid="985bebfb-5bb4-48a6-bbae-043ce2568b69">
      <classname>org.openmrs.Privilege</classname>
      <retired>false</retired>
    </org.openmrs.module.metadatasharing.Item>
    <org.openmrs.module.metadatasharing.Item id="181" uuid="0297bb67-ade6-4b3d-a808-764de9d0c43f">
      <classname>org.openmrs.Privilege</classname>
      <retired>false</retired>
    </org.openmrs.module.metadatasharing.Item>
    <org.openmrs.module.metadatasharing.Item id="182" uuid="02143fb6-03da-46a1-aa1b-77ac5822fbe9">
      <classname>org.openmrs.Privilege</classname>
      <retired>false</retired>
    </org.openmrs.module.metadatasharing.Item>
    <org.openmrs.module.metadatasharing.Item id="183" uuid="1513feaa-15f5-102d-96e4-000c29c2a5d7">
      <classname>org.openmrs.Privilege</classname>
      <retired>false</retired>
    </org.openmrs.module.metadatasharing.Item>
    <org.openmrs.module.metadatasharing.Item id="184" uuid="39cefe04-0e89-4725-93dd-dc3766c310f6">
      <classname>org.openmrs.Privilege</classname>
      <retired>false</retired>
    </org.openmrs.module.metadatasharing.Item>
    <org.openmrs.module.metadatasharing.Item id="185" uuid="ad2c0f4a-b501-497c-97ae-2d0b924527c8">
      <classname>org.openmrs.Privilege</classname>
      <retired>false</retired>
    </org.openmrs.module.metadatasharing.Item>
    <org.openmrs.module.metadatasharing.Item id="186" uuid="8bde8305-589e-4805-8118-c85365b6d902">
      <classname>org.openmrs.Privilege</classname>
      <retired>false</retired>
    </org.openmrs.module.metadatasharing.Item>
    <org.openmrs.module.metadatasharing.Item id="187" uuid="96a446f5-49ba-4832-a499-4ad068b9cde2">
      <classname>org.openmrs.Privilege</classname>
      <retired>false</retired>
    </org.openmrs.module.metadatasharing.Item>
    <org.openmrs.module.metadatasharing.Item id="188" uuid="a22359fb-5121-4065-a3a1-1abfd7ea4ed5">
      <classname>org.openmrs.Privilege</classname>
      <retired>false</retired>
    </org.openmrs.module.metadatasharing.Item>
    <org.openmrs.module.metadatasharing.Item id="189" uuid="72b4b0cb-1f6f-4653-b9ce-c398f3a0b67c">
      <classname>org.openmrs.Privilege</classname>
      <retired>false</retired>
    </org.openmrs.module.metadatasharing.Item>
    <org.openmrs.module.metadatasharing.Item id="190" uuid="0f3a32d8-baea-4ed3-a357-3ad217616d92">
      <classname>org.openmrs.Privilege</classname>
      <retired>false</retired>
    </org.openmrs.module.metadatasharing.Item>
    <org.openmrs.module.metadatasharing.Item id="191" uuid="405e24b6-b9f8-49c6-b87a-b51257c0baee">
      <classname>org.openmrs.Privilege</classname>
      <retired>false</retired>
    </org.openmrs.module.metadatasharing.Item>
    <org.openmrs.module.metadatasharing.Item id="192" uuid="56d35ae5-6e1f-4feb-9e50-961955e0f6e2">
      <classname>org.openmrs.Privilege</classname>
      <retired>false</retired>
    </org.openmrs.module.metadatasharing.Item>
    <org.openmrs.module.metadatasharing.Item id="193" uuid="5927290d-f535-4d1b-aa25-3cf0ad932b0c">
      <classname>org.openmrs.Privilege</classname>
      <retired>false</retired>
    </org.openmrs.module.metadatasharing.Item>
    <org.openmrs.module.metadatasharing.Item id="194" uuid="6f73aa0c-446f-4c75-8f20-c388a71c1b52">
      <classname>org.openmrs.Privilege</classname>
      <retired>false</retired>
    </org.openmrs.module.metadatasharing.Item>
    <org.openmrs.module.metadatasharing.Item id="195" uuid="d20ed66c-1357-489f-9fb9-efe93ba5e2bf">
      <classname>org.openmrs.Privilege</classname>
      <retired>false</retired>
    </org.openmrs.module.metadatasharing.Item>
    <org.openmrs.module.metadatasharing.Item id="196" uuid="edc87903-c08a-499d-9858-1c188bd2a14c">
      <classname>org.openmrs.Privilege</classname>
      <retired>false</retired>
    </org.openmrs.module.metadatasharing.Item>
    <org.openmrs.module.metadatasharing.Item id="197" uuid="db744c05-fcbd-47bf-8f35-636cdecd5a96">
      <classname>org.openmrs.Privilege</classname>
      <retired>false</retired>
    </org.openmrs.module.metadatasharing.Item>
    <org.openmrs.module.metadatasharing.Item id="198" uuid="4c4565a2-7ac6-42df-8281-6efcb2dd8b9a">
      <classname>org.openmrs.Privilege</classname>
      <retired>false</retired>
    </org.openmrs.module.metadatasharing.Item>
    <org.openmrs.module.metadatasharing.Item id="199" uuid="e15f55c7-aaf2-4429-bd69-fa44651a11bc">
      <classname>org.openmrs.Privilege</classname>
      <retired>false</retired>
    </org.openmrs.module.metadatasharing.Item>
    <org.openmrs.module.metadatasharing.Item id="200" uuid="4d86e993-5e70-4ae2-a74e-91a86eee2ad6">
      <classname>org.openmrs.Privilege</classname>
      <retired>false</retired>
    </org.openmrs.module.metadatasharing.Item>
    <org.openmrs.module.metadatasharing.Item id="201" uuid="c5c30429-10b6-4295-ba9d-9e9667af83c4">
      <classname>org.openmrs.Privilege</classname>
      <retired>false</retired>
    </org.openmrs.module.metadatasharing.Item>
    <org.openmrs.module.metadatasharing.Item id="202" uuid="88a70d0d-c2f5-4f7a-ab53-a94d054b691e">
      <classname>org.openmrs.Privilege</classname>
      <retired>false</retired>
    </org.openmrs.module.metadatasharing.Item>
    <org.openmrs.module.metadatasharing.Item id="203" uuid="1513c52a-15f5-102d-96e4-000c29c2a5d7">
      <classname>org.openmrs.Privilege</classname>
      <retired>false</retired>
    </org.openmrs.module.metadatasharing.Item>
    <org.openmrs.module.metadatasharing.Item id="204" uuid="1513a23e-15f5-102d-96e4-000c29c2a5d7">
      <classname>org.openmrs.Privilege</classname>
      <retired>false</retired>
    </org.openmrs.module.metadatasharing.Item>
    <org.openmrs.module.metadatasharing.Item id="205" uuid="15141872-15f5-102d-96e4-000c29c2a5d7">
      <classname>org.openmrs.Privilege</classname>
      <retired>false</retired>
    </org.openmrs.module.metadatasharing.Item>
    <org.openmrs.module.metadatasharing.Item id="206" uuid="694c75c8-3afb-4490-891c-20bc5459773a">
      <classname>org.openmrs.Privilege</classname>
      <retired>false</retired>
    </org.openmrs.module.metadatasharing.Item>
    <org.openmrs.module.metadatasharing.Item id="207" uuid="8a7a2a54-d879-4580-bbbc-c6f05b238bf7">
      <classname>org.openmrs.Privilege</classname>
      <retired>false</retired>
    </org.openmrs.module.metadatasharing.Item>
    <org.openmrs.module.metadatasharing.Item id="208" uuid="57c2ef49-95fc-43d4-930e-c422e3395890">
      <classname>org.openmrs.Privilege</classname>
      <retired>false</retired>
    </org.openmrs.module.metadatasharing.Item>
    <org.openmrs.module.metadatasharing.Item id="209" uuid="7203ce3c-3ce3-4ed4-afa9-b376613ee7c4">
      <classname>org.openmrs.Privilege</classname>
      <retired>false</retired>
    </org.openmrs.module.metadatasharing.Item>
    <org.openmrs.module.metadatasharing.Item id="210" uuid="b9e5819a-3299-415c-935b-a63c934dfc80">
      <classname>org.openmrs.Privilege</classname>
      <retired>false</retired>
    </org.openmrs.module.metadatasharing.Item>
    <org.openmrs.module.metadatasharing.Item id="211" uuid="b94152d5-be12-4f30-bcab-2c5fef7fabdc">
      <classname>org.openmrs.Privilege</classname>
      <retired>false</retired>
    </org.openmrs.module.metadatasharing.Item>
    <org.openmrs.module.metadatasharing.Item id="212" uuid="1513f4d2-15f5-102d-96e4-000c29c2a5d7">
      <classname>org.openmrs.Privilege</classname>
      <retired>false</retired>
    </org.openmrs.module.metadatasharing.Item>
    <org.openmrs.module.metadatasharing.Item id="213" uuid="2c5b7748-090f-4ecb-9795-655aca011cb8">
      <classname>org.openmrs.Privilege</classname>
      <retired>false</retired>
    </org.openmrs.module.metadatasharing.Item>
    <org.openmrs.module.metadatasharing.Item id="214" uuid="e9216b11-3fa0-4811-961d-0b2c3e927659">
      <classname>org.openmrs.Privilege</classname>
      <retired>false</retired>
    </org.openmrs.module.metadatasharing.Item>
    <org.openmrs.module.metadatasharing.Item id="215" uuid="5535d374-e822-4328-9760-285f1afc7fc9">
      <classname>org.openmrs.Privilege</classname>
      <retired>false</retired>
    </org.openmrs.module.metadatasharing.Item>
    <org.openmrs.module.metadatasharing.Item id="216" uuid="896c46d9-15e9-4ab4-be95-82e7e8e6c315">
      <classname>org.openmrs.Privilege</classname>
      <retired>false</retired>
    </org.openmrs.module.metadatasharing.Item>
    <org.openmrs.module.metadatasharing.Item id="217" uuid="15139d7a-15f5-102d-96e4-000c29c2a5d7">
      <classname>org.openmrs.Privilege</classname>
      <retired>false</retired>
    </org.openmrs.module.metadatasharing.Item>
    <org.openmrs.module.metadatasharing.Item id="218" uuid="e46f2118-b22e-4b94-9e65-658420968195">
      <classname>org.openmrs.Privilege</classname>
      <retired>false</retired>
    </org.openmrs.module.metadatasharing.Item>
    <org.openmrs.module.metadatasharing.Item id="219" uuid="a593163e-d707-4b38-8240-ec711b8239f9">
      <classname>org.openmrs.Privilege</classname>
      <retired>false</retired>
    </org.openmrs.module.metadatasharing.Item>
    <org.openmrs.module.metadatasharing.Item id="220" uuid="6321244d-ceb9-41d5-a307-acf94e7e7446">
      <classname>org.openmrs.Privilege</classname>
      <retired>false</retired>
    </org.openmrs.module.metadatasharing.Item>
    <org.openmrs.module.metadatasharing.Item id="221" uuid="422aab99-1080-4df1-8397-e83bd47520fa">
      <classname>org.openmrs.Privilege</classname>
      <retired>false</retired>
    </org.openmrs.module.metadatasharing.Item>
    <org.openmrs.module.metadatasharing.Item id="222" uuid="16f09c47-1372-4d83-acbe-01ba7eeb0e1b">
      <classname>org.openmrs.Privilege</classname>
      <retired>false</retired>
    </org.openmrs.module.metadatasharing.Item>
    <org.openmrs.module.metadatasharing.Item id="223" uuid="b7eb0e8a-6944-4746-b6a7-fce64791bfdb">
      <classname>org.openmrs.Privilege</classname>
      <retired>false</retired>
    </org.openmrs.module.metadatasharing.Item>
    <org.openmrs.module.metadatasharing.Item id="224" uuid="a122b5fe-37c4-4b11-8c3c-4b8355197bf4">
      <classname>org.openmrs.Privilege</classname>
      <retired>false</retired>
    </org.openmrs.module.metadatasharing.Item>
    <org.openmrs.module.metadatasharing.Item id="225" uuid="c526a569-51da-4434-b983-87d330c40251">
      <classname>org.openmrs.Privilege</classname>
      <retired>false</retired>
    </org.openmrs.module.metadatasharing.Item>
    <org.openmrs.module.metadatasharing.Item id="226" uuid="a08a290f-13ad-4e4d-82e1-f8278912d6fa">
      <classname>org.openmrs.Privilege</classname>
      <retired>false</retired>
    </org.openmrs.module.metadatasharing.Item>
    <org.openmrs.module.metadatasharing.Item id="227" uuid="2e908d57-9a0c-412e-9ddd-4e5553ebbcdb">
      <classname>org.openmrs.Privilege</classname>
      <retired>false</retired>
    </org.openmrs.module.metadatasharing.Item>
    <org.openmrs.module.metadatasharing.Item id="228" uuid="8a1a8287-ddf3-481a-ba5b-cfa956853804">
      <classname>org.openmrs.Privilege</classname>
      <retired>false</retired>
    </org.openmrs.module.metadatasharing.Item>
    <org.openmrs.module.metadatasharing.Item id="229" uuid="35d6f9c0-22c1-4190-9c89-7c05ea0fe21f">
      <classname>org.openmrs.Privilege</classname>
      <retired>false</retired>
    </org.openmrs.module.metadatasharing.Item>
    <org.openmrs.module.metadatasharing.Item id="230" uuid="f77522b4-1e59-4714-a69f-6ad5c0f2342c">
      <classname>org.openmrs.Privilege</classname>
      <retired>false</retired>
    </org.openmrs.module.metadatasharing.Item>
    <org.openmrs.module.metadatasharing.Item id="231" uuid="947d242c-9c0b-4dbf-ba3c-aafbd3550990">
      <classname>org.openmrs.Privilege</classname>
      <retired>false</retired>
    </org.openmrs.module.metadatasharing.Item>
    <org.openmrs.module.metadatasharing.Item id="232" uuid="6175cc37-170a-45ce-843d-e8af37db36c8">
      <classname>org.openmrs.Privilege</classname>
      <retired>false</retired>
    </org.openmrs.module.metadatasharing.Item>
    <org.openmrs.module.metadatasharing.Item id="233" uuid="25442ba1-2a55-49cf-ba95-90b1d1a2735f">
      <classname>org.openmrs.Privilege</classname>
      <retired>false</retired>
    </org.openmrs.module.metadatasharing.Item>
    <org.openmrs.module.metadatasharing.Item id="234" uuid="11e70184-3d79-427e-8e64-7164b6a82fbd">
      <classname>org.openmrs.Privilege</classname>
      <retired>false</retired>
    </org.openmrs.module.metadatasharing.Item>
    <org.openmrs.module.metadatasharing.Item id="235" uuid="1513f77a-15f5-102d-96e4-000c29c2a5d7">
      <classname>org.openmrs.Privilege</classname>
      <retired>false</retired>
    </org.openmrs.module.metadatasharing.Item>
    <org.openmrs.module.metadatasharing.Item id="236" uuid="1514178c-15f5-102d-96e4-000c29c2a5d7">
      <classname>org.openmrs.Privilege</classname>
      <retired>false</retired>
    </org.openmrs.module.metadatasharing.Item>
    <org.openmrs.module.metadatasharing.Item id="237" uuid="1513d632-15f5-102d-96e4-000c29c2a5d7">
      <classname>org.openmrs.Privilege</classname>
      <retired>false</retired>
    </org.openmrs.module.metadatasharing.Item>
    <org.openmrs.module.metadatasharing.Item id="238" uuid="75f1042c-e11f-444e-949d-e0fafdd422e6">
      <classname>org.openmrs.Privilege</classname>
      <retired>false</retired>
    </org.openmrs.module.metadatasharing.Item>
    <org.openmrs.module.metadatasharing.Item id="239" uuid="54b3de42-364a-44e8-8101-72276b0dd9a1">
      <classname>org.openmrs.Privilege</classname>
      <retired>false</retired>
    </org.openmrs.module.metadatasharing.Item>
    <org.openmrs.module.metadatasharing.Item id="240" uuid="14489f77-c7aa-494b-81ae-e4a1c65480a2">
      <classname>org.openmrs.Privilege</classname>
      <retired>false</retired>
    </org.openmrs.module.metadatasharing.Item>
    <org.openmrs.module.metadatasharing.Item id="241" uuid="1513d1b4-15f5-102d-96e4-000c29c2a5d7">
      <classname>org.openmrs.Privilege</classname>
      <retired>false</retired>
    </org.openmrs.module.metadatasharing.Item>
    <org.openmrs.module.metadatasharing.Item id="242" uuid="1514024c-15f5-102d-96e4-000c29c2a5d7">
      <classname>org.openmrs.Privilege</classname>
      <retired>false</retired>
    </org.openmrs.module.metadatasharing.Item>
    <org.openmrs.module.metadatasharing.Item id="243" uuid="6c5f7dc9-1e8e-4761-a959-d56fb89a517c">
      <classname>org.openmrs.Privilege</classname>
      <retired>false</retired>
    </org.openmrs.module.metadatasharing.Item>
    <org.openmrs.module.metadatasharing.Item id="244" uuid="403b89b4-bf04-4d33-b4e3-ab817f11af19">
      <classname>org.openmrs.Privilege</classname>
      <retired>false</retired>
    </org.openmrs.module.metadatasharing.Item>
    <org.openmrs.module.metadatasharing.Item id="245" uuid="8a412141-647d-4fae-8f1d-3cf1d2022bdf">
      <classname>org.openmrs.Privilege</classname>
      <retired>false</retired>
    </org.openmrs.module.metadatasharing.Item>
    <org.openmrs.module.metadatasharing.Item id="246" uuid="93989ef5-22af-45c2-b89d-a4c59413ae71">
      <classname>org.openmrs.Privilege</classname>
      <retired>false</retired>
    </org.openmrs.module.metadatasharing.Item>
    <org.openmrs.module.metadatasharing.Item id="247" uuid="e7eb7c57-37c8-44a9-89ba-e163857b40a2">
      <classname>org.openmrs.Privilege</classname>
      <retired>false</retired>
    </org.openmrs.module.metadatasharing.Item>
    <org.openmrs.module.metadatasharing.Item id="248" uuid="20d2894a-db0c-4db7-b183-dcb6303a39a7">
      <classname>org.openmrs.Privilege</classname>
      <retired>false</retired>
    </org.openmrs.module.metadatasharing.Item>
    <org.openmrs.module.metadatasharing.Item id="249" uuid="75d4969f-2464-499c-ac59-98d731526893">
      <classname>org.openmrs.Privilege</classname>
      <retired>false</retired>
    </org.openmrs.module.metadatasharing.Item>
    <org.openmrs.module.metadatasharing.Item id="250" uuid="c3f3e695-c84a-43b9-8a69-4d30eed94089">
      <classname>org.openmrs.Privilege</classname>
      <retired>false</retired>
    </org.openmrs.module.metadatasharing.Item>
    <org.openmrs.module.metadatasharing.Item id="251" uuid="07a44b90-613f-42cf-8f0e-15c01697792c">
      <classname>org.openmrs.Privilege</classname>
      <retired>false</retired>
    </org.openmrs.module.metadatasharing.Item>
  </relatedItems>
</package>
