<?xml version="1.0" encoding="UTF-8"?>
<package id="1" uuid="6fac924f-6a49-4470-99cb-e5a6f5ae0c44">
  <dateCreated id="2">2012-09-24 12:28:19</dateCreated>
  <name>Privileges</name>
  <description>For outpatient application user.</description>
  <openmrsVersion>1.9.2 SNAPSHOT Build 29053</openmrsVersion>
  <version>1</version>
  <groupUuid>f2247475-fb67-443b-913a-d304d3684ab4</groupUuid>
  <modules id="3">
    <entry>
      <string>mdrtb</string>
      <string>3.0</string>
    </entry>
    <entry>
      <string>htmlwidgets</string>
      <string>1.6.2</string>
    </entry>
    <entry>
      <string>patientregistration</string>
      <string>1.2.3</string>
    </entry>
    <entry>
      <string>namephonetics</string>
      <string>1.3.2</string>
    </entry>
    <entry>
      <string>reportingcompatibility</string>
      <string>1.5.8</string>
    </entry>
    <entry>
      <string>groovy</string>
      <string>2.0.4</string>
    </entry>
    <entry>
      <string>validation</string>
      <string>1.0.1</string>
    </entry>
    <entry>
      <string>htmlformentry</string>
      <string>1.10.0</string>
    </entry>
    <entry>
      <string>pihhaiti</string>
      <string>1.3.5</string>
    </entry>
    <entry>
      <string>patientflags</string>
      <string>1.3.4</string>
    </entry>
    <entry>
      <string>logic</string>
      <string>0.5.2</string>
    </entry>
    <entry>
      <string>usagestatistics</string>
      <string>1.4</string>
    </entry>
    <entry>
      <string>sync</string>
      <string>1.0.5</string>
    </entry>
    <entry>
      <string>idgen</string>
      <string>2.3</string>
    </entry>
    <entry>
      <string>metadatasharing</string>
      <string>1.0.9</string>
    </entry>
    <entry>
      <string>reporting</string>
      <string>0.7.2.1</string>
    </entry>
    <entry>
      <string>addresshierarchy</string>
      <string>2.2.2</string>
    </entry>
    <entry>
      <string>serialization.xstream</string>
      <string>0.2.7</string>
    </entry>
  </modules>
  <items class="linked-hash-set" id="4">
    <org.openmrs.module.metadatasharing.Item id="5" uuid="a47cbdd0-68e8-44e3-9510-7fd496528703">
      <classname>org.openmrs.Privilege</classname>
      <retired>false</retired>
    </org.openmrs.module.metadatasharing.Item>
    <org.openmrs.module.metadatasharing.Item id="6" uuid="b9e5819a-3299-415c-935b-a63c934dfc80">
      <classname>org.openmrs.Privilege</classname>
      <retired>false</retired>
    </org.openmrs.module.metadatasharing.Item>
    <org.openmrs.module.metadatasharing.Item id="7" uuid="44139560-c60c-47c9-ae56-7a8fa3a5b7ef">
      <classname>org.openmrs.Privilege</classname>
      <retired>false</retired>
    </org.openmrs.module.metadatasharing.Item>
    <org.openmrs.module.metadatasharing.Item id="8" uuid="98d6bd7c-c7c4-43ac-9427-e145da43584c">
      <classname>org.openmrs.Privilege</classname>
      <retired>false</retired>
    </org.openmrs.module.metadatasharing.Item>
    <org.openmrs.module.metadatasharing.Item id="9" uuid="a122b5fe-37c4-4b11-8c3c-4b8355197bf4">
      <classname>org.openmrs.Privilege</classname>
      <retired>false</retired>
    </org.openmrs.module.metadatasharing.Item>
    <org.openmrs.module.metadatasharing.Item id="10" uuid="422aab99-1080-4df1-8397-e83bd47520fa">
      <classname>org.openmrs.Privilege</classname>
      <retired>false</retired>
    </org.openmrs.module.metadatasharing.Item>
    <org.openmrs.module.metadatasharing.Item id="11" uuid="f4c6f756-a62d-4720-a656-77b505f71493">
      <classname>org.openmrs.Privilege</classname>
      <retired>false</retired>
    </org.openmrs.module.metadatasharing.Item>
    <org.openmrs.module.metadatasharing.Item id="12" uuid="c5a569ca-7d29-4d48-945c-6158c2507639">
      <classname>org.openmrs.Privilege</classname>
      <retired>false</retired>
    </org.openmrs.module.metadatasharing.Item>
  </items>
  <relatedItems class="linked-hash-set" id="13"/>
</package>
