<?xml version="1.0" encoding="UTF-8"?>
<list id="1">
  <org.openmrs.Privilege id="2" uuid="a47cbdd0-68e8-44e3-9510-7fd496528703">
    <description>This privilege will give a user access to the Primary Care Reception Task in the Patient Registration module</description>
    <retired>false</retired>
    <privilege>Patient Registration Task - primaryCareReception</privilege>
  </org.openmrs.Privilege>
  <org.openmrs.Privilege id="3" uuid="b9e5819a-3299-415c-935b-a63c934dfc80">
    <description>This privilege will give a user access to the View Patient Duplicates Task in the Patient Registration module</description>
    <retired>false</retired>
    <privilege>Patient Registration Task - viewDuplicates</privilege>
  </org.openmrs.Privilege>
  <org.openmrs.Privilege id="4" uuid="44139560-c60c-47c9-ae56-7a8fa3a5b7ef">
    <description>Allows sql scripts for reporting and other area.</description>
    <retired>false</retired>
    <privilege>SQL Level Access</privilege>
  </org.openmrs.Privilege>
  <org.openmrs.Privilege id="5" uuid="98d6bd7c-c7c4-43ac-9427-e145da43584c">
    <description>This privilege will give a user access to the Primary Care Visit Task in the Patient Registration module</description>
    <retired>false</retired>
    <privilege>Patient Registration Task - primaryCareVisit</privilege>
  </org.openmrs.Privilege>
  <org.openmrs.Privilege id="6" uuid="a122b5fe-37c4-4b11-8c3c-4b8355197bf4">
    <description>This privilege will give a user access to the Retrospective Data Entry Task in the Patient Registration module</description>
    <retired>false</retired>
    <privilege>Patient Registration Task - retrospectiveEntry</privilege>
  </org.openmrs.Privilege>
  <org.openmrs.Privilege id="7" uuid="422aab99-1080-4df1-8397-e83bd47520fa">
    <description>This privilege will give a user access to the Reporting Task in the Patient Registration module</description>
    <retired>false</retired>
    <privilege>Patient Registration Task - reporting</privilege>
  </org.openmrs.Privilege>
  <org.openmrs.Privilege id="8" uuid="f4c6f756-a62d-4720-a656-77b505f71493">
    <description>This privilege will give a user access to the Patient Registration Task in the Patient Registration module</description>
    <retired>false</retired>
    <privilege>Patient Registration Task - patientRegistration</privilege>
  </org.openmrs.Privilege>
  <org.openmrs.Privilege id="9" uuid="c5a569ca-7d29-4d48-945c-6158c2507639">
    <description>This privilege will give a user access to the Patient Lookup Task in the Patient Registration module</description>
    <retired>false</retired>
    <privilege>Patient Registration Task - patientLookup</privilege>
  </org.openmrs.Privilege>
</list>
