<?xml version="1.0" encoding="UTF-8"?>
<package id="1" uuid="5fa4a52a-00ab-44ed-9a28-6c444305f9d4">
  <dateCreated id="2">2012-09-20 14:15:37</dateCreated>
  <name>HUM metadata part 1 take 3</name>
  <description>Part one but without the role.</description>
  <openmrsVersion>1.9.2 SNAPSHOT Build 29053</openmrsVersion>
  <version>1</version>
  <groupUuid>2be0be6d-8a42-4eee-ae21-65735f8283d6</groupUuid>
  <modules id="3">
    <entry>
      <string>uilibrary</string>
      <string>1.4-SNAPSHOT</string>
    </entry>
    <entry>
      <string>uiframework</string>
      <string>1.7</string>
    </entry>
    <entry>
      <string>validation</string>
      <string>1.0.1</string>
    </entry>
    <entry>
      <string>htmlformentry</string>
      <string>1.10.0</string>
    </entry>
    <entry>
      <string>metadatasharing</string>
      <string>1.0.9</string>
    </entry>
    <entry>
      <string>logic</string>
      <string>0.5.2</string>
    </entry>
    <entry>
      <string>serialization.xstream</string>
      <string>0.2.7</string>
    </entry>
  </modules>
  <items class="linked-hash-set" id="4">
    <org.openmrs.module.metadatasharing.Item id="5" uuid="e66645eb-03a8-4991-b4ce-e87318e37566">
      <id>11</id>
      <classname>org.openmrs.PatientIdentifierType</classname>
      <dateChanged id="6">2012-01-24 15:00:55</dateChanged>
      <retired>false</retired>
    </org.openmrs.module.metadatasharing.Item>
    <org.openmrs.module.metadatasharing.Item id="7" uuid="a541af1e-105c-40bf-b345-ba1fd6a59b85">
      <id>7</id>
      <classname>org.openmrs.PatientIdentifierType</classname>
      <dateChanged id="8">2010-11-16 12:39:56</dateChanged>
      <retired>false</retired>
    </org.openmrs.module.metadatasharing.Item>
    <org.openmrs.module.metadatasharing.Item id="9" uuid="6de6c415-97a2-4cca-817a-9501cd9ef382">
      <id>13</id>
      <classname>org.openmrs.PersonAttributeType</classname>
      <dateChanged id="10">2012-08-22 13:25:37</dateChanged>
      <retired>false</retired>
    </org.openmrs.module.metadatasharing.Item>
    <org.openmrs.module.metadatasharing.Item id="11" uuid="14d4f066-15f5-102d-96e4-000c29c2a5d7">
      <id>9</id>
      <classname>org.openmrs.PersonAttributeType</classname>
      <dateChanged id="12">2007-08-16 14:38:20</dateChanged>
      <retired>false</retired>
    </org.openmrs.module.metadatasharing.Item>
    <org.openmrs.module.metadatasharing.Item id="13" uuid="55a0d3ea-a4d7-4e88-8f01-5aceb2d3c61b">
      <id>29</id>
      <classname>org.openmrs.EncounterType</classname>
      <dateChanged id="14">2012-01-24 10:39:13</dateChanged>
      <retired>false</retired>
    </org.openmrs.module.metadatasharing.Item>
    <org.openmrs.module.metadatasharing.Item id="15" uuid="1373cf95-06e8-468b-a3da-360ac1cf026d">
      <id>30</id>
      <classname>org.openmrs.EncounterType</classname>
      <dateChanged id="16">2012-01-24 10:40:50</dateChanged>
      <retired>false</retired>
    </org.openmrs.module.metadatasharing.Item>
    <org.openmrs.module.metadatasharing.Item id="17" uuid="873f968a-73a8-4f9c-ac78-9f4778b751b6">
      <id>31</id>
      <classname>org.openmrs.EncounterType</classname>
      <dateChanged id="18">2012-01-24 10:38:06</dateChanged>
      <retired>false</retired>
    </org.openmrs.module.metadatasharing.Item>
    <org.openmrs.module.metadatasharing.Item id="19" uuid="3f65bd34-26fe-102b-80cb-0017a47871b2">
      <id>3</id>
      <classname>org.openmrs.ConceptSource</classname>
      <dateChanged id="20">2010-04-25 15:13:15</dateChanged>
      <retired>false</retired>
    </org.openmrs.module.metadatasharing.Item>
    <org.openmrs.module.metadatasharing.Item id="21" uuid="fb9aaaf1-65e2-4c18-b53c-16b575f2f385">
      <id>5</id>
      <classname>org.openmrs.ConceptSource</classname>
      <dateChanged id="22">2010-11-23 13:56:26</dateChanged>
      <retired>false</retired>
    </org.openmrs.module.metadatasharing.Item>
  </items>
  <relatedItems class="linked-hash-set" id="23"/>
</package>
