<?xml version="1.0" encoding="UTF-8"?>
<list id="1">
  <org.openmrs.PatientIdentifierType id="2" uuid="e66645eb-03a8-4991-b4ce-e87318e37566">
    <name>Nimewo Dosye</name>
    <description>Patient&apos;s Dossier number</description>
    <creator/>
    <dateCreated id="3">2012-01-24 15:00:55</dateCreated>
    <retired>false</retired>
    <patientIdentifierTypeId>11</patientIdentifierTypeId>
    <required>false</required>
    <checkDigit>false</checkDigit>
  </org.openmrs.PatientIdentifierType>
  <org.openmrs.PatientIdentifierType id="4" uuid="a541af1e-105c-40bf-b345-ba1fd6a59b85">
    <name>ZL EMR ID</name>
    <description>A unique identifier issued to all patients by the ZL EMR.  Blocks of this identifier are issued to each site to prevent duplication, so the identifier is unique across all sites.  The identifier uses six digits and is alphanumeric base 30, omitting the letters B, I, O, Q, S and Z as these can be confused with 8, 1, 0, 0, 5 and 2.</description>
    <creator/>
    <dateCreated id="5">2010-11-16 12:39:56</dateCreated>
    <retired>false</retired>
    <patientIdentifierTypeId>7</patientIdentifierTypeId>
    <format></format>
    <required>false</required>
    <formatDescription></formatDescription>
    <checkDigit>true</checkDigit>
    <validator>org.openmrs.module.idgen.validator.LuhnMod30IdentifierValidator</validator>
  </org.openmrs.PatientIdentifierType>
  <org.openmrs.PersonAttributeType id="6" uuid="6de6c415-97a2-4cca-817a-9501cd9ef382">
    <name>Provider Identifier</name>
    <description>Provider Identifier</description>
    <creator/>
    <dateCreated id="7">2012-08-22 13:25:37</dateCreated>
    <retired>false</retired>
    <personAttributeTypeId>13</personAttributeTypeId>
    <format>java.lang.String</format>
    <sortWeight>12.0</sortWeight>
    <searchable>true</searchable>
  </org.openmrs.PersonAttributeType>
  <org.openmrs.PersonAttributeType id="8" uuid="14d4f066-15f5-102d-96e4-000c29c2a5d7">
    <name>Telephone Number</name>
    <description>The telephone number for the person</description>
    <creator/>
    <dateCreated id="9">2007-08-16 14:38:20</dateCreated>
    <changedBy/>
    <dateChanged id="10">2007-08-16 14:38:20</dateChanged>
    <retired>false</retired>
    <personAttributeTypeId>9</personAttributeTypeId>
    <format>java.lang.String</format>
    <sortWeight>7.0</sortWeight>
    <searchable>false</searchable>
  </org.openmrs.PersonAttributeType>
  <org.openmrs.EncounterType id="11" uuid="55a0d3ea-a4d7-4e88-8f01-5aceb2d3c61b">
    <name>Primary care reception</name>
    <description>Primary care reception (in Kreyol it&apos;s &apos;resepsyon swen primè&apos;)</description>
    <creator/>
    <dateCreated id="12">2012-01-24 10:39:13</dateCreated>
    <retired>false</retired>
    <encounterTypeId>29</encounterTypeId>
  </org.openmrs.EncounterType>
  <org.openmrs.EncounterType id="13" uuid="1373cf95-06e8-468b-a3da-360ac1cf026d">
    <name>Primary care visit</name>
    <description>Primary care visit (In Kreyol, it&apos;s &apos;vizit swen primè&apos;)</description>
    <creator/>
    <dateCreated id="14">2012-01-24 10:40:50</dateCreated>
    <retired>false</retired>
    <encounterTypeId>30</encounterTypeId>
  </org.openmrs.EncounterType>
  <org.openmrs.EncounterType id="15" uuid="873f968a-73a8-4f9c-ac78-9f4778b751b6">
    <name>Patient Registration</name>
    <description>Patient registration -- normally a new patient.  (In Kreyol, it&apos;s &apos;Enrejistreman&apos;)</description>
    <creator/>
    <dateCreated id="16">2012-01-24 10:38:06</dateCreated>
    <retired>false</retired>
    <encounterTypeId>31</encounterTypeId>
  </org.openmrs.EncounterType>
  <org.openmrs.ConceptSource id="17" uuid="3f65bd34-26fe-102b-80cb-0017a47871b2">
    <name>ICD-10-WHO</name>
    <description>ICD-10 WHO Version</description>
    <creator/>
    <dateCreated id="18">2010-04-25 15:13:15</dateCreated>
    <retired>false</retired>
    <conceptSourceId>3</conceptSourceId>
  </org.openmrs.ConceptSource>
  <org.openmrs.ConceptSource id="19" uuid="fb9aaaf1-65e2-4c18-b53c-16b575f2f385">
    <name>PIH</name>
    <description>Partners In Health concept dictionary using concept ids and preferred English names</description>
    <creator/>
    <dateCreated id="20">2010-11-23 13:56:26</dateCreated>
    <retired>false</retired>
    <conceptSourceId>5</conceptSourceId>
    <hl7Code>PIH</hl7Code>
  </org.openmrs.ConceptSource>
</list>
