<?xml version="1.0" encoding="UTF-8"?>
<package id="1" uuid="50246542-482b-412c-a8db-2fd67ca09b3e">
  <dateCreated id="2">2013-02-14 23:18:45</dateCreated>
  <name>HUM Provider Roles</name>
  <description>Provider roles at Mirebalais Hospital</description>
  <openmrsVersion>1.9.2 SNAPSHOT Build 29053</openmrsVersion>
  <version>2</version>
  <groupUuid>ebaf1f5d-5c86-485d-9e5f-9d56d545aff3</groupUuid>
  <modules id="3">
    <entry>
      <string>uilibrary</string>
      <string>2.0.3.1</string>
    </entry>
    <entry>
      <string>groovy</string>
      <string>2.2.1</string>
    </entry>
    <entry>
      <string>providermanagement</string>
      <string>1.1.1</string>
    </entry>
    <entry>
      <string>uiframework</string>
      <string>2.4</string>
    </entry>
    <entry>
      <string>validation</string>
      <string>1.0.1</string>
    </entry>
    <entry>
      <string>htmlformentry</string>
      <string>2.0.4</string>
    </entry>
    <entry>
      <string>htmlformentry19ext</string>
      <string>1.0</string>
    </entry>
    <entry>
      <string>metadatamapping</string>
      <string>1.0.1</string>
    </entry>
    <entry>
      <string>metadatasharing</string>
      <string>1.1.2</string>
    </entry>
    <entry>
      <string>logic</string>
      <string>0.5.2</string>
    </entry>
    <entry>
      <string>serialization.xstream</string>
      <string>0.2.7</string>
    </entry>
  </modules>
  <items class="linked-hash-set" id="4">
    <org.openmrs.module.metadatasharing.Item id="5" uuid="7207ba62-027f-4f9b-be67-a9f7a8a3abcc">
      <id>9</id>
      <classname>org.openmrs.module.providermanagement.ProviderRole</classname>
      <dateChanged id="6">2013-02-14 23:08:34</dateChanged>
      <retired>false</retired>
    </org.openmrs.module.metadatasharing.Item>
    <org.openmrs.module.metadatasharing.Item id="7" uuid="96b15916-2d56-4f7b-9072-18c2a23d8ea2">
      <id>15</id>
      <classname>org.openmrs.module.providermanagement.ProviderRole</classname>
      <dateChanged id="8">2013-02-14 23:09:34</dateChanged>
      <retired>false</retired>
    </org.openmrs.module.metadatasharing.Item>
    <org.openmrs.module.metadatasharing.Item id="9" uuid="248bc67b-4da1-4c50-b556-b8584c1c8d65">
      <id>14</id>
      <classname>org.openmrs.module.providermanagement.ProviderRole</classname>
      <dateChanged id="10">2013-02-14 23:09:14</dateChanged>
      <retired>false</retired>
    </org.openmrs.module.metadatasharing.Item>
    <org.openmrs.module.metadatasharing.Item id="11" uuid="61eed524-4547-4228-a3ac-631fe1628a5e">
      <id>17</id>
      <classname>org.openmrs.module.providermanagement.ProviderRole</classname>
      <dateChanged id="12">2013-02-14 23:09:51</dateChanged>
      <retired>false</retired>
    </org.openmrs.module.metadatasharing.Item>
    <org.openmrs.module.metadatasharing.Item id="13" uuid="1474c25d-4fae-46d4-9fce-c77cb17b6610">
      <id>10</id>
      <classname>org.openmrs.module.providermanagement.ProviderRole</classname>
      <dateChanged id="14">2013-02-14 23:08:42</dateChanged>
      <retired>false</retired>
    </org.openmrs.module.metadatasharing.Item>
    <org.openmrs.module.metadatasharing.Item id="15" uuid="8fd1552e-6cb9-4719-b198-23a2c512a073">
      <id>13</id>
      <classname>org.openmrs.module.providermanagement.ProviderRole</classname>
      <dateChanged id="16">2013-02-14 23:09:07</dateChanged>
      <retired>false</retired>
    </org.openmrs.module.metadatasharing.Item>
    <org.openmrs.module.metadatasharing.Item id="17" uuid="3182ee51-b895-4804-a342-5f261e995222">
      <id>11</id>
      <classname>org.openmrs.module.providermanagement.ProviderRole</classname>
      <dateChanged id="18">2013-02-14 23:08:53</dateChanged>
      <retired>false</retired>
    </org.openmrs.module.metadatasharing.Item>
    <org.openmrs.module.metadatasharing.Item id="19" uuid="39c28f78-6637-4c21-9bf4-db3e2398054f">
      <id>12</id>
      <classname>org.openmrs.module.providermanagement.ProviderRole</classname>
      <dateChanged id="20">2013-02-14 23:09:00</dateChanged>
      <retired>false</retired>
    </org.openmrs.module.metadatasharing.Item>
    <org.openmrs.module.metadatasharing.Item id="21" uuid="556ceee6-d899-43d4-a98b-7973ebc85b75">
      <id>8</id>
      <classname>org.openmrs.module.providermanagement.ProviderRole</classname>
      <dateChanged id="22">2013-02-14 23:08:27</dateChanged>
      <retired>false</retired>
    </org.openmrs.module.metadatasharing.Item>
  </items>
  <relatedItems class="linked-hash-set" id="23"/>
  <incrementalVersion>false</incrementalVersion>
</package>
