<?xml version="1.0" encoding="UTF-8"?>
<list id="1">
  <org.openmrs.Location id="2" uuid="a084f714-a536-473b-94e6-ec317b152b43">
    <name>Mirebalais Hospital</name>
    <description>Mirebalais (MoH code 62101)</description>
    <creator/>
    <dateCreated id="3">2012-07-16 14:59:16</dateCreated>
    <retired>false</retired>
    <attributes id="4">
      <org.openmrs.LocationAttribute id="5" uuid="19cddbbe-fe82-448f-b2ab-95c4b73bc6f5">
        <creator/>
        <dateCreated id="6">2012-12-07 20:46:44</dateCreated>
        <voided>false</voided>
        <owner class="org.openmrs.Location" reference="2"/>
        <attributeType class="org.openmrs.LocationAttributeType" id="7" uuid="a5fb5770-409a-11e2-a25f-0800200c9a66">
          <name>Name to print on ID card</name>
          <description>The name to use when printing a location on an id card</description>
          <creator/>
          <dateCreated id="8">2012-12-07 15:22:34</dateCreated>
          <retired>false</retired>
          <minOccurs>0</minOccurs>
          <maxOccurs>1</maxOccurs>
          <datatypeClassname>org.openmrs.customdatatype.datatype.FreeTextDatatype</datatypeClassname>
          <locationAttributeTypeId>1</locationAttributeTypeId>
        </attributeType>
        <valueReference>Mirebalais</valueReference>
        <locationAttributeId>1</locationAttributeId>
      </org.openmrs.LocationAttribute>
    </attributes>
    <locationId>55</locationId>
    <cityVillage>Mirebalais</cityVillage>
    <stateProvince>Centre</stateProvince>
    <country>Haiti</country>
    <childLocations id="9">
      <org.openmrs.Location id="10" uuid="53cd4959-5f4d-4ddc-9971-7fc27e0b7946">
        <name>Main laboratory</name>
        <description>Main laboratory at Mirebalais Hospital</description>
        <creator/>
        <dateCreated id="11">2012-11-13 19:05:53</dateCreated>
        <retired>false</retired>
        <attributes id="12"/>
        <locationId>83</locationId>
        <parentLocation reference="2"/>
        <childLocations id="13"/>
        <tags id="14">
          <org.openmrs.LocationTag id="15" uuid="b8bbf83e-645f-451f-8efe-a0db56f09676">
            <name>Login Location</name>
            <description>When a user logs in and chooses a session location, they may only choose one with this tag</description>
            <creator/>
            <dateCreated id="16">2012-11-03 21:39:44</dateCreated>
            <retired>false</retired>
            <locationTagId>3</locationTagId>
          </org.openmrs.LocationTag>
        </tags>
      </org.openmrs.Location>
      <org.openmrs.Location id="17" uuid="950852f3-8a96-4d82-a5f8-a68a92043164">
        <name>Postpartum ward</name>
        <description>Postpartum ward at Mirebalais Hospital (After giving birth)</description>
        <creator/>
        <dateCreated id="18">2012-11-13 19:04:06</dateCreated>
        <retired>false</retired>
        <attributes id="19"/>
        <locationId>78</locationId>
        <parentLocation reference="2"/>
        <childLocations id="20"/>
        <tags id="21">
          <org.openmrs.LocationTag reference="15"/>
        </tags>
      </org.openmrs.Location>
      <org.openmrs.Location id="22" uuid="9b2066a2-7087-47f6-9b3a-b001037432a3">
        <name>Womens clinic</name>
        <description>Women&apos;s Outpatient clinic at Mirebalais Hospital (Sante Fanm).</description>
        <creator/>
        <dateCreated id="23">2012-09-24 17:08:58</dateCreated>
        <retired>false</retired>
        <attributes id="24"/>
        <locationId>62</locationId>
        <parentLocation reference="2"/>
        <childLocations id="25"/>
        <tags id="26">
          <org.openmrs.LocationTag reference="15"/>
        </tags>
      </org.openmrs.Location>
      <org.openmrs.Location id="27" uuid="cfe92278-0181-4315-ab7d-1731753120f0">
        <name>Radiology</name>
        <description>Radiology at Mirebalais Hospital</description>
        <creator/>
        <dateCreated id="28">2012-11-13 19:14:22</dateCreated>
        <retired>false</retired>
        <attributes id="29"/>
        <locationId>85</locationId>
        <parentLocation reference="2"/>
        <childLocations id="30"/>
        <tags id="31">
          <org.openmrs.LocationTag reference="15"/>
        </tags>
      </org.openmrs.Location>
      <org.openmrs.Location id="32" uuid="f3a5586e-f06c-4dfb-96b0-6f3451a35e90">
        <name>Emergency</name>
        <description>Emergency room at Mirebalais Hospital (Ijans)</description>
        <creator/>
        <dateCreated id="33">2012-09-24 17:10:31</dateCreated>
        <retired>false</retired>
        <attributes id="34"/>
        <locationId>63</locationId>
        <parentLocation reference="2"/>
        <childLocations id="35"/>
        <tags id="36">
          <org.openmrs.LocationTag reference="15"/>
        </tags>
      </org.openmrs.Location>
      <org.openmrs.Location id="37" uuid="109a13a9-029d-498d-b66e-bab5eb396996">
        <name>Pre-op/PACU</name>
        <description>Pre-op/PACU at Mirebalais Hospital (Before surgery, and Post-Anesthesia Care Unit)</description>
        <creator/>
        <dateCreated id="38">2012-11-13 19:02:22</dateCreated>
        <retired>false</retired>
        <attributes id="39"/>
        <locationId>74</locationId>
        <parentLocation reference="2"/>
        <childLocations id="40"/>
        <tags id="41">
          <org.openmrs.LocationTag reference="15"/>
        </tags>
      </org.openmrs.Location>
      <org.openmrs.Location id="42" uuid="199e7d87-92a0-4398-a0f8-11d012178164">
        <name>Outpatient clinic</name>
        <description>The outpatient clinic at Mirebalais Hospital (Klinik Extern).</description>
        <creator/>
        <dateCreated id="43">2012-09-24 17:07:04</dateCreated>
        <retired>false</retired>
        <attributes id="44"/>
        <locationId>61</locationId>
        <parentLocation reference="2"/>
        <childLocations id="45"/>
        <tags id="46">
          <org.openmrs.LocationTag reference="15"/>
        </tags>
      </org.openmrs.Location>
      <org.openmrs.Location id="47" uuid="29437276-aeae-4ea8-8219-720886cdc87f">
        <name>Isolation</name>
        <description>Isolation at Mirebalais Hospital</description>
        <creator/>
        <dateCreated id="48">2012-11-13 19:05:26</dateCreated>
        <retired>false</retired>
        <attributes id="49"/>
        <locationId>82</locationId>
        <parentLocation reference="2"/>
        <childLocations id="50"/>
        <tags id="51">
          <org.openmrs.LocationTag reference="15"/>
        </tags>
      </org.openmrs.Location>
      <org.openmrs.Location id="52" uuid="4f2d9af1-7eec-4228-bbd6-7b0774c6c267">
        <name>Dental</name>
        <description>Dental clinic at Mirebalais Hospital (Dental Clinic).</description>
        <creator/>
        <dateCreated id="53">2012-11-13 15:14:40</dateCreated>
        <retired>false</retired>
        <attributes id="54"/>
        <locationId>65</locationId>
        <parentLocation reference="2"/>
        <childLocations id="55"/>
        <tags id="56">
          <org.openmrs.LocationTag reference="15"/>
        </tags>
      </org.openmrs.Location>
      <org.openmrs.Location id="57" uuid="3b6f010b-5d44-4ded-85b3-70ea7ba79fd5">
        <name>Men’s Internal Medicine A</name>
        <description>Men’s Internal Medicine A at Mirebalais Hospital (1st Inpatient ward for men)</description>
        <creator/>
        <dateCreated id="58">2012-11-13 18:54:56</dateCreated>
        <retired>false</retired>
        <attributes id="59"/>
        <locationId>66</locationId>
        <parentLocation reference="2"/>
        <childLocations id="60"/>
        <tags id="61">
          <org.openmrs.LocationTag reference="15"/>
        </tags>
      </org.openmrs.Location>
      <org.openmrs.Location id="62" uuid="a296d225-0312-4ce5-836c-cb2d8e952f47">
        <name>Men’s Internal Medicine B</name>
        <description>Men’s Internal Medicine B at Mirebalais Hospital (2nd Inpatient ward for men)</description>
        <creator/>
        <dateCreated id="63">2012-11-13 18:56:58</dateCreated>
        <retired>false</retired>
        <attributes id="64"/>
        <locationId>67</locationId>
        <parentLocation reference="2"/>
        <childLocations id="65"/>
        <tags id="66">
          <org.openmrs.LocationTag reference="15"/>
        </tags>
      </org.openmrs.Location>
      <org.openmrs.Location id="67" uuid="e752ec51-5633-489f-aef1-01f285c03f38">
        <name>Pediatrics B</name>
        <description>Pediatrics B at Mirebalais Hospital (2nd Inpatient ward for children)</description>
        <creator/>
        <dateCreated id="68">2012-11-13 19:01:13</dateCreated>
        <retired>false</retired>
        <attributes id="69"/>
        <locationId>71</locationId>
        <parentLocation reference="2"/>
        <childLocations id="70"/>
        <tags id="71">
          <org.openmrs.LocationTag reference="15"/>
        </tags>
      </org.openmrs.Location>
      <org.openmrs.Location id="72" uuid="8e4e930b-e801-44c5-8895-e7ef6feb6d73">
        <name>Women’s Internal Medicine A</name>
        <description>Women’s Internal Medicine A at Mirebalais Hospital (1st Inpatient ward for women)</description>
        <creator/>
        <dateCreated id="73">2012-11-13 19:00:00</dateCreated>
        <retired>false</retired>
        <attributes id="74"/>
        <locationId>68</locationId>
        <parentLocation reference="2"/>
        <childLocations id="75"/>
        <tags id="76">
          <org.openmrs.LocationTag reference="15"/>
        </tags>
      </org.openmrs.Location>
      <org.openmrs.Location id="77" uuid="7d6cc39d-a600-496f-a320-fd4985f07f0b">
        <name>Surgical Ward</name>
        <description>Surgical Ward at Mirebalais Hospital(Surgery)</description>
        <creator/>
        <dateCreated id="78">2012-11-13 19:02:01</dateCreated>
        <retired>false</retired>
        <attributes id="79"/>
        <locationId>73</locationId>
        <parentLocation reference="2"/>
        <childLocations id="80"/>
        <tags id="81">
          <org.openmrs.LocationTag reference="15"/>
        </tags>
      </org.openmrs.Location>
      <org.openmrs.Location id="82" uuid="ec9d2302-b525-45ce-bebe-42ea1d38b251">
        <name>Post-op GYN</name>
        <description>Post-op GYN at Mirebalais Hospital(Recovery after surgery related to gynecology)</description>
        <creator/>
        <dateCreated id="83">2012-11-13 19:04:27</dateCreated>
        <retired>false</retired>
        <attributes id="84"/>
        <locationId>79</locationId>
        <parentLocation reference="2"/>
        <childLocations id="85"/>
        <tags id="86">
          <org.openmrs.LocationTag reference="15"/>
        </tags>
      </org.openmrs.Location>
      <org.openmrs.Location id="87" uuid="dce85b2e-6946-4798-9037-d00f123df7bd">
        <name>Community Health</name>
        <description>Community Health clinic at Mirebalais Hospital (Community Health clinic).</description>
        <creator/>
        <dateCreated id="88">2012-11-13 14:14:25</dateCreated>
        <retired>false</retired>
        <attributes id="89"/>
        <locationId>64</locationId>
        <parentLocation reference="2"/>
        <childLocations id="90"/>
        <tags id="91">
          <org.openmrs.LocationTag reference="15"/>
        </tags>
      </org.openmrs.Location>
      <org.openmrs.Location id="92" uuid="e4ae2d28-d57c-42ba-b7aa-f6fcac421b2c">
        <name>Pediatrics A</name>
        <description>Pediatrics A at Mirebalais Hospital (1st Inpatient ward for children)</description>
        <creator/>
        <dateCreated id="93">2012-11-13 19:00:46</dateCreated>
        <retired>false</retired>
        <attributes id="94"/>
        <locationId>70</locationId>
        <parentLocation reference="2"/>
        <childLocations id="95"/>
        <tags id="96">
          <org.openmrs.LocationTag reference="15"/>
        </tags>
      </org.openmrs.Location>
      <org.openmrs.Location id="97" uuid="62a9500e-a1a5-4235-844f-3a8cc0765d53">
        <name>NICU</name>
        <description>NICU at Mirebalais Hospital (Neonatal Intensive Care Unit)</description>
        <creator/>
        <dateCreated id="98">2012-11-13 19:03:14</dateCreated>
        <retired>false</retired>
        <attributes id="99"/>
        <locationId>76</locationId>
        <parentLocation reference="2"/>
        <childLocations id="100"/>
        <tags id="101">
          <org.openmrs.LocationTag reference="15"/>
        </tags>
      </org.openmrs.Location>
      <org.openmrs.Location id="102" uuid="195d0af1-3887-4a28-a542-b832099fe3ee">
        <name>Women’s Internal Medicine B</name>
        <description>Women’s Internal Medicine B at Mirebalais Hospital (2nd Inpatient ward for women)</description>
        <creator/>
        <dateCreated id="103">2012-11-13 19:00:21</dateCreated>
        <retired>false</retired>
        <attributes id="104"/>
        <locationId>69</locationId>
        <parentLocation reference="2"/>
        <childLocations id="105"/>
        <tags id="106">
          <org.openmrs.LocationTag reference="15"/>
        </tags>
      </org.openmrs.Location>
      <org.openmrs.Location id="107" uuid="41736d90-12f9-4c16-b5a1-5af170b7bf2a">
        <name>Operating Rooms</name>
        <description>Operating Rooms at Mirebalais Hospital (all six operating rooms)</description>
        <creator/>
        <dateCreated id="108">2012-11-13 19:02:50</dateCreated>
        <retired>false</retired>
        <attributes id="109"/>
        <locationId>75</locationId>
        <parentLocation reference="2"/>
        <childLocations id="110"/>
        <tags id="111">
          <org.openmrs.LocationTag reference="15"/>
        </tags>
      </org.openmrs.Location>
      <org.openmrs.Location id="112" uuid="d65eb8cf-d781-4ea8-9d9a-2b3e03c6074c">
        <name>Women’s Triage</name>
        <description>Women’s Triage at Mirebalais Hospital</description>
        <creator/>
        <dateCreated id="113">2012-11-13 19:05:07</dateCreated>
        <retired>false</retired>
        <attributes id="114"/>
        <locationId>81</locationId>
        <parentLocation reference="2"/>
        <childLocations id="115"/>
        <tags id="116">
          <org.openmrs.LocationTag reference="15"/>
        </tags>
      </org.openmrs.Location>
      <org.openmrs.Location id="117" uuid="b6fcd85f-5995-43c9-875f-3bb2299087ff">
        <name>ICU</name>
        <description>ICU at Mirebalais Hospital (Intensive Care Unit)</description>
        <creator/>
        <dateCreated id="118">2012-11-13 19:01:37</dateCreated>
        <retired>false</retired>
        <attributes id="119"/>
        <locationId>72</locationId>
        <parentLocation reference="2"/>
        <childLocations id="120"/>
        <tags id="121">
          <org.openmrs.LocationTag reference="15"/>
        </tags>
      </org.openmrs.Location>
      <org.openmrs.Location id="122" uuid="dcfefcb7-163b-47e5-84ae-f715cf3e0e92">
        <name>Labor and Delivery</name>
        <description>Labor and Delivery at Mirebalais Hospital (Births)</description>
        <creator/>
        <dateCreated id="123">2012-11-13 19:04:45</dateCreated>
        <retired>false</retired>
        <attributes id="124"/>
        <locationId>80</locationId>
        <parentLocation reference="2"/>
        <childLocations id="125"/>
        <tags id="126">
          <org.openmrs.LocationTag reference="15"/>
        </tags>
      </org.openmrs.Location>
      <org.openmrs.Location id="127" uuid="be50d584-26b2-4371-8768-2b9565742b3b">
        <name>Central Archives</name>
        <description>Central Archives room at Mirebalais Hospital</description>
        <creator/>
        <dateCreated id="128">2013-01-10 18:18:04</dateCreated>
        <retired>false</retired>
        <attributes id="129"/>
        <locationId>86</locationId>
        <parentLocation reference="2"/>
        <childLocations id="130"/>
        <tags id="131">
          <org.openmrs.LocationTag reference="15"/>
        </tags>
      </org.openmrs.Location>
      <org.openmrs.Location id="132" uuid="0198d2c3-9c08-45b6-88df-cbb60446ef00">
        <name>Women’s Outpatient Laboratory</name>
        <description>Women’s Outpatient Laboratory at Mirebalais Hospital</description>
        <creator/>
        <dateCreated id="133">2012-11-13 19:06:18</dateCreated>
        <retired>false</retired>
        <attributes id="134"/>
        <locationId>84</locationId>
        <parentLocation reference="2"/>
        <childLocations id="135"/>
        <tags id="136">
          <org.openmrs.LocationTag reference="15"/>
        </tags>
      </org.openmrs.Location>
      <org.openmrs.Location id="137" uuid="272bd989-a8ee-4a16-b5aa-55bad4e84f5c">
        <name>Antepartum ward</name>
        <description>Antepartum ward at Mirebalais Hospital (Before giving birth)</description>
        <creator/>
        <dateCreated id="138">2012-11-13 19:03:36</dateCreated>
        <retired>false</retired>
        <attributes id="139"/>
        <locationId>77</locationId>
        <parentLocation reference="2"/>
        <childLocations id="140"/>
        <tags id="141">
          <org.openmrs.LocationTag reference="15"/>
        </tags>
      </org.openmrs.Location>
    </childLocations>
    <tags id="142">
      <org.openmrs.LocationTag id="143" uuid="71c99f93-bc0c-4a44-b573-a7ac096ff636">
        <name>Medical Record Location</name>
        <description>Notes that this location is a valid identifier location for an identifier that references a paper medical record</description>
        <creator/>
        <dateCreated id="144">2012-10-09 19:01:33</dateCreated>
        <retired>false</retired>
        <locationTagId>1</locationTagId>
      </org.openmrs.LocationTag>
      <org.openmrs.LocationTag id="145" uuid="0967d73d-f3c9-492b-abed-356478610a94">
        <name>Visit Location</name>
        <description>Visits are only allowed to happen at locations tagged with this location tag or at locations that descend from a location tagged with this tag.</description>
        <creator/>
        <dateCreated id="146">2012-10-23 16:13:45</dateCreated>
        <retired>false</retired>
        <locationTagId>2</locationTagId>
      </org.openmrs.LocationTag>
    </tags>
  </org.openmrs.Location>
  <org.openmrs.Location reference="137"/>
  <org.openmrs.Location reference="17"/>
  <org.openmrs.Location reference="72"/>
  <org.openmrs.Location reference="122"/>
  <org.openmrs.Location reference="77"/>
  <org.openmrs.Location reference="52"/>
  <org.openmrs.Location reference="10"/>
  <org.openmrs.Location reference="37"/>
  <org.openmrs.Location reference="117"/>
  <org.openmrs.Location reference="87"/>
  <org.openmrs.Location reference="82"/>
  <org.openmrs.Location reference="47"/>
  <org.openmrs.Location reference="102"/>
  <org.openmrs.Location reference="22"/>
  <org.openmrs.Location reference="57"/>
  <org.openmrs.Location reference="27"/>
  <org.openmrs.Location reference="107"/>
  <org.openmrs.Location reference="62"/>
  <org.openmrs.Location reference="32"/>
  <org.openmrs.Location reference="42"/>
  <org.openmrs.Location reference="97"/>
  <org.openmrs.Location reference="112"/>
  <org.openmrs.Location reference="92"/>
  <org.openmrs.Location reference="67"/>
  <org.openmrs.Location reference="132"/>
</list>
