<?xml version="1.0" encoding="UTF-8"?>
<list id="1">
  <org.openmrs.Location id="2" uuid="a084f714-a536-473b-94e6-ec317b152b43">
    <name>Mirebalais Hospital</name>
    <description>Mirebalais (MoH code 62101)</description>
    <creator/>
    <dateCreated id="3">2012-07-16 14:59:16</dateCreated>
    <retired>false</retired>
    <attributes id="4"/>
    <locationId>55</locationId>
    <cityVillage>Mirebalais</cityVillage>
    <stateProvince>Centre</stateProvince>
    <country>Haiti</country>
    <childLocations id="5">
      <org.openmrs.Location id="6" uuid="9b2066a2-7087-47f6-9b3a-b001037432a3">
        <name>Womens clinic</name>
        <description>Women&apos;s Outpatient clinic at Mirebalais Hospital (Sante Fanm).</description>
        <creator/>
        <dateCreated id="7">2012-09-24 17:08:58</dateCreated>
        <retired>false</retired>
        <attributes id="8"/>
        <locationId>62</locationId>
        <parentLocation reference="2"/>
        <childLocations id="9"/>
        <tags id="10"/>
      </org.openmrs.Location>
      <org.openmrs.Location id="11" uuid="f3a5586e-f06c-4dfb-96b0-6f3451a35e90">
        <name>Emergency</name>
        <description>Emergency room at Mirebalais Hospital (Ijans)</description>
        <creator/>
        <dateCreated id="12">2012-09-24 17:10:31</dateCreated>
        <retired>false</retired>
        <attributes id="13"/>
        <locationId>63</locationId>
        <parentLocation reference="2"/>
        <childLocations id="14"/>
        <tags id="15"/>
      </org.openmrs.Location>
      <org.openmrs.Location id="16" uuid="199e7d87-92a0-4398-a0f8-11d012178164">
        <name>Outpatient clinic</name>
        <description>The outpatient clinic at Mirebalais Hospital (Klinik Extern).</description>
        <creator/>
        <dateCreated id="17">2012-09-24 17:07:04</dateCreated>
        <retired>false</retired>
        <attributes id="18"/>
        <locationId>61</locationId>
        <parentLocation reference="2"/>
        <childLocations id="19"/>
        <tags id="20"/>
      </org.openmrs.Location>
    </childLocations>
    <tags id="21">
      <org.openmrs.LocationTag id="22" uuid="71c99f93-bc0c-4a44-b573-a7ac096ff636">
        <name>Medical Record Location</name>
        <description>Notes that this location is a valid identifier location for an identifier that references a paper medical record</description>
        <creator/>
        <dateCreated id="23">2012-10-09 19:01:33</dateCreated>
        <retired>false</retired>
        <locationTagId>1</locationTagId>
      </org.openmrs.LocationTag>
    </tags>
  </org.openmrs.Location>
</list>
