<?xml version="1.0" encoding="UTF-8"?>
<package id="1" uuid="d6b8f131-791c-401e-b66a-032557420162">
  <dateCreated id="2">2012-12-11 22:53:47</dateCreated>
  <name>HUM Clinical Concepts</name>
  <description>Concepts for use in clinical care at HÔPITAL UNIVERSITAIRE DE MIREBALAIS</description>
  <openmrsVersion>1.9.2 SNAPSHOT Build 29053</openmrsVersion>
  <version>1</version>
  <groupUuid>7003f131-7a15-4292-9513-c9fe52a73235</groupUuid>
  <modules id="3">
    <entry>
      <string>uilibrary</string>
      <string>1.4-SNAPSHOT</string>
    </entry>
    <entry>
      <string>uiframework</string>
      <string>1.7</string>
    </entry>
    <entry>
      <string>validation</string>
      <string>1.0.1</string>
    </entry>
    <entry>
      <string>htmlformentry</string>
      <string>1.10.0</string>
    </entry>
    <entry>
      <string>metadatasharing</string>
      <string>1.1-SNAPSHOT</string>
    </entry>
    <entry>
      <string>logic</string>
      <string>0.5.2</string>
    </entry>
    <entry>
      <string>serialization.xstream</string>
      <string>0.2.7</string>
    </entry>
  </modules>
  <items class="linked-hash-set" id="4">
    <org.openmrs.module.metadatasharing.Item id="5" uuid="3ce934fa-26fe-102b-80cb-0017a47871b2">
      <id>5085</id>
      <classname>org.openmrs.ConceptNumeric</classname>
      <dateChanged id="6">2011-06-02 12:09:19</dateChanged>
      <retired>false</retired>
    </org.openmrs.module.metadatasharing.Item>
    <org.openmrs.module.metadatasharing.Item id="7" uuid="3ce9401c-26fe-102b-80cb-0017a47871b2">
      <id>5092</id>
      <classname>org.openmrs.ConceptNumeric</classname>
      <dateChanged id="8">2009-02-23 07:44:55</dateChanged>
      <retired>false</retired>
    </org.openmrs.module.metadatasharing.Item>
    <org.openmrs.module.metadatasharing.Item id="9" uuid="3ce93b62-26fe-102b-80cb-0017a47871b2">
      <id>5089</id>
      <classname>org.openmrs.ConceptNumeric</classname>
      <dateChanged id="10">2012-06-21 20:22:26</dateChanged>
      <retired>false</retired>
    </org.openmrs.module.metadatasharing.Item>
    <org.openmrs.module.metadatasharing.Item id="11" uuid="3ce939d2-26fe-102b-80cb-0017a47871b2">
      <id>5088</id>
      <classname>org.openmrs.ConceptNumeric</classname>
      <dateChanged id="12">2011-06-02 12:08:53</dateChanged>
      <retired>false</retired>
    </org.openmrs.module.metadatasharing.Item>
    <org.openmrs.module.metadatasharing.Item id="13" uuid="3ceb11f8-26fe-102b-80cb-0017a47871b2">
      <id>5242</id>
      <classname>org.openmrs.ConceptNumeric</classname>
      <dateChanged id="14">2011-06-02 12:10:30</dateChanged>
      <retired>false</retired>
    </org.openmrs.module.metadatasharing.Item>
    <org.openmrs.module.metadatasharing.Item id="15" uuid="3ce93824-26fe-102b-80cb-0017a47871b2">
      <id>5087</id>
      <classname>org.openmrs.ConceptNumeric</classname>
      <dateChanged id="16">2012-06-21 20:24:20</dateChanged>
      <retired>false</retired>
    </org.openmrs.module.metadatasharing.Item>
    <org.openmrs.module.metadatasharing.Item id="17" uuid="3ce93694-26fe-102b-80cb-0017a47871b2">
      <id>5086</id>
      <classname>org.openmrs.ConceptNumeric</classname>
      <dateChanged id="18">2011-03-21 14:58:18</dateChanged>
      <retired>false</retired>
    </org.openmrs.module.metadatasharing.Item>
  </items>
  <relatedItems class="linked-hash-set" id="19">
    <org.openmrs.module.metadatasharing.Item id="20" uuid="8d4a4488-c2cc-11de-8d13-0010c6dffd0f">
      <id>1</id>
      <classname>org.openmrs.ConceptDatatype</classname>
      <dateChanged id="21">2004-02-02 00:00:00</dateChanged>
      <retired>false</retired>
    </org.openmrs.module.metadatasharing.Item>
    <org.openmrs.module.metadatasharing.Item id="22" uuid="8d4907b2-c2cc-11de-8d13-0010c6dffd0f">
      <id>1</id>
      <classname>org.openmrs.ConceptClass</classname>
      <dateChanged id="23">2004-02-02 00:00:00</dateChanged>
      <retired>false</retired>
    </org.openmrs.module.metadatasharing.Item>
    <org.openmrs.module.metadatasharing.Item id="24" uuid="0b7f9ee4-15f5-102d-96e4-000c29c2a5d7">
      <id>6166</id>
      <classname>org.openmrs.ConceptName</classname>
      <dateChanged id="25">2004-08-12 00:00:00</dateChanged>
    </org.openmrs.module.metadatasharing.Item>
    <org.openmrs.module.metadatasharing.Item id="26" uuid="93bf63c8-07d4-102c-b5fa-0017a47871b2">
      <id>7610</id>
      <classname>org.openmrs.ConceptName</classname>
      <dateChanged id="27">2004-10-07 00:00:00</dateChanged>
    </org.openmrs.module.metadatasharing.Item>
    <org.openmrs.module.metadatasharing.Item id="28" uuid="f7513de0-d5db-102d-ad2a-000c29c2a5d7">
      <id>13616</id>
      <classname>org.openmrs.ConceptName</classname>
      <dateChanged id="29">2010-06-29 13:05:29</dateChanged>
    </org.openmrs.module.metadatasharing.Item>
    <org.openmrs.module.metadatasharing.Item id="30" uuid="3e3b002c-26fe-102b-80cb-0017a47871b2">
      <id>3450</id>
      <classname>org.openmrs.ConceptName</classname>
      <dateChanged id="31">2004-08-12 00:00:00</dateChanged>
    </org.openmrs.module.metadatasharing.Item>
    <org.openmrs.module.metadatasharing.Item id="32" uuid="9569c402-07d4-102c-b5fa-0017a47871b2">
      <id>7725</id>
      <classname>org.openmrs.ConceptName</classname>
      <dateChanged id="33">2004-10-07 00:00:00</dateChanged>
    </org.openmrs.module.metadatasharing.Item>
    <org.openmrs.module.metadatasharing.Item id="34" uuid="9569d14a-07d4-102c-b5fa-0017a47871b2">
      <id>7728</id>
      <classname>org.openmrs.ConceptName</classname>
      <dateChanged id="35">2007-05-12 10:35:20</dateChanged>
    </org.openmrs.module.metadatasharing.Item>
    <org.openmrs.module.metadatasharing.Item id="36" uuid="ecf7002a-07fe-102c-b5fa-0017a47871b2">
      <id>2886</id>
      <classname>org.openmrs.ConceptDescription</classname>
      <dateChanged id="37">2011-06-02 12:09:19</dateChanged>
    </org.openmrs.module.metadatasharing.Item>
    <org.openmrs.module.metadatasharing.Item id="38" uuid="0f895909-532b-443b-94f6-4db6dc9c2abd">
      <id>12656</id>
      <classname>org.openmrs.ConceptMap</classname>
      <dateChanged id="39">2012-06-21 16:49:52</dateChanged>
    </org.openmrs.module.metadatasharing.Item>
    <org.openmrs.module.metadatasharing.Item id="40" uuid="35543629-7d8c-11e1-909d-c80aa9edcf4e">
      <id>1</id>
      <classname>org.openmrs.ConceptMapType</classname>
      <dateChanged id="41">2012-06-21 00:00:00</dateChanged>
      <retired>false</retired>
    </org.openmrs.module.metadatasharing.Item>
    <org.openmrs.module.metadatasharing.Item id="42" uuid="b5fc6092-8c44-34ff-bb7b-d6828ebcb6eb">
      <id>12656</id>
      <classname>org.openmrs.ConceptReferenceTerm</classname>
      <dateChanged id="43">2011-06-02 00:00:00</dateChanged>
      <retired>false</retired>
    </org.openmrs.module.metadatasharing.Item>
    <org.openmrs.module.metadatasharing.Item id="44" uuid="ddb6b595-0b85-4a80-9243-efe4ba404eef">
      <id>4</id>
      <classname>org.openmrs.ConceptSource</classname>
      <dateChanged id="45">2010-09-28 10:32:54</dateChanged>
      <retired>false</retired>
    </org.openmrs.module.metadatasharing.Item>
    <org.openmrs.module.metadatasharing.Item id="46" uuid="b263794a-4864-102e-96e9-000c29c2a5d7">
      <id>4156</id>
      <classname>org.openmrs.ConceptMap</classname>
      <dateChanged id="47">2012-06-21 16:49:52</dateChanged>
    </org.openmrs.module.metadatasharing.Item>
    <org.openmrs.module.metadatasharing.Item id="48" uuid="2f48f0fc-f76d-3791-8377-dc5a3d300944">
      <id>4156</id>
      <classname>org.openmrs.ConceptReferenceTerm</classname>
      <dateChanged id="49">2010-11-23 00:00:00</dateChanged>
      <retired>false</retired>
    </org.openmrs.module.metadatasharing.Item>
    <org.openmrs.module.metadatasharing.Item id="50" uuid="fb9aaaf1-65e2-4c18-b53c-16b575f2f385">
      <id>5</id>
      <classname>org.openmrs.ConceptSource</classname>
      <dateChanged id="51">2010-11-23 13:56:26</dateChanged>
      <retired>false</retired>
    </org.openmrs.module.metadatasharing.Item>
    <org.openmrs.module.metadatasharing.Item id="52" uuid="75a40a58-4943-102e-96e9-000c29c2a5d7">
      <id>9897</id>
      <classname>org.openmrs.ConceptMap</classname>
      <dateChanged id="53">2012-06-21 16:49:52</dateChanged>
    </org.openmrs.module.metadatasharing.Item>
    <org.openmrs.module.metadatasharing.Item id="54" uuid="870cb1c9-663a-393e-938c-d367228b642e">
      <id>9897</id>
      <classname>org.openmrs.ConceptReferenceTerm</classname>
      <dateChanged id="55">2010-11-24 00:00:00</dateChanged>
      <retired>false</retired>
    </org.openmrs.module.metadatasharing.Item>
    <org.openmrs.module.metadatasharing.Item id="56" uuid="93bf8aa6-07d4-102c-b5fa-0017a47871b2">
      <id>6175</id>
      <classname>org.openmrs.ConceptName</classname>
      <dateChanged id="57">2004-08-12 00:00:00</dateChanged>
    </org.openmrs.module.metadatasharing.Item>
    <org.openmrs.module.metadatasharing.Item id="58" uuid="3e3b0d4c-26fe-102b-80cb-0017a47871b2">
      <id>3459</id>
      <classname>org.openmrs.ConceptName</classname>
      <dateChanged id="59">2004-08-12 00:00:00</dateChanged>
    </org.openmrs.module.metadatasharing.Item>
    <org.openmrs.module.metadatasharing.Item id="60" uuid="0b88f93a-15f5-102d-96e4-000c29c2a5d7">
      <id>7609</id>
      <classname>org.openmrs.ConceptName</classname>
      <dateChanged id="61">2004-10-07 00:00:00</dateChanged>
    </org.openmrs.module.metadatasharing.Item>
    <org.openmrs.module.metadatasharing.Item id="62" uuid="f751da02-d5db-102d-ad2a-000c29c2a5d7">
      <id>13622</id>
      <classname>org.openmrs.ConceptName</classname>
      <dateChanged id="63">2010-06-29 13:05:29</dateChanged>
    </org.openmrs.module.metadatasharing.Item>
    <org.openmrs.module.metadatasharing.Item id="64" uuid="ecf71aec-07fe-102c-b5fa-0017a47871b2">
      <id>2895</id>
      <classname>org.openmrs.ConceptDescription</classname>
      <dateChanged id="65">2004-08-12 00:00:00</dateChanged>
    </org.openmrs.module.metadatasharing.Item>
    <org.openmrs.module.metadatasharing.Item id="66" uuid="b26383b8-4864-102e-96e9-000c29c2a5d7">
      <id>4163</id>
      <classname>org.openmrs.ConceptMap</classname>
      <dateChanged id="67">2012-06-21 16:49:52</dateChanged>
    </org.openmrs.module.metadatasharing.Item>
    <org.openmrs.module.metadatasharing.Item id="68" uuid="7fa22cb1-635a-33fa-a219-6cd9850e658e">
      <id>4163</id>
      <classname>org.openmrs.ConceptReferenceTerm</classname>
      <dateChanged id="69">2010-11-23 00:00:00</dateChanged>
      <retired>false</retired>
    </org.openmrs.module.metadatasharing.Item>
    <org.openmrs.module.metadatasharing.Item id="70" uuid="75a41430-4943-102e-96e9-000c29c2a5d7">
      <id>9904</id>
      <classname>org.openmrs.ConceptMap</classname>
      <dateChanged id="71">2012-06-21 16:49:52</dateChanged>
    </org.openmrs.module.metadatasharing.Item>
    <org.openmrs.module.metadatasharing.Item id="72" uuid="936ca0ad-2df7-33ef-b567-b397dab96b1b">
      <id>9904</id>
      <classname>org.openmrs.ConceptReferenceTerm</classname>
      <dateChanged id="73">2010-11-24 00:00:00</dateChanged>
      <retired>false</retired>
    </org.openmrs.module.metadatasharing.Item>
    <org.openmrs.module.metadatasharing.Item id="74" uuid="3e3b077a-26fe-102b-80cb-0017a47871b2">
      <id>3455</id>
      <classname>org.openmrs.ConceptName</classname>
      <dateChanged id="75">2004-08-12 00:00:00</dateChanged>
    </org.openmrs.module.metadatasharing.Item>
    <org.openmrs.module.metadatasharing.Item id="76" uuid="01c39def-19a9-4833-b328-94e1620ac1f2">
      <id>14080</id>
      <classname>org.openmrs.ConceptName</classname>
      <dateChanged id="77">2010-07-28 05:29:29</dateChanged>
    </org.openmrs.module.metadatasharing.Item>
    <org.openmrs.module.metadatasharing.Item id="78" uuid="3e3b08f6-26fe-102b-80cb-0017a47871b2">
      <id>3456</id>
      <classname>org.openmrs.ConceptName</classname>
      <dateChanged id="79">2006-06-07 21:13:50</dateChanged>
    </org.openmrs.module.metadatasharing.Item>
    <org.openmrs.module.metadatasharing.Item id="80" uuid="f751a42e-d5db-102d-ad2a-000c29c2a5d7">
      <id>13620</id>
      <classname>org.openmrs.ConceptName</classname>
      <dateChanged id="81">2012-06-21 20:22:26</dateChanged>
    </org.openmrs.module.metadatasharing.Item>
    <org.openmrs.module.metadatasharing.Item id="82" uuid="93bf7980-07d4-102c-b5fa-0017a47871b2">
      <id>6171</id>
      <classname>org.openmrs.ConceptName</classname>
      <dateChanged id="83">2004-08-12 00:00:00</dateChanged>
    </org.openmrs.module.metadatasharing.Item>
    <org.openmrs.module.metadatasharing.Item id="84" uuid="93bf7dcc-07d4-102c-b5fa-0017a47871b2">
      <id>6172</id>
      <classname>org.openmrs.ConceptName</classname>
      <dateChanged id="85">2006-06-07 21:13:50</dateChanged>
    </org.openmrs.module.metadatasharing.Item>
    <org.openmrs.module.metadatasharing.Item id="86" uuid="ecf70df4-07fe-102c-b5fa-0017a47871b2">
      <id>2891</id>
      <classname>org.openmrs.ConceptDescription</classname>
      <dateChanged id="87">2011-06-02 12:07:44</dateChanged>
    </org.openmrs.module.metadatasharing.Item>
    <org.openmrs.module.metadatasharing.Item id="88" uuid="ecf71128-07fe-102c-b5fa-0017a47871b2">
      <id>2892</id>
      <classname>org.openmrs.ConceptDescription</classname>
      <dateChanged id="89">2011-06-02 12:07:44</dateChanged>
    </org.openmrs.module.metadatasharing.Item>
    <org.openmrs.module.metadatasharing.Item id="90" uuid="b2637f58-4864-102e-96e9-000c29c2a5d7">
      <id>4160</id>
      <classname>org.openmrs.ConceptMap</classname>
      <dateChanged id="91">2012-06-21 16:49:52</dateChanged>
    </org.openmrs.module.metadatasharing.Item>
    <org.openmrs.module.metadatasharing.Item id="92" uuid="31a10827-be34-31d1-90aa-6145bf47be39">
      <id>4160</id>
      <classname>org.openmrs.ConceptReferenceTerm</classname>
      <dateChanged id="93">2010-11-23 00:00:00</dateChanged>
      <retired>false</retired>
    </org.openmrs.module.metadatasharing.Item>
    <org.openmrs.module.metadatasharing.Item id="94" uuid="75a40ff8-4943-102e-96e9-000c29c2a5d7">
      <id>9901</id>
      <classname>org.openmrs.ConceptMap</classname>
      <dateChanged id="95">2012-06-21 16:49:52</dateChanged>
    </org.openmrs.module.metadatasharing.Item>
    <org.openmrs.module.metadatasharing.Item id="96" uuid="65982bc1-65d0-3d1c-bcde-1e397ddad4e4">
      <id>9901</id>
      <classname>org.openmrs.ConceptReferenceTerm</classname>
      <dateChanged id="97">2010-11-24 00:00:00</dateChanged>
      <retired>false</retired>
    </org.openmrs.module.metadatasharing.Item>
    <org.openmrs.module.metadatasharing.Item id="98" uuid="13c63194-8819-4b6d-b8d6-c5a70aa53c47">
      <id>12654</id>
      <classname>org.openmrs.ConceptMap</classname>
      <dateChanged id="99">2012-06-21 16:49:52</dateChanged>
    </org.openmrs.module.metadatasharing.Item>
    <org.openmrs.module.metadatasharing.Item id="100" uuid="fe16acd1-98d0-34c3-8879-d61b51b1406a">
      <id>12654</id>
      <classname>org.openmrs.ConceptReferenceTerm</classname>
      <dateChanged id="101">2011-06-02 00:00:00</dateChanged>
      <retired>false</retired>
    </org.openmrs.module.metadatasharing.Item>
    <org.openmrs.module.metadatasharing.Item id="102" uuid="8918dc21-70a5-4f2e-8fbd-6c669620ff35">
      <id>14078</id>
      <classname>org.openmrs.ConceptName</classname>
      <dateChanged id="103">2010-07-28 05:25:05</dateChanged>
    </org.openmrs.module.metadatasharing.Item>
    <org.openmrs.module.metadatasharing.Item id="104" uuid="0b7fa2b8-15f5-102d-96e4-000c29c2a5d7">
      <id>6170</id>
      <classname>org.openmrs.ConceptName</classname>
      <dateChanged id="105">2004-08-12 00:00:00</dateChanged>
    </org.openmrs.module.metadatasharing.Item>
    <org.openmrs.module.metadatasharing.Item id="106" uuid="f75189da-d5db-102d-ad2a-000c29c2a5d7">
      <id>13619</id>
      <classname>org.openmrs.ConceptName</classname>
      <dateChanged id="107">2010-06-29 13:05:29</dateChanged>
    </org.openmrs.module.metadatasharing.Item>
    <org.openmrs.module.metadatasharing.Item id="108" uuid="0b899386-15f5-102d-96e4-000c29c2a5d7">
      <id>7756</id>
      <classname>org.openmrs.ConceptName</classname>
      <dateChanged id="109">2004-10-07 00:00:00</dateChanged>
    </org.openmrs.module.metadatasharing.Item>
    <org.openmrs.module.metadatasharing.Item id="110" uuid="3e3b0608-26fe-102b-80cb-0017a47871b2">
      <id>3454</id>
      <classname>org.openmrs.ConceptName</classname>
      <dateChanged id="111">2004-08-12 00:00:00</dateChanged>
    </org.openmrs.module.metadatasharing.Item>
    <org.openmrs.module.metadatasharing.Item id="112" uuid="ecf70ac0-07fe-102c-b5fa-0017a47871b2">
      <id>2890</id>
      <classname>org.openmrs.ConceptDescription</classname>
      <dateChanged id="113">2011-06-02 12:08:53</dateChanged>
    </org.openmrs.module.metadatasharing.Item>
    <org.openmrs.module.metadatasharing.Item id="114" uuid="cb586f64-989d-4fd6-8678-97274a5ba554">
      <id>12655</id>
      <classname>org.openmrs.ConceptMap</classname>
      <dateChanged id="115">2012-06-21 16:49:52</dateChanged>
    </org.openmrs.module.metadatasharing.Item>
    <org.openmrs.module.metadatasharing.Item id="116" uuid="c2d3141b-bac7-37fe-b778-bb9b5505f2b3">
      <id>12655</id>
      <classname>org.openmrs.ConceptReferenceTerm</classname>
      <dateChanged id="117">2011-06-02 00:00:00</dateChanged>
      <retired>false</retired>
    </org.openmrs.module.metadatasharing.Item>
    <org.openmrs.module.metadatasharing.Item id="118" uuid="b2637ddc-4864-102e-96e9-000c29c2a5d7">
      <id>4159</id>
      <classname>org.openmrs.ConceptMap</classname>
      <dateChanged id="119">2012-06-21 16:49:52</dateChanged>
    </org.openmrs.module.metadatasharing.Item>
    <org.openmrs.module.metadatasharing.Item id="120" uuid="19447227-009d-34bd-9ab5-2edadedc38d7">
      <id>4159</id>
      <classname>org.openmrs.ConceptReferenceTerm</classname>
      <dateChanged id="121">2010-11-23 00:00:00</dateChanged>
      <retired>false</retired>
    </org.openmrs.module.metadatasharing.Item>
    <org.openmrs.module.metadatasharing.Item id="122" uuid="75a40e90-4943-102e-96e9-000c29c2a5d7">
      <id>9900</id>
      <classname>org.openmrs.ConceptMap</classname>
      <dateChanged id="123">2012-06-21 16:49:52</dateChanged>
    </org.openmrs.module.metadatasharing.Item>
    <org.openmrs.module.metadatasharing.Item id="124" uuid="c32cfd61-1b4d-338b-8f93-c7fc097e036d">
      <id>9900</id>
      <classname>org.openmrs.ConceptReferenceTerm</classname>
      <dateChanged id="125">2010-11-24 00:00:00</dateChanged>
      <retired>false</retired>
    </org.openmrs.module.metadatasharing.Item>
    <org.openmrs.module.metadatasharing.Item id="126" uuid="8d491a9a-c2cc-11de-8d13-0010c6dffd0f">
      <id>5</id>
      <classname>org.openmrs.ConceptClass</classname>
      <dateChanged id="127">2004-03-02 00:00:00</dateChanged>
      <retired>false</retired>
    </org.openmrs.module.metadatasharing.Item>
    <org.openmrs.module.metadatasharing.Item id="128" uuid="95660b50-07d4-102c-b5fa-0017a47871b2">
      <id>7595</id>
      <classname>org.openmrs.ConceptName</classname>
      <dateChanged id="129">2004-11-07 00:00:00</dateChanged>
    </org.openmrs.module.metadatasharing.Item>
    <org.openmrs.module.metadatasharing.Item id="130" uuid="f75918e4-d5db-102d-ad2a-000c29c2a5d7">
      <id>13673</id>
      <classname>org.openmrs.ConceptName</classname>
      <dateChanged id="131">2010-06-29 13:05:29</dateChanged>
    </org.openmrs.module.metadatasharing.Item>
    <org.openmrs.module.metadatasharing.Item id="132" uuid="9564dc26-07d4-102c-b5fa-0017a47871b2">
      <id>7564</id>
      <classname>org.openmrs.ConceptName</classname>
      <dateChanged id="133">2007-05-12 10:33:49</dateChanged>
    </org.openmrs.module.metadatasharing.Item>
    <org.openmrs.module.metadatasharing.Item id="134" uuid="3e3cde92-26fe-102b-80cb-0017a47871b2">
      <id>3609</id>
      <classname>org.openmrs.ConceptName</classname>
      <dateChanged id="135">2004-08-12 00:00:00</dateChanged>
    </org.openmrs.module.metadatasharing.Item>
    <org.openmrs.module.metadatasharing.Item id="136" uuid="ed14a3a0-07fe-102c-b5fa-0017a47871b2">
      <id>3044</id>
      <classname>org.openmrs.ConceptDescription</classname>
      <dateChanged id="137">2011-06-02 12:10:30</dateChanged>
    </org.openmrs.module.metadatasharing.Item>
    <org.openmrs.module.metadatasharing.Item id="138" uuid="4d027652-883d-4736-b017-acabac9a911c">
      <id>12658</id>
      <classname>org.openmrs.ConceptMap</classname>
      <dateChanged id="139">2012-06-21 16:49:52</dateChanged>
    </org.openmrs.module.metadatasharing.Item>
    <org.openmrs.module.metadatasharing.Item id="140" uuid="da13baf1-6d93-3e50-89c3-29b4081ad1d2">
      <id>12658</id>
      <classname>org.openmrs.ConceptReferenceTerm</classname>
      <dateChanged id="141">2011-06-02 00:00:00</dateChanged>
      <retired>false</retired>
    </org.openmrs.module.metadatasharing.Item>
    <org.openmrs.module.metadatasharing.Item id="142" uuid="75a7dbc4-4943-102e-96e9-000c29c2a5d7">
      <id>10022</id>
      <classname>org.openmrs.ConceptMap</classname>
      <dateChanged id="143">2012-06-21 16:49:52</dateChanged>
    </org.openmrs.module.metadatasharing.Item>
    <org.openmrs.module.metadatasharing.Item id="144" uuid="9ce016e4-400c-30fb-a0b9-17d03e2e9304">
      <id>10022</id>
      <classname>org.openmrs.ConceptReferenceTerm</classname>
      <dateChanged id="145">2010-11-24 00:00:00</dateChanged>
      <retired>false</retired>
    </org.openmrs.module.metadatasharing.Item>
    <org.openmrs.module.metadatasharing.Item id="146" uuid="b2937dfc-4864-102e-96e9-000c29c2a5d7">
      <id>4313</id>
      <classname>org.openmrs.ConceptMap</classname>
      <dateChanged id="147">2012-06-21 16:49:52</dateChanged>
    </org.openmrs.module.metadatasharing.Item>
    <org.openmrs.module.metadatasharing.Item id="148" uuid="01f21a7b-4fe4-3b75-b6ab-cfe3eff24658">
      <id>4313</id>
      <classname>org.openmrs.ConceptReferenceTerm</classname>
      <dateChanged id="149">2010-11-23 00:00:00</dateChanged>
      <retired>false</retired>
    </org.openmrs.module.metadatasharing.Item>
    <org.openmrs.module.metadatasharing.Item id="150" uuid="94aa8330-07d4-102c-b5fa-0017a47871b2">
      <id>7005</id>
      <classname>org.openmrs.ConceptName</classname>
      <dateChanged id="151">2004-10-07 00:00:00</dateChanged>
    </org.openmrs.module.metadatasharing.Item>
    <org.openmrs.module.metadatasharing.Item id="152" uuid="0b856fae-15f5-102d-96e4-000c29c2a5d7">
      <id>7068</id>
      <classname>org.openmrs.ConceptName</classname>
      <dateChanged id="153">2004-10-07 00:00:00</dateChanged>
    </org.openmrs.module.metadatasharing.Item>
    <org.openmrs.module.metadatasharing.Item id="154" uuid="f7516fea-d5db-102d-ad2a-000c29c2a5d7">
      <id>13618</id>
      <classname>org.openmrs.ConceptName</classname>
      <dateChanged id="155">2012-06-21 20:24:20</dateChanged>
    </org.openmrs.module.metadatasharing.Item>
    <org.openmrs.module.metadatasharing.Item id="156" uuid="93bf6ca6-07d4-102c-b5fa-0017a47871b2">
      <id>6168</id>
      <classname>org.openmrs.ConceptName</classname>
      <dateChanged id="157">2004-08-12 00:00:00</dateChanged>
    </org.openmrs.module.metadatasharing.Item>
    <org.openmrs.module.metadatasharing.Item id="158" uuid="3e3b048c-26fe-102b-80cb-0017a47871b2">
      <id>3453</id>
      <classname>org.openmrs.ConceptName</classname>
      <dateChanged id="159">2006-06-07 21:19:39</dateChanged>
    </org.openmrs.module.metadatasharing.Item>
    <org.openmrs.module.metadatasharing.Item id="160" uuid="3e3b031a-26fe-102b-80cb-0017a47871b2">
      <id>3452</id>
      <classname>org.openmrs.ConceptName</classname>
      <dateChanged id="161">2004-08-12 00:00:00</dateChanged>
    </org.openmrs.module.metadatasharing.Item>
    <org.openmrs.module.metadatasharing.Item id="162" uuid="93bf70f2-07d4-102c-b5fa-0017a47871b2">
      <id>6169</id>
      <classname>org.openmrs.ConceptName</classname>
      <dateChanged id="163">2006-06-07 21:19:39</dateChanged>
    </org.openmrs.module.metadatasharing.Item>
    <org.openmrs.module.metadatasharing.Item id="164" uuid="ecf70480-07fe-102c-b5fa-0017a47871b2">
      <id>2888</id>
      <classname>org.openmrs.ConceptDescription</classname>
      <dateChanged id="165">2011-06-02 12:10:05</dateChanged>
    </org.openmrs.module.metadatasharing.Item>
    <org.openmrs.module.metadatasharing.Item id="166" uuid="ecf7078c-07fe-102c-b5fa-0017a47871b2">
      <id>2889</id>
      <classname>org.openmrs.ConceptDescription</classname>
      <dateChanged id="167">2011-06-02 12:10:05</dateChanged>
    </org.openmrs.module.metadatasharing.Item>
    <org.openmrs.module.metadatasharing.Item id="168" uuid="75a40d28-4943-102e-96e9-000c29c2a5d7">
      <id>9899</id>
      <classname>org.openmrs.ConceptMap</classname>
      <dateChanged id="169">2012-06-21 16:49:52</dateChanged>
    </org.openmrs.module.metadatasharing.Item>
    <org.openmrs.module.metadatasharing.Item id="170" uuid="0c59f81d-8dfd-3f86-abff-9638f3759923">
      <id>9899</id>
      <classname>org.openmrs.ConceptReferenceTerm</classname>
      <dateChanged id="171">2010-11-24 00:00:00</dateChanged>
      <retired>false</retired>
    </org.openmrs.module.metadatasharing.Item>
    <org.openmrs.module.metadatasharing.Item id="172" uuid="b2637c38-4864-102e-96e9-000c29c2a5d7">
      <id>4158</id>
      <classname>org.openmrs.ConceptMap</classname>
      <dateChanged id="173">2012-06-21 16:49:52</dateChanged>
    </org.openmrs.module.metadatasharing.Item>
    <org.openmrs.module.metadatasharing.Item id="174" uuid="18a5ad54-5db3-3a51-b21c-ce9f834530b0">
      <id>4158</id>
      <classname>org.openmrs.ConceptReferenceTerm</classname>
      <dateChanged id="175">2010-11-23 00:00:00</dateChanged>
      <retired>false</retired>
    </org.openmrs.module.metadatasharing.Item>
    <org.openmrs.module.metadatasharing.Item id="176" uuid="eabd335e-9615-46af-95ae-c42f0d901766">
      <id>12657</id>
      <classname>org.openmrs.ConceptMap</classname>
      <dateChanged id="177">2012-06-21 16:49:52</dateChanged>
    </org.openmrs.module.metadatasharing.Item>
    <org.openmrs.module.metadatasharing.Item id="178" uuid="480fd9fe-25f7-3976-9eea-a0c4d9b8911c">
      <id>12657</id>
      <classname>org.openmrs.ConceptReferenceTerm</classname>
      <dateChanged id="179">2011-06-02 00:00:00</dateChanged>
      <retired>false</retired>
    </org.openmrs.module.metadatasharing.Item>
    <org.openmrs.module.metadatasharing.Item id="180" uuid="93bf6864-07d4-102c-b5fa-0017a47871b2">
      <id>6167</id>
      <classname>org.openmrs.ConceptName</classname>
      <dateChanged id="181">2004-08-12 00:00:00</dateChanged>
    </org.openmrs.module.metadatasharing.Item>
    <org.openmrs.module.metadatasharing.Item id="182" uuid="3e3b019e-26fe-102b-80cb-0017a47871b2">
      <id>3451</id>
      <classname>org.openmrs.ConceptName</classname>
      <dateChanged id="183">2004-08-12 00:00:00</dateChanged>
    </org.openmrs.module.metadatasharing.Item>
    <org.openmrs.module.metadatasharing.Item id="184" uuid="93f4d328-07d4-102c-b5fa-0017a47871b2">
      <id>6767</id>
      <classname>org.openmrs.ConceptName</classname>
      <dateChanged id="185">2004-10-07 00:00:00</dateChanged>
    </org.openmrs.module.metadatasharing.Item>
    <org.openmrs.module.metadatasharing.Item id="186" uuid="0b83161e-15f5-102d-96e4-000c29c2a5d7">
      <id>6733</id>
      <classname>org.openmrs.ConceptName</classname>
      <dateChanged id="187">2004-10-07 00:00:00</dateChanged>
    </org.openmrs.module.metadatasharing.Item>
    <org.openmrs.module.metadatasharing.Item id="188" uuid="f75155fa-d5db-102d-ad2a-000c29c2a5d7">
      <id>13617</id>
      <classname>org.openmrs.ConceptName</classname>
      <dateChanged id="189">2010-06-29 13:05:29</dateChanged>
    </org.openmrs.module.metadatasharing.Item>
    <org.openmrs.module.metadatasharing.Item id="190" uuid="ecf70250-07fe-102c-b5fa-0017a47871b2">
      <id>2887</id>
      <classname>org.openmrs.ConceptDescription</classname>
      <dateChanged id="191">2011-03-21 14:58:18</dateChanged>
    </org.openmrs.module.metadatasharing.Item>
    <org.openmrs.module.metadatasharing.Item id="192" uuid="b2637abc-4864-102e-96e9-000c29c2a5d7">
      <id>4157</id>
      <classname>org.openmrs.ConceptMap</classname>
      <dateChanged id="193">2012-06-21 16:49:52</dateChanged>
    </org.openmrs.module.metadatasharing.Item>
    <org.openmrs.module.metadatasharing.Item id="194" uuid="6bb32e37-a6ff-36cd-b58c-0399778a9c1b">
      <id>4157</id>
      <classname>org.openmrs.ConceptReferenceTerm</classname>
      <dateChanged id="195">2010-11-23 00:00:00</dateChanged>
      <retired>false</retired>
    </org.openmrs.module.metadatasharing.Item>
    <org.openmrs.module.metadatasharing.Item id="196" uuid="75a40bc0-4943-102e-96e9-000c29c2a5d7">
      <id>9898</id>
      <classname>org.openmrs.ConceptMap</classname>
      <dateChanged id="197">2012-06-21 16:49:52</dateChanged>
    </org.openmrs.module.metadatasharing.Item>
    <org.openmrs.module.metadatasharing.Item id="198" uuid="2c8854a9-4c00-3ee6-874c-d32ac84294e7">
      <id>9898</id>
      <classname>org.openmrs.ConceptReferenceTerm</classname>
      <dateChanged id="199">2010-11-24 00:00:00</dateChanged>
      <retired>false</retired>
    </org.openmrs.module.metadatasharing.Item>
  </relatedItems>
</package>
