<?xml version="1.0" encoding="UTF-8"?>
<list id="1">
  <org.openmrs.ConceptNumeric id="2" uuid="3ce934fa-26fe-102b-80cb-0017a47871b2">
    <conceptId>5085</conceptId>
    <retired>false</retired>
    <datatype id="3" resolves-to="org.openmrs.ConceptDatatype" uuid="8d4a4488-c2cc-11de-8d13-0010c6dffd0f">
      <name>Numeric</name>
      <description>Numeric value, including integer or float (e.g., creatinine, weight)</description>
      <creator/>
      <dateCreated id="5">2004-02-02 00:00:00</dateCreated>
      <retired>false</retired>
      <conceptDatatypeId>1</conceptDatatypeId>
      <hl7Abbreviation>NM</hl7Abbreviation>
    </datatype>
    <conceptClass id="6" resolves-to="org.openmrs.ConceptClass" uuid="8d4907b2-c2cc-11de-8d13-0010c6dffd0f">
      <name>Test</name>
      <description>Acq. during patient encounter (vitals, labs, etc.)</description>
      <creator/>
      <dateCreated id="8">2004-02-02 00:00:00</dateCreated>
      <retired>false</retired>
      <conceptClassId>1</conceptClassId>
    </conceptClass>
    <set>false</set>
    <version></version>
    <creator/>
    <dateCreated id="9">2004-08-12 00:00:00</dateCreated>
    <changedBy/>
    <dateChanged id="10">2011-06-02 12:09:19</dateChanged>
    <names class="set" id="11">
      <org.openmrs.ConceptName id="12" uuid="0b7f9ee4-15f5-102d-96e4-000c29c2a5d7">
        <conceptNameId>6166</conceptNameId>
        <concept class="org.openmrs.ConceptNumeric" reference="2"/>
        <name>SBP</name>
        <locale id="13">en</locale>
        <creator/>
        <dateCreated id="14">2004-08-12 00:00:00</dateCreated>
        <voided>false</voided>
        <tags class="set" id="15"/>
        <conceptNameType>SHORT</conceptNameType>
        <localePreferred>false</localePreferred>
      </org.openmrs.ConceptName>
      <org.openmrs.ConceptName id="16" uuid="93bf63c8-07d4-102c-b5fa-0017a47871b2">
        <conceptNameId>7610</conceptNameId>
        <concept class="org.openmrs.ConceptNumeric" reference="2"/>
        <name>SBP</name>
        <locale id="17">en</locale>
        <creator/>
        <dateCreated id="18">2004-10-07 00:00:00</dateCreated>
        <voided>false</voided>
        <voidReason></voidReason>
        <tags class="set" id="19"/>
        <localePreferred>false</localePreferred>
      </org.openmrs.ConceptName>
      <org.openmrs.ConceptName id="20" uuid="f7513de0-d5db-102d-ad2a-000c29c2a5d7">
        <conceptNameId>13616</conceptNameId>
        <concept class="org.openmrs.ConceptNumeric" reference="2"/>
        <name>PRESSION SYSTOLIQUE</name>
        <locale id="21">fr</locale>
        <creator/>
        <dateCreated id="22">2010-06-29 13:05:29</dateCreated>
        <voided>false</voided>
        <tags class="set" id="23"/>
        <localePreferred>true</localePreferred>
      </org.openmrs.ConceptName>
      <org.openmrs.ConceptName id="24" uuid="3e3b002c-26fe-102b-80cb-0017a47871b2">
        <conceptNameId>3450</conceptNameId>
        <concept class="org.openmrs.ConceptNumeric" reference="2"/>
        <name>SYSTOLIC BLOOD PRESSURE</name>
        <locale id="25">en</locale>
        <creator/>
        <dateCreated id="26">2004-08-12 00:00:00</dateCreated>
        <voided>false</voided>
        <tags class="set" id="27"/>
        <conceptNameType>FULLY_SPECIFIED</conceptNameType>
        <localePreferred>false</localePreferred>
      </org.openmrs.ConceptName>
      <org.openmrs.ConceptName id="28" uuid="9569c402-07d4-102c-b5fa-0017a47871b2">
        <conceptNameId>7725</conceptNameId>
        <concept class="org.openmrs.ConceptNumeric" reference="2"/>
        <name>SYSTOLIC</name>
        <locale id="29">en</locale>
        <creator/>
        <dateCreated id="30">2004-10-07 00:00:00</dateCreated>
        <voided>false</voided>
        <voidReason></voidReason>
        <tags class="set" id="31"/>
        <localePreferred>false</localePreferred>
      </org.openmrs.ConceptName>
      <org.openmrs.ConceptName id="32" uuid="9569d14a-07d4-102c-b5fa-0017a47871b2">
        <conceptNameId>7728</conceptNameId>
        <concept class="org.openmrs.ConceptNumeric" reference="2"/>
        <name>TA</name>
        <locale id="33">en</locale>
        <creator/>
        <dateCreated id="34">2007-05-12 10:35:20</dateCreated>
        <voided>false</voided>
        <voidReason></voidReason>
        <tags class="set" id="35"/>
        <localePreferred>false</localePreferred>
      </org.openmrs.ConceptName>
    </names>
    <answers class="set" id="36"/>
    <conceptSets class="set" id="37"/>
    <descriptions class="set" id="38">
      <org.openmrs.ConceptDescription id="39" uuid="ecf7002a-07fe-102c-b5fa-0017a47871b2">
        <conceptDescriptionId>2886</conceptDescriptionId>
        <concept class="org.openmrs.ConceptNumeric" reference="2"/>
        <description>A patient&apos;s systolic blood pressure measurement (taken with a manual cuff in either a sitting or standing position)</description>
        <locale id="40">en</locale>
        <creator/>
        <dateCreated id="41">2004-08-12 00:00:00</dateCreated>
        <changedBy/>
        <dateChanged id="42">2011-06-02 12:09:19</dateChanged>
      </org.openmrs.ConceptDescription>
    </descriptions>
    <conceptMappings class="set" id="43">
      <org.openmrs.ConceptMap id="44" uuid="0f895909-532b-443b-94f6-4db6dc9c2abd">
        <conceptMapType id="45" resolves-to="org.openmrs.ConceptMapType" uuid="35543629-7d8c-11e1-909d-c80aa9edcf4e">
          <name>SAME-AS</name>
          <creator/>
          <dateCreated id="47">2012-06-21 00:00:00</dateCreated>
          <retired>false</retired>
          <conceptMapTypeId>1</conceptMapTypeId>
          <isHidden>false</isHidden>
        </conceptMapType>
        <creator/>
        <changedBy/>
        <dateCreated id="48">2011-06-02 12:09:19</dateCreated>
        <dateChanged id="49">2012-06-21 16:49:52</dateChanged>
        <conceptMapId>12656</conceptMapId>
        <concept class="org.openmrs.ConceptNumeric" reference="2"/>
        <conceptReferenceTerm id="50" resolves-to="org.openmrs.ConceptReferenceTerm" uuid="b5fc6092-8c44-34ff-bb7b-d6828ebcb6eb">
          <creator/>
          <dateCreated id="52">2011-06-02 00:00:00</dateCreated>
          <retired>false</retired>
          <conceptReferenceTermId>12656</conceptReferenceTermId>
          <conceptSource id="53" resolves-to="org.openmrs.ConceptSource" uuid="ddb6b595-0b85-4a80-9243-efe4ba404eef">
            <name>org.openmrs.module.mdrtb</name>
            <description>Concepts used with the MDR-TB module</description>
            <creator/>
            <dateCreated id="55">2010-09-28 10:32:54</dateCreated>
            <retired>false</retired>
            <conceptSourceId>4</conceptSourceId>
          </conceptSource>
          <code>SYSTOLIC BLOOD PRESSURE</code>
          <conceptReferenceTermMaps id="56"/>
        </conceptReferenceTerm>
      </org.openmrs.ConceptMap>
      <org.openmrs.ConceptMap id="57" uuid="b263794a-4864-102e-96e9-000c29c2a5d7">
        <conceptMapType reference="45"/>
        <creator/>
        <changedBy/>
        <dateCreated id="58">2010-11-23 10:15:31</dateCreated>
        <dateChanged id="59">2012-06-21 16:49:52</dateChanged>
        <conceptMapId>4156</conceptMapId>
        <concept class="org.openmrs.ConceptNumeric" reference="2"/>
        <conceptReferenceTerm id="60" resolves-to="org.openmrs.ConceptReferenceTerm" uuid="2f48f0fc-f76d-3791-8377-dc5a3d300944">
          <creator/>
          <dateCreated id="62">2010-11-23 00:00:00</dateCreated>
          <retired>false</retired>
          <conceptReferenceTermId>4156</conceptReferenceTermId>
          <conceptSource id="63" resolves-to="org.openmrs.ConceptSource" uuid="fb9aaaf1-65e2-4c18-b53c-16b575f2f385">
            <name>PIH</name>
            <description>Partners In Health concept dictionary using concept ids and preferred English names</description>
            <creator/>
            <dateCreated id="65">2010-11-23 13:56:26</dateCreated>
            <retired>false</retired>
            <conceptSourceId>5</conceptSourceId>
            <hl7Code>PIH</hl7Code>
          </conceptSource>
          <code>5085</code>
          <conceptReferenceTermMaps id="66"/>
        </conceptReferenceTerm>
      </org.openmrs.ConceptMap>
      <org.openmrs.ConceptMap id="67" uuid="75a40a58-4943-102e-96e9-000c29c2a5d7">
        <conceptMapType reference="45"/>
        <creator/>
        <changedBy/>
        <dateCreated id="68">2010-11-24 12:49:58</dateCreated>
        <dateChanged id="69">2012-06-21 16:49:52</dateChanged>
        <conceptMapId>9897</conceptMapId>
        <concept class="org.openmrs.ConceptNumeric" reference="2"/>
        <conceptReferenceTerm id="70" resolves-to="org.openmrs.ConceptReferenceTerm" uuid="870cb1c9-663a-393e-938c-d367228b642e">
          <creator/>
          <dateCreated id="72">2010-11-24 00:00:00</dateCreated>
          <retired>false</retired>
          <conceptReferenceTermId>9897</conceptReferenceTermId>
          <conceptSource reference="63"/>
          <code>SYSTOLIC BLOOD PRESSURE</code>
          <conceptReferenceTermMaps id="73"/>
        </conceptReferenceTerm>
      </org.openmrs.ConceptMap>
    </conceptMappings>
    <hiAbsolute>250.0</hiAbsolute>
    <lowAbsolute>20.0</lowAbsolute>
    <units>mmHg</units>
    <precise>false</precise>
  </org.openmrs.ConceptNumeric>
  <org.openmrs.ConceptNumeric id="74" uuid="3ce9401c-26fe-102b-80cb-0017a47871b2">
    <conceptId>5092</conceptId>
    <retired>false</retired>
    <datatype reference="3"/>
    <conceptClass reference="6"/>
    <set>false</set>
    <version></version>
    <creator/>
    <dateCreated id="75">2004-08-12 00:00:00</dateCreated>
    <changedBy/>
    <dateChanged id="76">2009-02-23 07:44:55</dateChanged>
    <names class="set" id="77">
      <org.openmrs.ConceptName id="78" uuid="3e3b0d4c-26fe-102b-80cb-0017a47871b2">
        <conceptNameId>3459</conceptNameId>
        <concept class="org.openmrs.ConceptNumeric" reference="74"/>
        <name>BLOOD OXYGEN SATURATION</name>
        <locale id="79">en</locale>
        <creator/>
        <dateCreated id="80">2004-08-12 00:00:00</dateCreated>
        <voided>false</voided>
        <tags class="set" id="81"/>
        <conceptNameType>FULLY_SPECIFIED</conceptNameType>
        <localePreferred>false</localePreferred>
      </org.openmrs.ConceptName>
      <org.openmrs.ConceptName id="82" uuid="93bf8aa6-07d4-102c-b5fa-0017a47871b2">
        <conceptNameId>6175</conceptNameId>
        <concept class="org.openmrs.ConceptNumeric" reference="74"/>
        <name>SAO2</name>
        <locale id="83">en</locale>
        <creator/>
        <dateCreated id="84">2004-08-12 00:00:00</dateCreated>
        <voided>false</voided>
        <tags class="set" id="85"/>
        <conceptNameType>SHORT</conceptNameType>
        <localePreferred>false</localePreferred>
      </org.openmrs.ConceptName>
      <org.openmrs.ConceptName id="86" uuid="0b88f93a-15f5-102d-96e4-000c29c2a5d7">
        <conceptNameId>7609</conceptNameId>
        <concept class="org.openmrs.ConceptNumeric" reference="74"/>
        <name>SAO2</name>
        <locale id="87">en</locale>
        <creator/>
        <dateCreated id="88">2004-10-07 00:00:00</dateCreated>
        <voided>false</voided>
        <tags class="set" id="89"/>
        <localePreferred>false</localePreferred>
      </org.openmrs.ConceptName>
      <org.openmrs.ConceptName id="90" uuid="f751da02-d5db-102d-ad2a-000c29c2a5d7">
        <conceptNameId>13622</conceptNameId>
        <concept class="org.openmrs.ConceptNumeric" reference="74"/>
        <name>SATURATION DU SANG EN OXYGÈNE</name>
        <locale id="91">fr</locale>
        <creator/>
        <dateCreated id="92">2010-06-29 13:05:29</dateCreated>
        <voided>false</voided>
        <tags class="set" id="93"/>
        <localePreferred>true</localePreferred>
      </org.openmrs.ConceptName>
    </names>
    <answers class="set" id="94"/>
    <conceptSets class="set" id="95"/>
    <descriptions class="set" id="96">
      <org.openmrs.ConceptDescription id="97" uuid="ecf71aec-07fe-102c-b5fa-0017a47871b2">
        <conceptDescriptionId>2895</conceptDescriptionId>
        <concept class="org.openmrs.ConceptNumeric" reference="74"/>
        <description>Oxygen saturation, as measured from a peripheral oximeter.</description>
        <locale id="98">en</locale>
        <creator/>
        <dateCreated id="99">2004-08-12 00:00:00</dateCreated>
      </org.openmrs.ConceptDescription>
    </descriptions>
    <conceptMappings class="set" id="100">
      <org.openmrs.ConceptMap id="101" uuid="b26383b8-4864-102e-96e9-000c29c2a5d7">
        <conceptMapType reference="45"/>
        <creator/>
        <changedBy/>
        <dateCreated id="102">2010-11-23 10:15:31</dateCreated>
        <dateChanged id="103">2012-06-21 16:49:52</dateChanged>
        <conceptMapId>4163</conceptMapId>
        <concept class="org.openmrs.ConceptNumeric" reference="74"/>
        <conceptReferenceTerm id="104" resolves-to="org.openmrs.ConceptReferenceTerm" uuid="7fa22cb1-635a-33fa-a219-6cd9850e658e">
          <creator/>
          <dateCreated id="106">2010-11-23 00:00:00</dateCreated>
          <retired>false</retired>
          <conceptReferenceTermId>4163</conceptReferenceTermId>
          <conceptSource reference="63"/>
          <code>5092</code>
          <conceptReferenceTermMaps id="107"/>
        </conceptReferenceTerm>
      </org.openmrs.ConceptMap>
      <org.openmrs.ConceptMap id="108" uuid="75a41430-4943-102e-96e9-000c29c2a5d7">
        <conceptMapType reference="45"/>
        <creator/>
        <changedBy/>
        <dateCreated id="109">2010-11-24 12:49:58</dateCreated>
        <dateChanged id="110">2012-06-21 16:49:52</dateChanged>
        <conceptMapId>9904</conceptMapId>
        <concept class="org.openmrs.ConceptNumeric" reference="74"/>
        <conceptReferenceTerm id="111" resolves-to="org.openmrs.ConceptReferenceTerm" uuid="936ca0ad-2df7-33ef-b567-b397dab96b1b">
          <creator/>
          <dateCreated id="113">2010-11-24 00:00:00</dateCreated>
          <retired>false</retired>
          <conceptReferenceTermId>9904</conceptReferenceTermId>
          <conceptSource reference="63"/>
          <code>BLOOD OXYGEN SATURATION</code>
          <conceptReferenceTermMaps id="114"/>
        </conceptReferenceTerm>
      </org.openmrs.ConceptMap>
    </conceptMappings>
    <hiAbsolute>100.0</hiAbsolute>
    <lowAbsolute>30.0</lowAbsolute>
    <units>%</units>
    <precise>false</precise>
  </org.openmrs.ConceptNumeric>
  <org.openmrs.ConceptNumeric id="115" uuid="3ce93b62-26fe-102b-80cb-0017a47871b2">
    <conceptId>5089</conceptId>
    <retired>false</retired>
    <datatype reference="3"/>
    <conceptClass reference="6"/>
    <set>false</set>
    <creator/>
    <dateCreated id="116">2004-08-12 00:00:00</dateCreated>
    <changedBy/>
    <dateChanged id="117">2012-06-21 20:22:26</dateChanged>
    <names class="set" id="118">
      <org.openmrs.ConceptName id="119" uuid="3e3b077a-26fe-102b-80cb-0017a47871b2">
        <conceptNameId>3455</conceptNameId>
        <concept class="org.openmrs.ConceptNumeric" reference="115"/>
        <name>WEIGHT (KG)</name>
        <locale id="120">en</locale>
        <creator/>
        <dateCreated id="121">2004-08-12 00:00:00</dateCreated>
        <voided>false</voided>
        <tags class="set" id="122"/>
        <conceptNameType>FULLY_SPECIFIED</conceptNameType>
        <localePreferred>true</localePreferred>
      </org.openmrs.ConceptName>
      <org.openmrs.ConceptName id="123" uuid="01c39def-19a9-4833-b328-94e1620ac1f2">
        <conceptNameId>14080</conceptNameId>
        <concept class="org.openmrs.ConceptNumeric" reference="115"/>
        <name>Ibiro (Kg)</name>
        <locale id="124">rw</locale>
        <creator/>
        <dateCreated id="125">2010-07-28 05:29:29</dateCreated>
        <voided>false</voided>
        <tags class="set" id="126"/>
        <conceptNameType>FULLY_SPECIFIED</conceptNameType>
        <localePreferred>true</localePreferred>
      </org.openmrs.ConceptName>
      <org.openmrs.ConceptName id="127" uuid="3e3b08f6-26fe-102b-80cb-0017a47871b2">
        <conceptNameId>3456</conceptNameId>
        <concept class="org.openmrs.ConceptNumeric" reference="115"/>
        <name>POIDS (KG)</name>
        <locale id="128">fr</locale>
        <creator/>
        <dateCreated id="129">2006-06-07 21:13:50</dateCreated>
        <voided>false</voided>
        <tags class="set" id="130"/>
        <conceptNameType>FULLY_SPECIFIED</conceptNameType>
        <localePreferred>true</localePreferred>
      </org.openmrs.ConceptName>
      <org.openmrs.ConceptName id="131" uuid="93bf7980-07d4-102c-b5fa-0017a47871b2">
        <conceptNameId>6171</conceptNameId>
        <concept class="org.openmrs.ConceptNumeric" reference="115"/>
        <name>WT</name>
        <locale id="132">en</locale>
        <creator/>
        <dateCreated id="133">2004-08-12 00:00:00</dateCreated>
        <voided>false</voided>
        <tags class="set" id="134"/>
        <conceptNameType>SHORT</conceptNameType>
        <localePreferred>false</localePreferred>
      </org.openmrs.ConceptName>
      <org.openmrs.ConceptName id="135" uuid="f751a42e-d5db-102d-ad2a-000c29c2a5d7">
        <conceptNameId>13620</conceptNameId>
        <concept class="org.openmrs.ConceptNumeric" reference="115"/>
        <name>POIDS (KG)</name>
        <locale id="136">fr</locale>
        <creator/>
        <dateCreated id="137">2010-06-29 13:05:29</dateCreated>
        <voided>true</voided>
        <voidedBy/>
        <dateVoided id="138">2012-06-21 20:22:26</dateVoided>
        <voidReason>Removed from user interface</voidReason>
        <tags class="set" id="139"/>
        <localePreferred>true</localePreferred>
      </org.openmrs.ConceptName>
      <org.openmrs.ConceptName id="140" uuid="93bf7dcc-07d4-102c-b5fa-0017a47871b2">
        <conceptNameId>6172</conceptNameId>
        <concept class="org.openmrs.ConceptNumeric" reference="115"/>
        <name>WT</name>
        <locale id="141">fr</locale>
        <creator/>
        <dateCreated id="142">2006-06-07 21:13:50</dateCreated>
        <voided>false</voided>
        <tags class="set" id="143"/>
        <conceptNameType>SHORT</conceptNameType>
        <localePreferred>false</localePreferred>
      </org.openmrs.ConceptName>
    </names>
    <answers class="set" id="144"/>
    <conceptSets class="set" id="145"/>
    <descriptions class="set" id="146">
      <org.openmrs.ConceptDescription id="147" uuid="ecf70df4-07fe-102c-b5fa-0017a47871b2">
        <conceptDescriptionId>2891</conceptDescriptionId>
        <concept class="org.openmrs.ConceptNumeric" reference="115"/>
        <description>Patient&apos;s weight in kilograms.</description>
        <locale id="148">en</locale>
        <creator/>
        <dateCreated id="149">2004-08-12 00:00:00</dateCreated>
        <changedBy/>
        <dateChanged id="150">2011-06-02 12:07:44</dateChanged>
      </org.openmrs.ConceptDescription>
      <org.openmrs.ConceptDescription id="151" uuid="ecf71128-07fe-102c-b5fa-0017a47871b2">
        <conceptDescriptionId>2892</conceptDescriptionId>
        <concept class="org.openmrs.ConceptNumeric" reference="115"/>
        <description>Patient&apos;s weight in kilograms.</description>
        <locale id="152">fr</locale>
        <creator/>
        <dateCreated id="153">2006-06-07 21:13:50</dateCreated>
        <changedBy/>
        <dateChanged id="154">2011-06-02 12:07:44</dateChanged>
      </org.openmrs.ConceptDescription>
    </descriptions>
    <conceptMappings class="set" id="155">
      <org.openmrs.ConceptMap id="156" uuid="b2637f58-4864-102e-96e9-000c29c2a5d7">
        <conceptMapType reference="45"/>
        <creator/>
        <changedBy/>
        <dateCreated id="157">2010-11-23 10:15:31</dateCreated>
        <dateChanged id="158">2012-06-21 16:49:52</dateChanged>
        <conceptMapId>4160</conceptMapId>
        <concept class="org.openmrs.ConceptNumeric" reference="115"/>
        <conceptReferenceTerm id="159" resolves-to="org.openmrs.ConceptReferenceTerm" uuid="31a10827-be34-31d1-90aa-6145bf47be39">
          <creator/>
          <dateCreated id="161">2010-11-23 00:00:00</dateCreated>
          <retired>false</retired>
          <conceptReferenceTermId>4160</conceptReferenceTermId>
          <conceptSource reference="63"/>
          <code>5089</code>
          <conceptReferenceTermMaps id="162"/>
        </conceptReferenceTerm>
      </org.openmrs.ConceptMap>
      <org.openmrs.ConceptMap id="163" uuid="75a40ff8-4943-102e-96e9-000c29c2a5d7">
        <conceptMapType reference="45"/>
        <creator/>
        <changedBy/>
        <dateCreated id="164">2010-11-24 12:49:58</dateCreated>
        <dateChanged id="165">2012-06-21 16:49:52</dateChanged>
        <conceptMapId>9901</conceptMapId>
        <concept class="org.openmrs.ConceptNumeric" reference="115"/>
        <conceptReferenceTerm id="166" resolves-to="org.openmrs.ConceptReferenceTerm" uuid="65982bc1-65d0-3d1c-bcde-1e397ddad4e4">
          <creator/>
          <dateCreated id="168">2010-11-24 00:00:00</dateCreated>
          <retired>false</retired>
          <conceptReferenceTermId>9901</conceptReferenceTermId>
          <conceptSource reference="63"/>
          <code>WEIGHT (KG)</code>
          <conceptReferenceTermMaps id="169"/>
        </conceptReferenceTerm>
      </org.openmrs.ConceptMap>
      <org.openmrs.ConceptMap id="170" uuid="13c63194-8819-4b6d-b8d6-c5a70aa53c47">
        <conceptMapType reference="45"/>
        <creator/>
        <changedBy/>
        <dateCreated id="171">2011-06-02 12:07:44</dateCreated>
        <dateChanged id="172">2012-06-21 16:49:52</dateChanged>
        <conceptMapId>12654</conceptMapId>
        <concept class="org.openmrs.ConceptNumeric" reference="115"/>
        <conceptReferenceTerm id="173" resolves-to="org.openmrs.ConceptReferenceTerm" uuid="fe16acd1-98d0-34c3-8879-d61b51b1406a">
          <creator/>
          <dateCreated id="175">2011-06-02 00:00:00</dateCreated>
          <retired>false</retired>
          <conceptReferenceTermId>12654</conceptReferenceTermId>
          <conceptSource reference="53"/>
          <code>WEIGHT</code>
          <conceptReferenceTermMaps id="176"/>
        </conceptReferenceTerm>
      </org.openmrs.ConceptMap>
    </conceptMappings>
    <hiAbsolute>250.0</hiAbsolute>
    <lowAbsolute>0.0</lowAbsolute>
    <units>kg</units>
    <precise>true</precise>
  </org.openmrs.ConceptNumeric>
  <org.openmrs.ConceptNumeric id="177" uuid="3ce939d2-26fe-102b-80cb-0017a47871b2">
    <conceptId>5088</conceptId>
    <retired>false</retired>
    <datatype reference="3"/>
    <conceptClass reference="6"/>
    <set>false</set>
    <version></version>
    <creator/>
    <dateCreated id="178">2004-08-12 00:00:00</dateCreated>
    <changedBy/>
    <dateChanged id="179">2011-06-02 12:08:53</dateChanged>
    <names class="set" id="180">
      <org.openmrs.ConceptName id="181" uuid="0b7fa2b8-15f5-102d-96e4-000c29c2a5d7">
        <conceptNameId>6170</conceptNameId>
        <concept class="org.openmrs.ConceptNumeric" reference="177"/>
        <name>TEMP (C)</name>
        <locale id="182">en</locale>
        <creator/>
        <dateCreated id="183">2004-08-12 00:00:00</dateCreated>
        <voided>false</voided>
        <tags class="set" id="184"/>
        <conceptNameType>SHORT</conceptNameType>
        <localePreferred>false</localePreferred>
      </org.openmrs.ConceptName>
      <org.openmrs.ConceptName id="185" uuid="8918dc21-70a5-4f2e-8fbd-6c669620ff35">
        <conceptNameId>14078</conceptNameId>
        <concept class="org.openmrs.ConceptNumeric" reference="177"/>
        <name>Igipimo cy&apos;umuriro (celcius)</name>
        <locale id="186">rw</locale>
        <creator/>
        <dateCreated id="187">2010-07-28 05:25:05</dateCreated>
        <voided>false</voided>
        <tags class="set" id="188"/>
        <conceptNameType>FULLY_SPECIFIED</conceptNameType>
        <localePreferred>false</localePreferred>
      </org.openmrs.ConceptName>
      <org.openmrs.ConceptName id="189" uuid="f75189da-d5db-102d-ad2a-000c29c2a5d7">
        <conceptNameId>13619</conceptNameId>
        <concept class="org.openmrs.ConceptNumeric" reference="177"/>
        <name>TEMPÉRATURE (C)</name>
        <locale id="190">fr</locale>
        <creator/>
        <dateCreated id="191">2010-06-29 13:05:29</dateCreated>
        <voided>false</voided>
        <tags class="set" id="192"/>
        <localePreferred>true</localePreferred>
      </org.openmrs.ConceptName>
      <org.openmrs.ConceptName id="193" uuid="0b899386-15f5-102d-96e4-000c29c2a5d7">
        <conceptNameId>7756</conceptNameId>
        <concept class="org.openmrs.ConceptNumeric" reference="177"/>
        <name>TEMP (C)</name>
        <locale id="194">en</locale>
        <creator/>
        <dateCreated id="195">2004-10-07 00:00:00</dateCreated>
        <voided>false</voided>
        <voidReason></voidReason>
        <tags class="set" id="196"/>
        <localePreferred>false</localePreferred>
      </org.openmrs.ConceptName>
      <org.openmrs.ConceptName id="197" uuid="3e3b0608-26fe-102b-80cb-0017a47871b2">
        <conceptNameId>3454</conceptNameId>
        <concept class="org.openmrs.ConceptNumeric" reference="177"/>
        <name>TEMPERATURE (C)</name>
        <locale id="198">en</locale>
        <creator/>
        <dateCreated id="199">2004-08-12 00:00:00</dateCreated>
        <voided>false</voided>
        <tags class="set" id="200"/>
        <conceptNameType>FULLY_SPECIFIED</conceptNameType>
        <localePreferred>false</localePreferred>
      </org.openmrs.ConceptName>
    </names>
    <answers class="set" id="201"/>
    <conceptSets class="set" id="202"/>
    <descriptions class="set" id="203">
      <org.openmrs.ConceptDescription id="204" uuid="ecf70ac0-07fe-102c-b5fa-0017a47871b2">
        <conceptDescriptionId>2890</conceptDescriptionId>
        <concept class="org.openmrs.ConceptNumeric" reference="177"/>
        <description>Patient&apos;s temperature in degrees centigrade.</description>
        <locale id="205">en</locale>
        <creator/>
        <dateCreated id="206">2004-08-12 00:00:00</dateCreated>
        <changedBy/>
        <dateChanged id="207">2011-06-02 12:08:53</dateChanged>
      </org.openmrs.ConceptDescription>
    </descriptions>
    <conceptMappings class="set" id="208">
      <org.openmrs.ConceptMap id="209" uuid="cb586f64-989d-4fd6-8678-97274a5ba554">
        <conceptMapType reference="45"/>
        <creator/>
        <changedBy/>
        <dateCreated id="210">2011-06-02 12:08:53</dateCreated>
        <dateChanged id="211">2012-06-21 16:49:52</dateChanged>
        <conceptMapId>12655</conceptMapId>
        <concept class="org.openmrs.ConceptNumeric" reference="177"/>
        <conceptReferenceTerm id="212" resolves-to="org.openmrs.ConceptReferenceTerm" uuid="c2d3141b-bac7-37fe-b778-bb9b5505f2b3">
          <creator/>
          <dateCreated id="214">2011-06-02 00:00:00</dateCreated>
          <retired>false</retired>
          <conceptReferenceTermId>12655</conceptReferenceTermId>
          <conceptSource reference="53"/>
          <code>TEMPERATURE</code>
          <conceptReferenceTermMaps id="215"/>
        </conceptReferenceTerm>
      </org.openmrs.ConceptMap>
      <org.openmrs.ConceptMap id="216" uuid="b2637ddc-4864-102e-96e9-000c29c2a5d7">
        <conceptMapType reference="45"/>
        <creator/>
        <changedBy/>
        <dateCreated id="217">2010-11-23 10:15:31</dateCreated>
        <dateChanged id="218">2012-06-21 16:49:52</dateChanged>
        <conceptMapId>4159</conceptMapId>
        <concept class="org.openmrs.ConceptNumeric" reference="177"/>
        <conceptReferenceTerm id="219" resolves-to="org.openmrs.ConceptReferenceTerm" uuid="19447227-009d-34bd-9ab5-2edadedc38d7">
          <creator/>
          <dateCreated id="221">2010-11-23 00:00:00</dateCreated>
          <retired>false</retired>
          <conceptReferenceTermId>4159</conceptReferenceTermId>
          <conceptSource reference="63"/>
          <code>5088</code>
          <conceptReferenceTermMaps id="222"/>
        </conceptReferenceTerm>
      </org.openmrs.ConceptMap>
      <org.openmrs.ConceptMap id="223" uuid="75a40e90-4943-102e-96e9-000c29c2a5d7">
        <conceptMapType reference="45"/>
        <creator/>
        <changedBy/>
        <dateCreated id="224">2010-11-24 12:49:58</dateCreated>
        <dateChanged id="225">2012-06-21 16:49:52</dateChanged>
        <conceptMapId>9900</conceptMapId>
        <concept class="org.openmrs.ConceptNumeric" reference="177"/>
        <conceptReferenceTerm id="226" resolves-to="org.openmrs.ConceptReferenceTerm" uuid="c32cfd61-1b4d-338b-8f93-c7fc097e036d">
          <creator/>
          <dateCreated id="228">2010-11-24 00:00:00</dateCreated>
          <retired>false</retired>
          <conceptReferenceTermId>9900</conceptReferenceTermId>
          <conceptSource reference="63"/>
          <code>TEMPERATURE (C)</code>
          <conceptReferenceTermMaps id="229"/>
        </conceptReferenceTerm>
      </org.openmrs.ConceptMap>
    </conceptMappings>
    <hiAbsolute>43.0</hiAbsolute>
    <lowAbsolute>25.0</lowAbsolute>
    <units>DEG C</units>
    <precise>true</precise>
  </org.openmrs.ConceptNumeric>
  <org.openmrs.ConceptNumeric id="230" uuid="3ceb11f8-26fe-102b-80cb-0017a47871b2">
    <conceptId>5242</conceptId>
    <retired>false</retired>
    <datatype reference="3"/>
    <conceptClass id="231" resolves-to="org.openmrs.ConceptClass" uuid="8d491a9a-c2cc-11de-8d13-0010c6dffd0f">
      <name>Finding</name>
      <description>Practitioner observation/finding</description>
      <creator/>
      <dateCreated id="233">2004-03-02 00:00:00</dateCreated>
      <retired>false</retired>
      <conceptClassId>5</conceptClassId>
    </conceptClass>
    <set>false</set>
    <version></version>
    <creator/>
    <dateCreated id="234">2004-08-12 00:00:00</dateCreated>
    <changedBy/>
    <dateChanged id="235">2011-06-02 12:10:30</dateChanged>
    <names class="set" id="236">
      <org.openmrs.ConceptName id="237" uuid="95660b50-07d4-102c-b5fa-0017a47871b2">
        <conceptNameId>7595</conceptNameId>
        <concept class="org.openmrs.ConceptNumeric" reference="230"/>
        <name>RR</name>
        <locale id="238">en</locale>
        <creator/>
        <dateCreated id="239">2004-11-07 00:00:00</dateCreated>
        <voided>false</voided>
        <voidReason></voidReason>
        <tags class="set" id="240"/>
        <localePreferred>false</localePreferred>
      </org.openmrs.ConceptName>
      <org.openmrs.ConceptName id="241" uuid="f75918e4-d5db-102d-ad2a-000c29c2a5d7">
        <conceptNameId>13673</conceptNameId>
        <concept class="org.openmrs.ConceptNumeric" reference="230"/>
        <name>TAUX RESPIRATOIRE</name>
        <locale id="242">fr</locale>
        <creator/>
        <dateCreated id="243">2010-06-29 13:05:29</dateCreated>
        <voided>false</voided>
        <tags class="set" id="244"/>
        <localePreferred>true</localePreferred>
      </org.openmrs.ConceptName>
      <org.openmrs.ConceptName id="245" uuid="3e3cde92-26fe-102b-80cb-0017a47871b2">
        <conceptNameId>3609</conceptNameId>
        <concept class="org.openmrs.ConceptNumeric" reference="230"/>
        <name>RESPIRATORY RATE</name>
        <locale id="246">en</locale>
        <creator/>
        <dateCreated id="247">2004-08-12 00:00:00</dateCreated>
        <voided>false</voided>
        <tags class="set" id="248"/>
        <conceptNameType>FULLY_SPECIFIED</conceptNameType>
        <localePreferred>false</localePreferred>
      </org.openmrs.ConceptName>
      <org.openmrs.ConceptName id="249" uuid="9564dc26-07d4-102c-b5fa-0017a47871b2">
        <conceptNameId>7564</conceptNameId>
        <concept class="org.openmrs.ConceptNumeric" reference="230"/>
        <name>RESPIRATION RATE</name>
        <locale id="250">en</locale>
        <creator/>
        <dateCreated id="251">2007-05-12 10:33:49</dateCreated>
        <voided>false</voided>
        <voidReason></voidReason>
        <tags class="set" id="252"/>
        <localePreferred>false</localePreferred>
      </org.openmrs.ConceptName>
    </names>
    <answers class="set" id="253"/>
    <conceptSets class="set" id="254"/>
    <descriptions class="set" id="255">
      <org.openmrs.ConceptDescription id="256" uuid="ed14a3a0-07fe-102c-b5fa-0017a47871b2">
        <conceptDescriptionId>3044</conceptDescriptionId>
        <concept class="org.openmrs.ConceptNumeric" reference="230"/>
        <description>Measured respiratory rate in breaths per minute</description>
        <locale id="257">en</locale>
        <creator/>
        <dateCreated id="258">2004-08-12 00:00:00</dateCreated>
        <changedBy/>
        <dateChanged id="259">2011-06-02 12:10:30</dateChanged>
      </org.openmrs.ConceptDescription>
    </descriptions>
    <conceptMappings class="set" id="260">
      <org.openmrs.ConceptMap id="261" uuid="4d027652-883d-4736-b017-acabac9a911c">
        <conceptMapType reference="45"/>
        <creator/>
        <changedBy/>
        <dateCreated id="262">2011-06-02 12:10:30</dateCreated>
        <dateChanged id="263">2012-06-21 16:49:52</dateChanged>
        <conceptMapId>12658</conceptMapId>
        <concept class="org.openmrs.ConceptNumeric" reference="230"/>
        <conceptReferenceTerm id="264" resolves-to="org.openmrs.ConceptReferenceTerm" uuid="da13baf1-6d93-3e50-89c3-29b4081ad1d2">
          <creator/>
          <dateCreated id="266">2011-06-02 00:00:00</dateCreated>
          <retired>false</retired>
          <conceptReferenceTermId>12658</conceptReferenceTermId>
          <conceptSource reference="53"/>
          <code>RESPIRATORY RATE</code>
          <conceptReferenceTermMaps id="267"/>
        </conceptReferenceTerm>
      </org.openmrs.ConceptMap>
      <org.openmrs.ConceptMap id="268" uuid="75a7dbc4-4943-102e-96e9-000c29c2a5d7">
        <conceptMapType reference="45"/>
        <creator/>
        <changedBy/>
        <dateCreated id="269">2010-11-24 12:49:58</dateCreated>
        <dateChanged id="270">2012-06-21 16:49:52</dateChanged>
        <conceptMapId>10022</conceptMapId>
        <concept class="org.openmrs.ConceptNumeric" reference="230"/>
        <conceptReferenceTerm id="271" resolves-to="org.openmrs.ConceptReferenceTerm" uuid="9ce016e4-400c-30fb-a0b9-17d03e2e9304">
          <creator/>
          <dateCreated id="273">2010-11-24 00:00:00</dateCreated>
          <retired>false</retired>
          <conceptReferenceTermId>10022</conceptReferenceTermId>
          <conceptSource reference="63"/>
          <code>RESPIRATORY RATE</code>
          <conceptReferenceTermMaps id="274"/>
        </conceptReferenceTerm>
      </org.openmrs.ConceptMap>
      <org.openmrs.ConceptMap id="275" uuid="b2937dfc-4864-102e-96e9-000c29c2a5d7">
        <conceptMapType reference="45"/>
        <creator/>
        <changedBy/>
        <dateCreated id="276">2010-11-23 10:15:31</dateCreated>
        <dateChanged id="277">2012-06-21 16:49:52</dateChanged>
        <conceptMapId>4313</conceptMapId>
        <concept class="org.openmrs.ConceptNumeric" reference="230"/>
        <conceptReferenceTerm id="278" resolves-to="org.openmrs.ConceptReferenceTerm" uuid="01f21a7b-4fe4-3b75-b6ab-cfe3eff24658">
          <creator/>
          <dateCreated id="280">2010-11-23 00:00:00</dateCreated>
          <retired>false</retired>
          <conceptReferenceTermId>4313</conceptReferenceTermId>
          <conceptSource reference="63"/>
          <code>5242</code>
          <conceptReferenceTermMaps id="281"/>
        </conceptReferenceTerm>
      </org.openmrs.ConceptMap>
    </conceptMappings>
    <lowAbsolute>0.0</lowAbsolute>
    <units></units>
    <precise>false</precise>
  </org.openmrs.ConceptNumeric>
  <org.openmrs.ConceptNumeric id="282" uuid="3ce93824-26fe-102b-80cb-0017a47871b2">
    <conceptId>5087</conceptId>
    <retired>false</retired>
    <datatype reference="3"/>
    <conceptClass reference="6"/>
    <set>false</set>
    <creator/>
    <dateCreated id="283">2004-08-12 00:00:00</dateCreated>
    <changedBy/>
    <dateChanged id="284">2012-06-21 20:24:20</dateChanged>
    <names class="set" id="285">
      <org.openmrs.ConceptName id="286" uuid="94aa8330-07d4-102c-b5fa-0017a47871b2">
        <conceptNameId>7005</conceptNameId>
        <concept class="org.openmrs.ConceptNumeric" reference="282"/>
        <name>HEART RATE</name>
        <locale id="287">en</locale>
        <creator/>
        <dateCreated id="288">2004-10-07 00:00:00</dateCreated>
        <voided>false</voided>
        <tags class="set" id="289"/>
        <localePreferred>false</localePreferred>
      </org.openmrs.ConceptName>
      <org.openmrs.ConceptName id="290" uuid="0b856fae-15f5-102d-96e4-000c29c2a5d7">
        <conceptNameId>7068</conceptNameId>
        <concept class="org.openmrs.ConceptNumeric" reference="282"/>
        <name>HR</name>
        <locale id="291">en</locale>
        <creator/>
        <dateCreated id="292">2004-10-07 00:00:00</dateCreated>
        <voided>false</voided>
        <tags class="set" id="293"/>
        <localePreferred>false</localePreferred>
      </org.openmrs.ConceptName>
      <org.openmrs.ConceptName id="294" uuid="f7516fea-d5db-102d-ad2a-000c29c2a5d7">
        <conceptNameId>13618</conceptNameId>
        <concept class="org.openmrs.ConceptNumeric" reference="282"/>
        <name>POULS</name>
        <locale id="295">fr</locale>
        <creator/>
        <dateCreated id="296">2010-06-29 13:05:29</dateCreated>
        <voided>true</voided>
        <voidedBy/>
        <dateVoided id="297">2012-06-21 20:24:20</dateVoided>
        <voidReason>Removed from user interface</voidReason>
        <tags class="set" id="298"/>
        <localePreferred>true</localePreferred>
      </org.openmrs.ConceptName>
      <org.openmrs.ConceptName id="299" uuid="93bf6ca6-07d4-102c-b5fa-0017a47871b2">
        <conceptNameId>6168</conceptNameId>
        <concept class="org.openmrs.ConceptNumeric" reference="282"/>
        <name>HR</name>
        <locale id="300">en</locale>
        <creator/>
        <dateCreated id="301">2004-08-12 00:00:00</dateCreated>
        <voided>false</voided>
        <tags class="set" id="302"/>
        <conceptNameType>SHORT</conceptNameType>
        <localePreferred>false</localePreferred>
      </org.openmrs.ConceptName>
      <org.openmrs.ConceptName id="303" uuid="3e3b031a-26fe-102b-80cb-0017a47871b2">
        <conceptNameId>3452</conceptNameId>
        <concept class="org.openmrs.ConceptNumeric" reference="282"/>
        <name>PULSE</name>
        <locale id="304">en</locale>
        <creator/>
        <dateCreated id="305">2004-08-12 00:00:00</dateCreated>
        <voided>false</voided>
        <tags class="set" id="306"/>
        <conceptNameType>FULLY_SPECIFIED</conceptNameType>
        <localePreferred>true</localePreferred>
      </org.openmrs.ConceptName>
      <org.openmrs.ConceptName id="307" uuid="3e3b048c-26fe-102b-80cb-0017a47871b2">
        <conceptNameId>3453</conceptNameId>
        <concept class="org.openmrs.ConceptNumeric" reference="282"/>
        <name>POULS</name>
        <locale id="308">fr</locale>
        <creator/>
        <dateCreated id="309">2006-06-07 21:19:39</dateCreated>
        <voided>false</voided>
        <tags class="set" id="310"/>
        <conceptNameType>FULLY_SPECIFIED</conceptNameType>
        <localePreferred>true</localePreferred>
      </org.openmrs.ConceptName>
      <org.openmrs.ConceptName id="311" uuid="93bf70f2-07d4-102c-b5fa-0017a47871b2">
        <conceptNameId>6169</conceptNameId>
        <concept class="org.openmrs.ConceptNumeric" reference="282"/>
        <name>HR</name>
        <locale id="312">fr</locale>
        <creator/>
        <dateCreated id="313">2006-06-07 21:19:39</dateCreated>
        <voided>false</voided>
        <tags class="set" id="314"/>
        <conceptNameType>SHORT</conceptNameType>
        <localePreferred>false</localePreferred>
      </org.openmrs.ConceptName>
    </names>
    <answers class="set" id="315"/>
    <conceptSets class="set" id="316"/>
    <descriptions class="set" id="317">
      <org.openmrs.ConceptDescription id="318" uuid="ecf70480-07fe-102c-b5fa-0017a47871b2">
        <conceptDescriptionId>2888</conceptDescriptionId>
        <concept class="org.openmrs.ConceptNumeric" reference="282"/>
        <description>Patient pulse rate, as measured with a peripheral oximeter.</description>
        <locale id="319">en</locale>
        <creator/>
        <dateCreated id="320">2004-08-12 00:00:00</dateCreated>
        <changedBy/>
        <dateChanged id="321">2011-06-02 12:10:05</dateChanged>
      </org.openmrs.ConceptDescription>
      <org.openmrs.ConceptDescription id="322" uuid="ecf7078c-07fe-102c-b5fa-0017a47871b2">
        <conceptDescriptionId>2889</conceptDescriptionId>
        <concept class="org.openmrs.ConceptNumeric" reference="282"/>
        <description>Patient pulse rate, as measured with a peripheral oximeter or by palpation.</description>
        <locale id="323">fr</locale>
        <creator/>
        <dateCreated id="324">2006-06-07 21:19:39</dateCreated>
        <changedBy/>
        <dateChanged id="325">2011-06-02 12:10:05</dateChanged>
      </org.openmrs.ConceptDescription>
    </descriptions>
    <conceptMappings class="set" id="326">
      <org.openmrs.ConceptMap id="327" uuid="75a40d28-4943-102e-96e9-000c29c2a5d7">
        <conceptMapType reference="45"/>
        <creator/>
        <changedBy/>
        <dateCreated id="328">2010-11-24 12:49:58</dateCreated>
        <dateChanged id="329">2012-06-21 16:49:52</dateChanged>
        <conceptMapId>9899</conceptMapId>
        <concept class="org.openmrs.ConceptNumeric" reference="282"/>
        <conceptReferenceTerm id="330" resolves-to="org.openmrs.ConceptReferenceTerm" uuid="0c59f81d-8dfd-3f86-abff-9638f3759923">
          <creator/>
          <dateCreated id="332">2010-11-24 00:00:00</dateCreated>
          <retired>false</retired>
          <conceptReferenceTermId>9899</conceptReferenceTermId>
          <conceptSource reference="63"/>
          <code>PULSE</code>
          <conceptReferenceTermMaps id="333"/>
        </conceptReferenceTerm>
      </org.openmrs.ConceptMap>
      <org.openmrs.ConceptMap id="334" uuid="b2637c38-4864-102e-96e9-000c29c2a5d7">
        <conceptMapType reference="45"/>
        <creator/>
        <changedBy/>
        <dateCreated id="335">2010-11-23 10:15:31</dateCreated>
        <dateChanged id="336">2012-06-21 16:49:52</dateChanged>
        <conceptMapId>4158</conceptMapId>
        <concept class="org.openmrs.ConceptNumeric" reference="282"/>
        <conceptReferenceTerm id="337" resolves-to="org.openmrs.ConceptReferenceTerm" uuid="18a5ad54-5db3-3a51-b21c-ce9f834530b0">
          <creator/>
          <dateCreated id="339">2010-11-23 00:00:00</dateCreated>
          <retired>false</retired>
          <conceptReferenceTermId>4158</conceptReferenceTermId>
          <conceptSource reference="63"/>
          <code>5087</code>
          <conceptReferenceTermMaps id="340"/>
        </conceptReferenceTerm>
      </org.openmrs.ConceptMap>
      <org.openmrs.ConceptMap id="341" uuid="eabd335e-9615-46af-95ae-c42f0d901766">
        <conceptMapType reference="45"/>
        <creator/>
        <changedBy/>
        <dateCreated id="342">2011-06-02 12:10:05</dateCreated>
        <dateChanged id="343">2012-06-21 16:49:52</dateChanged>
        <conceptMapId>12657</conceptMapId>
        <concept class="org.openmrs.ConceptNumeric" reference="282"/>
        <conceptReferenceTerm id="344" resolves-to="org.openmrs.ConceptReferenceTerm" uuid="480fd9fe-25f7-3976-9eea-a0c4d9b8911c">
          <creator/>
          <dateCreated id="346">2011-06-02 00:00:00</dateCreated>
          <retired>false</retired>
          <conceptReferenceTermId>12657</conceptReferenceTermId>
          <conceptSource reference="53"/>
          <code>PULSE</code>
          <conceptReferenceTermMaps id="347"/>
        </conceptReferenceTerm>
      </org.openmrs.ConceptMap>
    </conceptMappings>
    <hiAbsolute>230.0</hiAbsolute>
    <lowAbsolute>30.0</lowAbsolute>
    <units>rate/min</units>
    <precise>false</precise>
  </org.openmrs.ConceptNumeric>
  <org.openmrs.ConceptNumeric id="348" uuid="3ce93694-26fe-102b-80cb-0017a47871b2">
    <conceptId>5086</conceptId>
    <retired>false</retired>
    <datatype reference="3"/>
    <conceptClass reference="6"/>
    <set>false</set>
    <version></version>
    <creator/>
    <dateCreated id="349">2004-08-12 00:00:00</dateCreated>
    <changedBy/>
    <dateChanged id="350">2011-03-21 14:58:18</dateChanged>
    <names class="set" id="351">
      <org.openmrs.ConceptName id="352" uuid="3e3b019e-26fe-102b-80cb-0017a47871b2">
        <conceptNameId>3451</conceptNameId>
        <concept class="org.openmrs.ConceptNumeric" reference="348"/>
        <name>DIASTOLIC BLOOD PRESSURE</name>
        <locale id="353">en</locale>
        <creator/>
        <dateCreated id="354">2004-08-12 00:00:00</dateCreated>
        <voided>false</voided>
        <tags class="set" id="355"/>
        <conceptNameType>FULLY_SPECIFIED</conceptNameType>
        <localePreferred>false</localePreferred>
      </org.openmrs.ConceptName>
      <org.openmrs.ConceptName id="356" uuid="93bf6864-07d4-102c-b5fa-0017a47871b2">
        <conceptNameId>6167</conceptNameId>
        <concept class="org.openmrs.ConceptNumeric" reference="348"/>
        <name>DBP</name>
        <locale id="357">en</locale>
        <creator/>
        <dateCreated id="358">2004-08-12 00:00:00</dateCreated>
        <voided>false</voided>
        <tags class="set" id="359"/>
        <conceptNameType>SHORT</conceptNameType>
        <localePreferred>false</localePreferred>
      </org.openmrs.ConceptName>
      <org.openmrs.ConceptName id="360" uuid="0b83161e-15f5-102d-96e4-000c29c2a5d7">
        <conceptNameId>6733</conceptNameId>
        <concept class="org.openmrs.ConceptNumeric" reference="348"/>
        <name>DBP</name>
        <locale id="361">en</locale>
        <creator/>
        <dateCreated id="362">2004-10-07 00:00:00</dateCreated>
        <voided>false</voided>
        <voidReason></voidReason>
        <tags class="set" id="363"/>
        <localePreferred>false</localePreferred>
      </org.openmrs.ConceptName>
      <org.openmrs.ConceptName id="364" uuid="93f4d328-07d4-102c-b5fa-0017a47871b2">
        <conceptNameId>6767</conceptNameId>
        <concept class="org.openmrs.ConceptNumeric" reference="348"/>
        <name>DIASTOLIC</name>
        <locale id="365">en</locale>
        <creator/>
        <dateCreated id="366">2004-10-07 00:00:00</dateCreated>
        <voided>false</voided>
        <voidReason></voidReason>
        <tags class="set" id="367"/>
        <localePreferred>false</localePreferred>
      </org.openmrs.ConceptName>
      <org.openmrs.ConceptName id="368" uuid="f75155fa-d5db-102d-ad2a-000c29c2a5d7">
        <conceptNameId>13617</conceptNameId>
        <concept class="org.openmrs.ConceptNumeric" reference="348"/>
        <name>PRESSION DIASTOLIQUE</name>
        <locale id="369">fr</locale>
        <creator/>
        <dateCreated id="370">2010-06-29 13:05:29</dateCreated>
        <voided>false</voided>
        <tags class="set" id="371"/>
        <localePreferred>true</localePreferred>
      </org.openmrs.ConceptName>
    </names>
    <answers class="set" id="372"/>
    <conceptSets class="set" id="373"/>
    <descriptions class="set" id="374">
      <org.openmrs.ConceptDescription id="375" uuid="ecf70250-07fe-102c-b5fa-0017a47871b2">
        <conceptDescriptionId>2887</conceptDescriptionId>
        <concept class="org.openmrs.ConceptNumeric" reference="348"/>
        <description>A patient&apos;s diastolic blood pressure measurement (taken with a manual cuff in either a sitting or standing position)</description>
        <locale id="376">en</locale>
        <creator/>
        <dateCreated id="377">2004-08-12 00:00:00</dateCreated>
        <changedBy/>
        <dateChanged id="378">2011-03-21 14:58:18</dateChanged>
      </org.openmrs.ConceptDescription>
    </descriptions>
    <conceptMappings class="set" id="379">
      <org.openmrs.ConceptMap id="380" uuid="b2637abc-4864-102e-96e9-000c29c2a5d7">
        <conceptMapType reference="45"/>
        <creator/>
        <changedBy/>
        <dateCreated id="381">2010-11-23 10:15:31</dateCreated>
        <dateChanged id="382">2012-06-21 16:49:52</dateChanged>
        <conceptMapId>4157</conceptMapId>
        <concept class="org.openmrs.ConceptNumeric" reference="348"/>
        <conceptReferenceTerm id="383" resolves-to="org.openmrs.ConceptReferenceTerm" uuid="6bb32e37-a6ff-36cd-b58c-0399778a9c1b">
          <creator/>
          <dateCreated id="385">2010-11-23 00:00:00</dateCreated>
          <retired>false</retired>
          <conceptReferenceTermId>4157</conceptReferenceTermId>
          <conceptSource reference="63"/>
          <code>5086</code>
          <conceptReferenceTermMaps id="386"/>
        </conceptReferenceTerm>
      </org.openmrs.ConceptMap>
      <org.openmrs.ConceptMap id="387" uuid="75a40bc0-4943-102e-96e9-000c29c2a5d7">
        <conceptMapType reference="45"/>
        <creator/>
        <changedBy/>
        <dateCreated id="388">2010-11-24 12:49:58</dateCreated>
        <dateChanged id="389">2012-06-21 16:49:52</dateChanged>
        <conceptMapId>9898</conceptMapId>
        <concept class="org.openmrs.ConceptNumeric" reference="348"/>
        <conceptReferenceTerm id="390" resolves-to="org.openmrs.ConceptReferenceTerm" uuid="2c8854a9-4c00-3ee6-874c-d32ac84294e7">
          <creator/>
          <dateCreated id="392">2010-11-24 00:00:00</dateCreated>
          <retired>false</retired>
          <conceptReferenceTermId>9898</conceptReferenceTermId>
          <conceptSource reference="63"/>
          <code>DIASTOLIC BLOOD PRESSURE</code>
          <conceptReferenceTermMaps id="393"/>
        </conceptReferenceTerm>
      </org.openmrs.ConceptMap>
    </conceptMappings>
    <hiAbsolute>150.0</hiAbsolute>
    <lowAbsolute>30.0</lowAbsolute>
    <units>mmHg</units>
    <precise>false</precise>
  </org.openmrs.ConceptNumeric>
</list>
