<?xml version="1.0" encoding="UTF-8"?>
<package id="1" uuid="7b85bca3-95bb-4264-bbce-f4080db6799a">
  <dateCreated id="2">2012-10-01 14:00:56</dateCreated>
  <name>PACS Integration</name>
  <description>Metadata required for handling radiology and integration with the McKesson PACS system </description>
  <openmrsVersion>1.9.2 SNAPSHOT Build 29053</openmrsVersion>
  <version>1</version>
  <groupUuid>be592ba7-1fa2-4a71-a147-3c828e67e901</groupUuid>
  <modules id="3">
    <entry>
      <string>uilibrary</string>
      <string>1.4-SNAPSHOT</string>
    </entry>
    <entry>
      <string>uiframework</string>
      <string>1.7</string>
    </entry>
    <entry>
      <string>validation</string>
      <string>1.0.1</string>
    </entry>
    <entry>
      <string>htmlformentry</string>
      <string>1.10.0</string>
    </entry>
    <entry>
      <string>metadatasharing</string>
      <string>1.1-SNAPSHOT</string>
    </entry>
    <entry>
      <string>logic</string>
      <string>0.5.2</string>
    </entry>
    <entry>
      <string>serialization.xstream</string>
      <string>0.2.7</string>
    </entry>
  </modules>
  <items class="linked-hash-set" id="4">
    <org.openmrs.module.metadatasharing.Item id="5" uuid="13116a48-15f5-102d-96e4-000c29c2a5d7">
      <id>3</id>
      <classname>org.openmrs.OrderType</classname>
      <dateChanged id="6">2005-08-08 07:07:53</dateChanged>
      <retired>false</retired>
    </org.openmrs.module.metadatasharing.Item>
  </items>
  <relatedItems class="linked-hash-set" id="7"/>
</package>
